n,date,time,temp,hum,dewp
1,23.11.2020,13:49:01,18,46.6,6.4
2,23.11.2020,14:49:01,18.1,46.2,6.3
3,23.11.2020,15:49:01,15.3,50.2,5
4,23.11.2020,16:49:01,14.1,52.6,4.5
5,23.11.2020,17:49:01,13.5,52.4,3.9
6,23.11.2020,18:49:01,13.1,53.2,3.8
7,23.11.2020,19:49:01,12.9,54,3.8
8,23.11.2020,20:49:01,12.7,52.9,3.3
9,23.11.2020,21:49:01,12.6,53.3,3.3
10,23.11.2020,22:49:01,12.5,52.8,3.1
11,23.11.2020,23:49:01,12.4,53.7,3.2
12,24.11.2020,0:49:01,12.4,54.2,3.4
13,24.11.2020,1:49:01,12.4,54.7,3.5
14,24.11.2020,2:49:01,12.4,54.3,3.4
15,24.11.2020,3:49:01,12.4,54.5,3.4
16,24.11.2020,4:49:01,12.4,54.4,3.4
17,24.11.2020,5:49:01,12.3,54,3.2
18,24.11.2020,6:49:01,12.3,54.8,3.4
19,24.11.2020,7:49:01,12.2,54.5,3.3
20,24.11.2020,8:49:01,12.3,54.7,3.4
21,24.11.2020,9:49:01,12.3,55.7,3.7
22,24.11.2020,10:49:01,16.1,47.5,4.9
23,24.11.2020,11:49:01,17.4,49.1,6.6
24,24.11.2020,12:49:01,18.2,45.5,6.2
25,24.11.2020,13:49:01,18.6,43.4,5.9
26,24.11.2020,14:49:01,18.8,42.5,5.8
27,24.11.2020,15:49:01,16.1,47.5,4.9
28,24.11.2020,16:49:01,14.7,51,4.6
29,24.11.2020,17:49:01,14,52.6,4.4
30,24.11.2020,18:49:01,13.6,53.4,4.3
31,24.11.2020,19:49:01,13.2,52.7,3.7
32,24.11.2020,20:49:01,13,52.1,3.4
33,24.11.2020,21:49:01,12.8,52.1,3.2
34,24.11.2020,22:49:01,12.6,52.4,3.1
35,24.11.2020,23:49:01,12.5,53.2,3.2
36,25.11.2020,0:49:01,12.4,53.2,3.1
37,25.11.2020,1:49:01,12.4,53.4,3.2
38,25.11.2020,2:49:01,12.4,52.5,2.9
39,25.11.2020,3:49:01,12.3,53.1,3
40,25.11.2020,4:49:01,12.2,52.7,2.8
41,25.11.2020,5:49:01,12.1,53.3,2.9
42,25.11.2020,6:49:01,12.1,53.9,3
43,25.11.2020,7:49:01,12,54.1,3
44,25.11.2020,8:49:01,12,54.6,3.1
45,25.11.2020,9:49:01,12,54.6,3.1
46,25.11.2020,10:49:01,15.8,47.1,4.5
47,25.11.2020,11:49:01,16.3,63.9,9.4
48,25.11.2020,12:49:01,17.3,52.4,7.4
49,25.11.2020,13:49:01,17.9,48,6.7
50,25.11.2020,14:49:01,18.2,45.6,6.2
51,25.11.2020,15:49:01,15.4,48.5,4.6
52,25.11.2020,16:49:01,14,52.9,4.5
53,25.11.2020,17:49:01,13.3,54.8,4.4
54,25.11.2020,18:49:01,13,56.4,4.5
55,25.11.2020,19:49:01,12.8,58.1,4.7
56,25.11.2020,20:49:01,12.6,56.8,4.2
57,25.11.2020,21:49:01,12.4,56.5,4
58,25.11.2020,22:49:01,12.3,56.8,3.9
59,25.11.2020,23:49:01,12.2,56.3,3.7
60,26.11.2020,0:49:01,12.1,56.1,3.6
61,26.11.2020,1:49:01,12.1,54.6,3.2
62,26.11.2020,2:49:01,12,54.8,3.1
63,26.11.2020,3:49:01,12,54.3,3
64,26.11.2020,4:49:01,11.8,52.5,2.4
65,26.11.2020,5:49:01,11.7,52,2.1
66,26.11.2020,6:49:01,11.6,50.4,1.6
67,26.11.2020,7:49:01,11.5,50.6,1.6
68,26.11.2020,8:49:01,11.4,49.6,1.2
69,26.11.2020,9:49:01,11.5,47.1,0.6
70,26.11.2020,10:49:01,15,42.6,2.4
71,26.11.2020,11:49:01,15.6,43.8,3.3
72,26.11.2020,12:49:01,17,39.7,3.2
73,26.11.2020,13:49:01,17.7,39.1,3.6
74,26.11.2020,14:49:01,18,39.7,4.1
75,26.11.2020,15:49:01,15.3,43.7,3
76,26.11.2020,16:49:01,13.9,48,3
77,26.11.2020,17:49:01,13.3,50.6,3.2
78,26.11.2020,18:49:01,12.9,50.1,2.7
79,26.11.2020,19:49:01,12.7,51.1,2.8
80,26.11.2020,20:49:01,12.6,51.7,2.9
81,26.11.2020,21:49:01,12.5,52.2,2.9
82,26.11.2020,22:49:01,12.5,53.1,3.2
83,26.11.2020,23:49:01,12.5,53.4,3.2
84,27.11.2020,0:49:01,12.5,53.2,3.2
85,27.11.2020,1:49:01,12.6,53.5,3.4
86,27.11.2020,2:49:01,12.6,53.4,3.3
87,27.11.2020,3:49:01,12.6,53.6,3.4
88,27.11.2020,4:49:01,12.6,52.9,3.2
89,27.11.2020,5:49:01,12.5,52.9,3.1
90,27.11.2020,6:49:01,12.5,52.8,3.1
91,27.11.2020,7:49:01,12.5,51.8,2.8
92,27.11.2020,8:49:01,12.4,52.1,2.8
93,27.11.2020,9:49:01,12.4,51.9,2.8
94,27.11.2020,10:49:01,15.8,45.1,3.9
95,27.11.2020,11:49:01,17.6,42.7,4.7
96,27.11.2020,12:49:01,18.4,41.2,4.9
97,27.11.2020,13:49:01,18.6,40.6,4.9
98,27.11.2020,14:49:01,18.9,40.1,5
99,27.11.2020,15:49:01,16.3,45,4.3
100,27.11.2020,16:49:01,14.8,48.4,4
101,27.11.2020,17:49:01,14.1,49.1,3.5
102,27.11.2020,18:49:01,13.6,49.4,3.2
103,27.11.2020,19:49:01,13.4,49.8,3.1
104,27.11.2020,20:49:01,13.1,49.5,2.7
105,27.11.2020,21:49:01,12.9,49.6,2.6
106,27.11.2020,22:49:01,12.8,50.2,2.7
107,27.11.2020,23:49:01,12.7,50.2,2.6
108,28.11.2020,0:49:01,12.6,50.4,2.5
109,28.11.2020,1:49:01,12.7,50.4,2.6
110,28.11.2020,2:49:01,12.6,50.2,2.5
111,28.11.2020,3:49:01,12.6,50.5,2.6
112,28.11.2020,4:49:01,12.5,50.8,2.5
113,28.11.2020,5:49:01,12.5,51.3,2.7
114,28.11.2020,6:49:01,12.4,51.5,2.6
115,28.11.2020,7:49:01,12.4,51.6,2.7
116,28.11.2020,8:49:01,12.4,52.1,2.8
117,28.11.2020,9:49:01,12.4,52.1,2.8
118,28.11.2020,10:49:01,15.8,46.3,4.3
119,28.11.2020,11:49:01,17.3,43,4.6
120,28.11.2020,12:49:01,18.1,41.5,4.8
121,28.11.2020,13:49:01,18.5,41.1,5
122,28.11.2020,14:49:01,19,40.1,5.1
123,28.11.2020,15:49:01,16.3,44.8,4.2
124,28.11.2020,16:49:01,14.9,48.4,4.1
125,28.11.2020,17:49:01,14.2,50.1,3.9
126,28.11.2020,18:49:01,13.8,50.9,3.8
127,28.11.2020,19:49:01,13.5,51.1,3.6
128,28.11.2020,20:49:01,13.4,51.1,3.5
129,28.11.2020,21:49:01,13.2,51.8,3.5
130,28.11.2020,22:49:01,13,51.5,3.2
131,28.11.2020,23:49:01,12.9,51.7,3.2
132,29.11.2020,0:49:01,12.9,51.2,3
133,29.11.2020,1:49:01,13,51.1,3.1
134,29.11.2020,2:49:01,12.9,51,3
135,29.11.2020,3:49:01,12.9,50.8,2.9
136,29.11.2020,4:49:01,12.8,50.6,2.8
137,29.11.2020,5:49:01,12.7,51,2.8
138,29.11.2020,6:49:01,12.7,50.9,2.8
139,29.11.2020,7:49:01,12.7,51.4,2.9
140,29.11.2020,8:49:01,12.7,51.6,3
141,29.11.2020,9:49:01,12.8,51.8,3.1
142,29.11.2020,10:49:01,16.1,45.9,4.4
143,29.11.2020,11:49:01,17.9,41.7,4.7
144,29.11.2020,12:49:01,17.9,67,11.6
145,29.11.2020,13:49:01,18.1,54.7,8.8
146,29.11.2020,14:49:01,18.7,44.6,6.4
147,29.11.2020,15:49:01,16.1,48.5,5.2
148,29.11.2020,16:49:01,14.7,50.9,4.6
149,29.11.2020,17:49:01,14.1,52.2,4.4
150,29.11.2020,18:49:01,13.8,53.1,4.4
151,29.11.2020,19:49:01,13.6,54.5,4.6
152,29.11.2020,20:49:01,13.5,54.7,4.5
153,29.11.2020,21:49:01,13.4,54.9,4.5
154,29.11.2020,22:49:01,13.4,55.2,4.6
155,29.11.2020,23:49:01,13.3,55.7,4.6
156,30.11.2020,0:49:01,13.3,54.9,4.4
157,30.11.2020,1:49:01,13.3,53.4,4
158,30.11.2020,2:49:01,13.2,53.4,3.9
159,30.11.2020,3:49:01,13.1,52.4,3.5
160,30.11.2020,4:49:01,13,52.1,3.4
161,30.11.2020,5:49:01,12.9,52.1,3.3
162,30.11.2020,6:49:01,12.7,51.4,2.9
163,30.11.2020,7:49:01,12.6,51.2,2.7
164,30.11.2020,8:49:01,12.6,51.1,2.7
165,30.11.2020,9:49:01,12.6,51.1,2.7
166,30.11.2020,10:49:01,15.8,44.8,3.8
167,30.11.2020,11:49:01,17.3,44.6,5.1
168,30.11.2020,12:49:01,17.9,42.1,4.8
169,30.11.2020,13:49:01,15.4,46.9,4.1
170,30.11.2020,14:49:01,14.2,49.8,3.8
171,30.11.2020,15:49:01,13.6,50.9,3.6
172,30.11.2020,16:49:01,13.2,51.1,3.3
173,30.11.2020,17:49:01,13.1,50.8,3.1
174,30.11.2020,18:49:01,12.8,51,2.9
175,30.11.2020,19:49:01,12.6,50.9,2.7
176,30.11.2020,20:49:01,12.5,50.8,2.5
177,30.11.2020,21:49:01,12.4,50.6,2.4
178,30.11.2020,22:49:01,12.3,51.1,2.4
179,30.11.2020,23:49:01,12.2,51.1,2.4
180,01.12.2020,0:49:01,12.2,51.3,2.4
181,01.12.2020,1:49:01,12.2,51.1,2.4
182,01.12.2020,2:49:01,12.1,51.3,2.3
183,01.12.2020,3:49:01,12.1,51.9,2.5
184,01.12.2020,4:49:01,12,51.9,2.4
185,01.12.2020,5:49:01,12,51.2,2.2
186,01.12.2020,6:49:01,11.9,51.4,2.2
187,01.12.2020,7:49:01,11.8,49.8,1.6
188,01.12.2020,8:49:01,11.7,50.2,1.6
189,01.12.2020,9:49:01,11.7,50.2,1.6
190,01.12.2020,10:49:01,15,43,2.5
191,01.12.2020,11:49:01,16.4,39.2,2.4
192,01.12.2020,12:49:01,16.4,44,4.1
193,01.12.2020,13:49:01,15.3,53.9,6
194,01.12.2020,14:49:01,13.2,55.3,4.4
195,01.12.2020,15:49:01,12.4,55.6,3.7
196,01.12.2020,16:49:01,12,53.7,2.9
197,01.12.2020,17:49:01,11.7,53.4,2.5
198,01.12.2020,18:49:01,11.5,54.2,2.5
199,01.12.2020,19:49:01,11.3,53.8,2.2
200,01.12.2020,20:49:01,11.2,52.4,1.8
201,01.12.2020,21:49:01,11.1,52,1.6
202,01.12.2020,22:49:01,11.1,52.2,1.6
203,01.12.2020,23:49:01,11,52.3,1.6
204,02.12.2020,0:49:01,11,51.9,1.5
205,02.12.2020,1:49:01,11,50.9,1.2
206,02.12.2020,2:49:01,11,49.7,0.9
207,02.12.2020,3:49:01,10.9,50.3,0.9
208,02.12.2020,4:49:01,10.9,50.1,0.9
209,02.12.2020,5:49:01,10.8,49.3,0.6
210,02.12.2020,6:49:01,11.1,49.7,1
211,02.12.2020,7:49:01,11,50.8,1.2
212,02.12.2020,8:49:01,11,49,0.7
213,02.12.2020,9:49:01,11.2,49.6,1
214,02.12.2020,10:49:01,13.3,44.4,1.4
215,02.12.2020,11:49:01,15.4,39.2,1.6
216,02.12.2020,12:49:01,16.3,37.3,1.7
217,02.12.2020,13:49:01,14.9,46.6,3.5
218,02.12.2020,14:49:01,12.8,49.4,2.4
219,02.12.2020,15:49:01,12.2,50.7,2.2
220,02.12.2020,16:49:01,11.5,48.9,1.1
221,02.12.2020,17:49:01,11.1,48.2,0.5
222,02.12.2020,18:49:01,11.1,49.7,1
223,02.12.2020,19:49:01,11,48.7,0.6
224,02.12.2020,20:49:01,11.2,49.4,1
225,02.12.2020,21:49:01,11.2,50.1,1.2
226,02.12.2020,22:49:01,11,46.3,0
227,02.12.2020,23:49:01,11.2,51.1,1.4
228,03.12.2020,0:49:01,11.1,46.5,0
229,03.12.2020,1:49:01,10.8,47.3,0
230,03.12.2020,2:49:01,11.1,51.5,1.4
231,03.12.2020,3:49:01,11.1,45.8,-0.1
232,03.12.2020,4:49:01,11.1,48.9,0.7
233,03.12.2020,5:49:01,11.2,47.6,0.4
234,03.12.2020,6:49:01,11.2,47.4,0.4
235,03.12.2020,7:49:01,11.1,44.2,-0.6
236,03.12.2020,8:49:01,11.2,47.9,0.5
237,03.12.2020,9:49:01,11.2,46.3,0.1
238,03.12.2020,10:49:01,13.3,40.2,0
239,03.12.2020,11:49:01,15.3,35.2,0
240,03.12.2020,12:49:01,16,34.4,0.3
241,03.12.2020,13:49:01,14.4,36.7,-0.1
242,03.12.2020,14:49:01,12.4,38.9,-1.1
243,03.12.2020,15:49:01,11.5,40.7,-1.3
244,03.12.2020,16:49:01,11.5,42.2,-0.8
245,03.12.2020,17:49:01,11.2,42.5,-1
246,03.12.2020,18:49:01,11.3,42.3,-1
247,03.12.2020,19:49:01,11.4,41.7,-1.1
248,03.12.2020,20:49:01,11.3,42,-1.1
249,03.12.2020,21:49:01,11.2,41.8,-1.2
250,03.12.2020,22:49:01,11.3,44,-0.4
251,03.12.2020,23:49:01,11.4,43.3,-0.6
252,04.12.2020,0:49:01,11.2,43.5,-0.7
253,04.12.2020,1:49:01,11,44.8,-0.5
254,04.12.2020,2:49:01,11.1,45.6,-0.1
255,04.12.2020,3:49:01,11.2,45,-0.2
256,04.12.2020,4:49:01,11.3,44.1,-0.4
257,04.12.2020,5:49:01,11.1,42.3,-1.2
258,04.12.2020,6:49:01,11.3,44.3,-0.4
259,04.12.2020,7:49:01,11.3,44.1,-0.4
260,04.12.2020,8:49:01,11.2,42.4,-1
261,04.12.2020,9:49:01,11.1,43,-0.9
262,04.12.2020,10:49:01,13.4,39.3,-0.1
263,04.12.2020,11:49:01,15.7,56.8,7.1
264,04.12.2020,12:49:01,15.9,47.4,4.7
265,04.12.2020,13:49:01,14.3,45.9,2.8
266,04.12.2020,14:49:01,12.5,47.9,1.7
267,04.12.2020,15:49:01,11.8,47.1,0.8
268,04.12.2020,16:49:01,11.4,46.1,0.2
269,04.12.2020,17:49:01,11.2,45.7,0
270,04.12.2020,18:49:01,11.3,45.3,0
271,04.12.2020,19:49:01,11.3,45.8,0
272,04.12.2020,20:49:01,11.4,45.1,0
273,04.12.2020,21:49:01,11.3,44.7,-0.2
274,04.12.2020,22:49:01,11.3,44,-0.4
275,04.12.2020,23:49:01,11.2,44.7,-0.3
276,05.12.2020,0:49:01,11.2,43.5,-0.7
277,05.12.2020,1:49:01,10.8,44.1,-0.9
278,05.12.2020,2:49:01,11.2,45.3,-0.1
279,05.12.2020,3:49:01,11.2,43.9,-0.6
280,05.12.2020,4:49:01,11.1,42.8,-1
281,05.12.2020,5:49:01,11.3,46.9,0.3
282,05.12.2020,6:49:01,11.2,42.2,-1.1
283,05.12.2020,7:49:01,11.3,43.8,-0.5
284,05.12.2020,8:49:01,11.3,41.2,-1.3
285,05.12.2020,9:49:01,11.2,42.1,-1.1
286,05.12.2020,10:49:01,13.1,37.6,-1
287,05.12.2020,11:49:01,15.3,33.1,-0.8
288,05.12.2020,12:49:01,15.6,46.1,4
289,05.12.2020,13:49:01,14.3,40.3,1
290,05.12.2020,14:49:01,12.4,40.4,-0.6
291,05.12.2020,15:49:01,11.7,39.1,-1.7
292,05.12.2020,16:49:01,11.3,38.5,-2.3
293,05.12.2020,17:49:01,11.4,37.9,-2.4
294,05.12.2020,18:49:01,11.3,37.9,-2.5
295,05.12.2020,19:49:01,11.3,38.3,-2.3
296,05.12.2020,20:49:01,11.4,37.4,-2.6
297,05.12.2020,21:49:01,11.2,36.8,-3
298,05.12.2020,22:49:01,11.4,38.3,-2.2
299,05.12.2020,23:49:01,11.2,36.2,-3.2
300,06.12.2020,0:49:01,11.4,36.7,-2.8
301,06.12.2020,1:49:01,11.2,35.5,-3.4
302,06.12.2020,2:49:01,11.1,35.6,-3.5
303,06.12.2020,3:49:01,11.1,37.5,-2.8
304,06.12.2020,4:49:01,11.1,34.9,-3.7
305,06.12.2020,5:49:01,11.2,37.6,-2.7
306,06.12.2020,6:49:01,11.1,35.9,-3.4
307,06.12.2020,7:49:01,11.2,35.3,-3.5
308,06.12.2020,8:49:01,11.2,36.2,-3.2
309,06.12.2020,9:49:01,11.2,33.9,-4
310,06.12.2020,10:49:01,13.2,32.4,-2.9
311,06.12.2020,11:49:01,15.5,28.5,-2.6
312,06.12.2020,12:49:01,16.3,27.4,-2.5
313,06.12.2020,13:49:01,14.9,28.3,-3.2
314,06.12.2020,14:49:01,12.2,54.1,3.2
315,06.12.2020,15:49:01,11.6,44.6,0
316,06.12.2020,16:49:01,11.2,38.3,-2.4
317,06.12.2020,17:49:01,11.3,39.2,-2
318,06.12.2020,18:49:01,11.3,37.4,-2.6
319,06.12.2020,19:49:01,11.3,36.6,-2.9
320,06.12.2020,20:49:01,11.2,35.2,-3.5
321,06.12.2020,21:49:01,11.4,38.5,-2.2
322,06.12.2020,22:49:01,11.3,36.3,-3
323,06.12.2020,23:49:01,11.3,36.5,-3
324,07.12.2020,0:49:01,11.3,34.6,-3.7
325,07.12.2020,1:49:01,11,37.9,-2.7
326,07.12.2020,2:49:01,11.2,35.8,-3.3
327,07.12.2020,3:49:01,11.1,37,-3
328,07.12.2020,4:49:01,11.3,36,-3.2
329,07.12.2020,5:49:01,11.1,35.8,-3.4
330,07.12.2020,6:49:01,11.4,35.8,-3.1
331,07.12.2020,7:49:01,11.2,35.9,-3.3
332,07.12.2020,8:49:01,11.3,35.1,-3.5
333,07.12.2020,9:49:01,11.3,36.1,-3.1
334,07.12.2020,10:49:01,13.2,32.7,-2.8
335,07.12.2020,11:49:01,15,29.5,-2.6
336,07.12.2020,12:49:01,15.9,28.9,-2.1
337,07.12.2020,13:49:01,14.3,29.7,-3.1
338,07.12.2020,14:49:01,12.3,32.6,-3.6
339,07.12.2020,15:49:01,11.5,33.4,-4
340,07.12.2020,16:49:01,11.5,34.2,-3.7
341,07.12.2020,17:49:01,11.5,34.5,-3.5
342,07.12.2020,18:49:01,11.4,33.2,-4.1
343,07.12.2020,19:49:01,11.3,33.5,-4.1
344,07.12.2020,20:49:01,11.4,34,-3.8
345,07.12.2020,21:49:01,11.3,34.3,-3.8
346,07.12.2020,22:49:01,11.5,34.4,-3.6
347,07.12.2020,23:49:01,11.3,34.5,-3.7
348,08.12.2020,0:49:01,11.5,34.5,-3.5
349,08.12.2020,1:49:01,11.2,34.2,-3.9
350,08.12.2020,2:49:01,11.3,36,-3.2
351,08.12.2020,3:49:01,11.3,34.3,-3.8
352,08.12.2020,4:49:01,11.4,35,-3.4
353,08.12.2020,5:49:01,11.3,32.7,-4.4
354,08.12.2020,6:49:01,11.4,34.5,-3.6
355,08.12.2020,7:49:01,11.3,34.3,-3.8
356,08.12.2020,8:49:01,11.5,33.7,-3.9
357,08.12.2020,9:49:01,11.2,34.2,-3.9
358,08.12.2020,10:49:01,13.3,31.8,-3.1
359,08.12.2020,11:49:01,14.9,43.7,2.6
360,08.12.2020,12:49:01,15.5,33.9,-0.3
361,08.12.2020,13:49:01,14,32.7,-2.1
362,08.12.2020,14:49:01,12,33.5,-3.5
363,08.12.2020,15:49:01,11.3,34,-3.9
364,08.12.2020,16:49:01,11.3,33.6,-4.1
365,08.12.2020,17:49:01,11.3,33.6,-4.1
366,08.12.2020,18:49:01,11.2,33.3,-4.3
367,08.12.2020,19:49:01,11.4,34,-3.8
368,08.12.2020,20:49:01,11.3,32.1,-4.7
369,08.12.2020,21:49:01,11.4,34,-3.8
370,08.12.2020,22:49:01,11.3,32.1,-4.7
371,08.12.2020,23:49:01,11.4,33.4,-4.1
372,09.12.2020,0:49:01,11.3,33.1,-4.3
373,09.12.2020,1:49:01,11.3,34.3,-3.8
374,09.12.2020,2:49:01,11.3,33.5,-4.1
375,09.12.2020,3:49:01,11.3,33.9,-4
376,09.12.2020,4:49:01,11.4,33.1,-4.2
377,09.12.2020,5:49:01,11.4,33,-4.2
378,09.12.2020,6:49:01,11.4,32.8,-4.3
379,09.12.2020,7:49:01,11.4,33.3,-4.1
380,09.12.2020,8:49:01,11.4,31.4,-4.9
381,09.12.2020,9:49:01,11.4,32.3,-4.5
382,09.12.2020,10:49:01,13.2,30.6,-3.7
383,09.12.2020,11:49:01,15.4,31.3,-1.4
384,09.12.2020,12:49:01,15.1,46.8,3.8
385,09.12.2020,13:49:01,13.1,47.5,2.2
386,09.12.2020,14:49:01,11.7,48.2,1.1
387,09.12.2020,15:49:01,11.1,46.5,0
388,09.12.2020,16:49:01,11.1,43.7,-0.7
389,09.12.2020,17:49:01,10.9,42.4,-1.3
390,09.12.2020,18:49:01,11.1,43.3,-0.8
391,09.12.2020,19:49:01,11.2,40.1,-1.8
392,09.12.2020,20:49:01,11.1,39.7,-2
393,09.12.2020,21:49:01,11.3,39.5,-1.9
394,09.12.2020,22:49:01,11.1,36.9,-3
395,09.12.2020,23:49:01,11.3,39.6,-1.9
396,10.12.2020,0:49:01,11.2,36.9,-2.9
397,10.12.2020,1:49:01,11.2,38.2,-2.5
398,10.12.2020,2:49:01,11.2,35.1,-3.6
399,10.12.2020,3:49:01,11.3,35.9,-3.2
400,10.12.2020,4:49:01,11.2,33.4,-4.2
401,10.12.2020,5:49:01,11.3,34.6,-3.7
402,10.12.2020,6:49:01,11.2,33.5,-4.2
403,10.12.2020,7:49:01,11.3,34.5,-3.7
404,10.12.2020,8:49:01,11.2,33.8,-4.1
405,10.12.2020,9:49:01,11.2,32.7,-4.5
406,10.12.2020,10:49:01,13.2,31.8,-3.1
407,10.12.2020,11:49:01,15.1,28.4,-3
408,10.12.2020,12:49:01,15.7,27.8,-2.8
409,10.12.2020,13:49:01,13.4,29.9,-3.8
410,10.12.2020,14:49:01,11.7,31.5,-4.6
411,10.12.2020,15:49:01,11.5,31.9,-4.6
412,10.12.2020,16:49:01,11.3,31.6,-4.9
413,10.12.2020,17:49:01,11.3,31.8,-4.8
414,10.12.2020,18:49:01,11.4,32.1,-4.6
415,10.12.2020,19:49:01,11.3,31,-5.1
416,10.12.2020,20:49:01,11.4,31.2,-5
417,10.12.2020,21:49:01,11.3,30.6,-5.3
418,10.12.2020,22:49:01,11.4,31.8,-4.7
419,10.12.2020,23:49:01,11.3,30.3,-5.4
420,11.12.2020,0:49:01,11.5,32.3,-4.4
421,11.12.2020,1:49:01,11.3,30.6,-5.3
422,11.12.2020,2:49:01,11.4,31.2,-5
423,11.12.2020,3:49:01,11.3,30.8,-5.2
424,11.12.2020,4:49:01,11.5,32.8,-4.2
425,11.12.2020,5:49:01,11.3,31.5,-4.9
426,11.12.2020,6:49:01,11.4,32.4,-4.5
427,11.12.2020,7:49:01,11.3,30.9,-5.2
428,11.12.2020,8:49:01,11.4,32.1,-4.6
429,11.12.2020,9:49:01,11.3,31.9,-4.8
430,11.12.2020,10:49:01,13.4,30.9,-3.4
431,11.12.2020,11:49:01,15.5,28.1,-2.8
432,11.12.2020,12:49:01,16.4,29,-1.6
433,11.12.2020,13:49:01,13.5,46,2.1
434,11.12.2020,14:49:01,11.8,46.3,0.6
435,11.12.2020,15:49:01,11,44.6,-0.5
436,11.12.2020,16:49:01,11.1,42.3,-1.2
437,11.12.2020,17:49:01,10.9,37.7,-2.9
438,11.12.2020,18:49:01,11.2,43.7,-0.6
439,11.12.2020,19:49:01,11.1,35.2,-3.6
440,11.12.2020,20:49:01,11.2,40.3,-1.7
441,11.12.2020,21:49:01,11.1,36.6,-3.1
442,11.12.2020,22:49:01,11.3,39,-2.1
443,11.12.2020,23:49:01,11.2,36.7,-3
444,12.12.2020,0:49:01,11.3,37.5,-2.6
445,12.12.2020,1:49:01,11.2,36,-3.2
446,12.12.2020,2:49:01,11.4,36.2,-3
447,12.12.2020,3:49:01,11.3,36.8,-2.9
448,12.12.2020,4:49:01,11.3,36.2,-3.1
449,12.12.2020,5:49:01,11.2,35.7,-3.4
450,12.12.2020,6:49:01,11.4,34.9,-3.5
451,12.12.2020,7:49:01,11.3,34.9,-3.6
452,12.12.2020,8:49:01,11.4,34.6,-3.6
453,12.12.2020,9:49:01,11.4,36,-3.1
454,12.12.2020,10:49:01,13.4,32.6,-2.6
455,12.12.2020,11:49:01,15,29.8,-2.5
456,12.12.2020,12:49:01,15.5,48.5,4.6
457,12.12.2020,13:49:01,12.9,45.4,1.3
458,12.12.2020,14:49:01,11.4,45.1,0
459,12.12.2020,15:49:01,11.3,42.3,-1
460,12.12.2020,16:49:01,11.1,38.5,-2.4
461,12.12.2020,17:49:01,11.2,39.6,-2
462,12.12.2020,18:49:01,11.3,39.3,-2
463,12.12.2020,19:49:01,11.3,38.9,-2.1
464,12.12.2020,20:49:01,11.3,37.6,-2.6
465,12.12.2020,21:49:01,11.3,37.4,-2.6
466,12.12.2020,22:49:01,11.3,36.6,-2.9
467,12.12.2020,23:49:01,11.3,37,-2.8
468,13.12.2020,0:49:01,11.3,37.5,-2.6
469,13.12.2020,1:49:01,11.3,38.3,-2.3
470,13.12.2020,2:49:01,11.3,37.8,-2.5
471,13.12.2020,3:49:01,11.2,38,-2.5
472,13.12.2020,4:49:01,11.3,38.3,-2.3
473,13.12.2020,5:49:01,11.2,36.2,-3.2
474,13.12.2020,6:49:01,11.3,38.4,-2.3
475,13.12.2020,7:49:01,11.2,36.5,-3.1
476,13.12.2020,8:49:01,11.3,37.7,-2.5
477,13.12.2020,9:49:01,11.3,37.2,-2.7
478,13.12.2020,10:49:01,13.1,35.2,-1.9
479,13.12.2020,11:49:01,15.2,31.4,-1.6
480,13.12.2020,12:49:01,15.9,30.6,-1.3
481,13.12.2020,13:49:01,13.6,33.8,-2
482,13.12.2020,14:49:01,12.1,36.2,-2.4
483,13.12.2020,15:49:01,11.5,37.9,-2.3
484,13.12.2020,16:49:01,11.4,36.7,-2.8
485,13.12.2020,17:49:01,11.4,36.7,-2.8
486,13.12.2020,18:49:01,11.6,36.2,-2.8
487,13.12.2020,19:49:01,11.6,35.9,-2.9
488,13.12.2020,20:49:01,11.5,35.7,-3.1
489,13.12.2020,21:49:01,11.6,36.3,-2.8
490,13.12.2020,22:49:01,11.5,35,-3.4
491,13.12.2020,23:49:01,11.6,37.3,-2.4
492,14.12.2020,0:49:01,11.5,36.7,-2.7
493,14.12.2020,1:49:01,11.5,37.6,-2.4
494,14.12.2020,2:49:01,11.6,36.9,-2.6
495,14.12.2020,3:49:01,11.5,36.1,-2.9
496,14.12.2020,4:49:01,11.6,37.5,-2.3
497,14.12.2020,5:49:01,11.5,35.2,-3.3
498,14.12.2020,6:49:01,11.6,36.8,-2.6
499,14.12.2020,7:49:01,11.5,35.7,-3.1
500,14.12.2020,8:49:01,11.6,36,-2.9
501,14.12.2020,9:49:01,11.5,36.3,-2.9
502,14.12.2020,10:49:01,13.6,34.7,-1.6
503,14.12.2020,11:49:01,15.5,31.6,-1.2
504,14.12.2020,12:49:01,15.3,47.5,4.2
505,14.12.2020,13:49:01,13.2,46.8,2
506,14.12.2020,14:49:01,11.7,47.1,0.8
507,14.12.2020,15:49:01,11.5,45.4,0.1
508,14.12.2020,16:49:01,11.4,44,-0.4
509,14.12.2020,17:49:01,11.3,43.1,-0.7
510,14.12.2020,18:49:01,11.2,41.5,-1.3
511,14.12.2020,19:49:01,11.2,39.8,-1.9
512,14.12.2020,20:49:01,11.4,40.3,-1.5
513,14.12.2020,21:49:01,11.4,41.8,-1.1
514,14.12.2020,22:49:01,11.3,38.8,-2.2
515,14.12.2020,23:49:01,11.4,40.3,-1.5
516,15.12.2020,0:49:01,11.4,41.5,-1.2
517,15.12.2020,1:49:01,11.3,38.6,-2.2
518,15.12.2020,2:49:01,11.3,40.4,-1.6
519,15.12.2020,3:49:01,11.4,40.1,-1.6
520,15.12.2020,4:49:01,11.4,40.9,-1.3
521,15.12.2020,5:49:01,11.3,39.8,-1.8
522,15.12.2020,6:49:01,11.3,39.5,-1.9
523,15.12.2020,7:49:01,11.5,41.1,-1.2
524,15.12.2020,8:49:01,11.4,41.3,-1.2
525,15.12.2020,9:49:01,11.4,40.2,-1.6
526,15.12.2020,10:49:01,13.3,38.5,-0.5
527,15.12.2020,11:49:01,15.6,34.1,-0.1
528,15.12.2020,12:49:01,15.9,45,3.9
529,15.12.2020,13:49:01,13.8,42.1,1.1
530,15.12.2020,14:49:01,12.4,42.1,-0.1
531,15.12.2020,15:49:01,11.8,50.4,1.8
532,15.12.2020,16:49:01,11.2,46,0
533,15.12.2020,17:49:01,10.9,43.8,-0.9
534,15.12.2020,18:49:01,10.9,45.8,-0.3
535,15.12.2020,19:49:01,10.9,44.8,-0.6
536,15.12.2020,20:49:01,10.8,43.4,-1.1
537,15.12.2020,21:49:01,10.7,45.8,-0.4
538,15.12.2020,22:49:01,10.8,47.4,0
539,15.12.2020,23:49:01,10.9,47.1,0
540,16.12.2020,0:49:01,10.8,46.4,-0.2
541,16.12.2020,1:49:01,10.7,45.2,-0.6
542,16.12.2020,2:49:01,10.7,46.8,-0.1
543,16.12.2020,3:49:01,10.8,47.7,0.1
544,16.12.2020,4:49:01,10.8,46.1,-0.3
545,16.12.2020,5:49:01,10.7,45.9,-0.4
546,16.12.2020,6:49:01,10.7,45.8,-0.4
547,16.12.2020,7:49:01,10.8,47.3,0
548,16.12.2020,8:49:01,10.8,46.8,-0.1
549,16.12.2020,9:49:01,10.7,43.6,-1.1
550,16.12.2020,10:49:01,12.7,40.5,-0.3
551,16.12.2020,11:49:01,14.6,49.9,4.2
552,16.12.2020,12:49:01,15.6,45.8,3.9
553,16.12.2020,13:49:01,13.5,48.3,2.8
554,16.12.2020,14:49:01,12,48.8,1.5
555,16.12.2020,15:49:01,11.3,49.7,1.1
556,16.12.2020,16:49:01,11,51.2,1.3
557,16.12.2020,17:49:01,10.8,52.1,1.3
558,16.12.2020,18:49:01,10.7,52.8,1.4
559,16.12.2020,19:49:01,10.7,51.3,1
560,16.12.2020,20:49:01,10.9,51.9,1.4
561,16.12.2020,21:49:01,10.8,55.3,2.2
562,16.12.2020,22:49:01,10.6,52.5,1.2
563,16.12.2020,23:49:01,10.7,51.1,1
564,17.12.2020,0:49:01,10.8,52,1.3
565,17.12.2020,1:49:01,10.8,55.6,2.2
566,17.12.2020,2:49:01,10.7,55.1,2
567,17.12.2020,3:49:01,10.7,51.7,1.1
568,17.12.2020,4:49:01,10.8,51.4,1.1
569,17.12.2020,5:49:01,10.6,52,1.1
570,17.12.2020,6:49:01,10.8,51.4,1.1
571,17.12.2020,7:49:01,10.7,52.4,1.3
572,17.12.2020,8:49:01,10.6,52.7,1.3
573,17.12.2020,9:49:01,10.8,53.3,1.6
574,17.12.2020,10:49:01,13.3,50.2,3.1
575,17.12.2020,11:49:01,15.8,58.9,7.7
576,17.12.2020,12:49:01,16.5,53.8,7.1
577,17.12.2020,13:49:01,14.5,53.8,5.2
578,17.12.2020,14:49:01,13.1,55.2,4.3
579,17.12.2020,15:49:01,12.5,56.1,3.9
580,17.12.2020,16:49:01,12.2,56.9,3.9
581,17.12.2020,17:49:01,12,59.4,4.3
582,17.12.2020,18:49:01,11.8,59.4,4.1
583,17.12.2020,19:49:01,11.7,58,3.7
584,17.12.2020,20:49:01,11.5,55.9,3
585,17.12.2020,21:49:01,11.3,55.1,2.6
586,17.12.2020,22:49:01,11.2,55,2.5
587,17.12.2020,23:49:01,11.1,55.1,2.4
588,18.12.2020,0:49:01,11.1,55.2,2.4
589,18.12.2020,1:49:01,11,54.6,2.2
590,18.12.2020,2:49:01,10.9,54.3,2
591,18.12.2020,3:49:01,10.8,53.5,1.7
592,18.12.2020,4:49:01,10.8,53.1,1.6
593,18.12.2020,5:49:01,10.6,52.3,1.2
594,18.12.2020,6:49:01,10.6,52,1.1
595,18.12.2020,7:49:01,10.7,60,3.2
596,18.12.2020,8:49:01,10.7,52,1.2
597,18.12.2020,9:49:01,10.6,51.8,1.1
598,18.12.2020,10:49:01,13.1,48.1,2.3
599,18.12.2020,11:49:01,15.4,41.9,2.5
600,18.12.2020,12:49:01,15.8,53.8,6.4
601,18.12.2020,13:49:01,13.6,52.9,4.1
602,18.12.2020,14:49:01,12.2,54.8,3.3
603,18.12.2020,15:49:01,11.6,53.2,2.4
604,18.12.2020,16:49:01,11.3,53.3,2.1
605,18.12.2020,17:49:01,11,53.7,1.9
606,18.12.2020,18:49:01,10.8,58.2,2.9
607,18.12.2020,19:49:01,10.6,58.3,2.7
608,18.12.2020,20:49:01,10.5,60.1,3
609,18.12.2020,21:49:01,10.6,57.1,2.4
610,18.12.2020,22:49:01,10.6,63.3,3.9
611,18.12.2020,23:49:01,10.7,64.6,4.3
612,19.12.2020,0:49:01,10.5,59.5,2.9
613,19.12.2020,1:49:01,10.5,58.1,2.6
614,19.12.2020,2:49:01,10.5,56.3,2.1
615,19.12.2020,3:49:01,10.6,57.2,2.4
616,19.12.2020,4:49:01,10.5,56.2,2.1
617,19.12.2020,5:49:01,10.5,56.2,2.1
618,19.12.2020,6:49:01,10.5,56.9,2.3
619,19.12.2020,7:49:01,10.6,56.3,2.2
620,19.12.2020,8:49:01,10.5,56.9,2.3
621,19.12.2020,9:49:01,10.6,55,1.9
622,19.12.2020,10:49:01,12.8,50.5,2.7
623,19.12.2020,11:49:01,15,44.2,2.9
624,19.12.2020,12:49:01,15.9,42.4,3.1
625,19.12.2020,13:49:01,13.7,45.4,2.1
626,19.12.2020,14:49:01,12.1,47.2,1.2
627,19.12.2020,15:49:01,11.4,48,0.7
628,19.12.2020,16:49:01,11.1,48.8,0.7
629,19.12.2020,17:49:01,10.9,48.8,0.5
630,19.12.2020,18:49:01,10.7,52.2,1.3
631,19.12.2020,19:49:01,10.6,50.1,0.6
632,19.12.2020,20:49:01,10.7,51.2,1
633,19.12.2020,21:49:01,10.6,51.6,1
634,19.12.2020,22:49:01,10.6,51,0.8
635,19.12.2020,23:49:01,10.6,51.1,0.9
636,20.12.2020,0:49:01,10.7,51.8,1.2
637,20.12.2020,1:49:01,10.7,51,0.9
638,20.12.2020,2:49:01,10.6,51.5,1
639,20.12.2020,3:49:01,10.6,51.1,0.9
640,20.12.2020,4:49:01,10.6,51.3,0.9
641,20.12.2020,5:49:01,10.6,52.2,1.2
642,20.12.2020,6:49:01,10.5,52.3,1.1
643,20.12.2020,7:49:01,10.6,52.5,1.2
644,20.12.2020,8:49:01,10.5,52.2,1.1
645,20.12.2020,9:49:01,10.7,52.1,1.2
646,20.12.2020,10:49:01,13,48.1,2.2
647,20.12.2020,11:49:01,15.5,43.7,3.2
648,20.12.2020,12:49:01,16.4,41.5,3.3
649,20.12.2020,13:49:01,14.2,44.9,2.4
650,20.12.2020,14:49:01,12.7,47.8,1.9
651,20.12.2020,15:49:01,12.1,48.8,1.6
652,20.12.2020,16:49:01,11.8,49.5,1.5
653,20.12.2020,17:49:01,11.6,51.6,1.9
654,20.12.2020,18:49:01,11.4,53.3,2.2
655,20.12.2020,19:49:01,11.3,54.1,2.3
656,20.12.2020,20:49:01,11.2,54.7,2.4
657,20.12.2020,21:49:01,11.1,55,2.4
658,20.12.2020,22:49:01,11,55,2.3
659,20.12.2020,23:49:01,10.9,55.5,2.3
660,21.12.2020,0:49:01,10.9,55.5,2.3
661,21.12.2020,1:49:01,10.9,55.8,2.4
662,21.12.2020,2:49:01,10.8,56.1,2.4
663,21.12.2020,3:49:01,10.8,55.8,2.3
664,21.12.2020,4:49:01,10.8,55.9,2.3
665,21.12.2020,5:49:01,10.8,55.9,2.3
666,21.12.2020,6:49:01,10.7,55.8,2.2
667,21.12.2020,7:49:01,10.7,55.4,2.1
668,21.12.2020,8:49:01,10.7,55.5,2.1
669,21.12.2020,9:49:01,10.8,55.3,2.2
670,21.12.2020,10:49:01,13.3,50.5,3.2
671,21.12.2020,11:49:01,15.8,44.3,3.6
672,21.12.2020,12:49:01,16.8,43.4,4.2
673,21.12.2020,13:49:01,14.7,45.5,3
674,21.12.2020,14:49:01,13,65.4,6.6
675,21.12.2020,15:49:01,12.2,58.5,4.3
676,21.12.2020,16:49:01,12,56.3,3.5
677,21.12.2020,17:49:01,11.8,65.5,5.5
678,21.12.2020,18:49:01,11.6,65,5.2
679,21.12.2020,19:49:01,11.4,61.9,4.3
680,21.12.2020,20:49:01,11.2,61.7,4.1
681,21.12.2020,21:49:01,11.1,60.9,3.8
682,21.12.2020,22:49:01,11.1,59.5,3.5
683,21.12.2020,23:49:01,11,58.6,3.2
684,22.12.2020,0:49:01,11,58.1,3
685,22.12.2020,1:49:01,10.9,58.6,3.1
686,22.12.2020,2:49:01,10.8,58,2.8
687,22.12.2020,3:49:01,10.8,58.2,2.9
688,22.12.2020,4:49:01,10.8,58,2.8
689,22.12.2020,5:49:01,10.8,57.7,2.8
690,22.12.2020,6:49:01,10.7,57.3,2.6
691,22.12.2020,7:49:01,10.6,56.4,2.2
692,22.12.2020,8:49:01,10.7,56.9,2.5
693,22.12.2020,9:49:01,10.6,55.1,1.9
694,22.12.2020,10:49:01,13.4,81.7,10.3
695,22.12.2020,11:49:01,14,75.4,9.7
696,22.12.2020,12:49:01,14.8,65.7,8.4
697,22.12.2020,13:49:01,12.5,67.3,6.6
698,22.12.2020,14:49:01,11.2,65,4.8
699,22.12.2020,15:49:01,10.6,62.1,3.6
700,22.12.2020,16:49:01,10.7,59.2,3
701,22.12.2020,17:49:01,10.6,61.4,3.4
702,22.12.2020,18:49:01,10.7,58.6,2.9
703,22.12.2020,19:49:01,10.6,58.1,2.7
704,22.12.2020,20:49:01,10.5,57.9,2.5
705,22.12.2020,21:49:01,10.6,62.3,3.7
706,22.12.2020,22:49:01,10.6,59.8,3.1
707,22.12.2020,23:49:01,10.5,52.3,1.1
708,23.12.2020,0:49:01,10.5,53.7,1.5
709,23.12.2020,1:49:01,10.6,57.6,2.5
710,23.12.2020,2:49:01,10.6,62.4,3.7
711,23.12.2020,3:49:01,10.6,62.3,3.7
712,23.12.2020,4:49:01,10.7,54.1,1.8
713,23.12.2020,5:49:01,10.6,51.1,0.9
714,23.12.2020,6:49:01,10.5,52.6,1.2
715,23.12.2020,7:49:01,10.7,60.9,3.4
716,23.12.2020,8:49:01,10.6,54,1.6
717,23.12.2020,9:49:01,10.5,53.4,1.4
718,23.12.2020,10:49:01,10.6,52.1,1.1
719,23.12.2020,11:49:01,10.6,52.3,1.2
720,23.12.2020,12:49:01,10.7,53.8,1.7
721,23.12.2020,13:49:01,10.5,51,0.8
722,23.12.2020,14:49:01,10.6,57.3,2.5
723,23.12.2020,15:49:01,10.6,51,0.8
724,23.12.2020,16:49:01,10.6,52.9,1.4
725,23.12.2020,17:49:01,10.5,49,0.2
726,23.12.2020,18:49:01,10.6,54.9,1.9
727,23.12.2020,19:49:01,10.5,47.9,0
728,23.12.2020,20:49:01,10.6,54.3,1.7
729,23.12.2020,21:49:01,10.5,48.9,0.2
730,23.12.2020,22:49:01,10.6,52.3,1.2
731,23.12.2020,23:49:01,10.5,46.6,-0.4
732,24.12.2020,0:49:01,10.5,53.4,1.4
733,24.12.2020,1:49:01,10.5,46.7,-0.4
734,24.12.2020,2:49:01,10.6,55.1,1.9
735,24.12.2020,3:49:01,10.5,47.3,-0.2
736,24.12.2020,4:49:01,10.5,54.7,1.7
737,24.12.2020,5:49:01,10.4,46.9,-0.4
738,24.12.2020,6:49:01,10.6,54.6,1.8
739,24.12.2020,7:49:01,10.4,47.5,-0.2
740,24.12.2020,8:49:01,10.6,48.1,0
741,24.12.2020,9:49:01,10.3,73.3,5.7
742,24.12.2020,10:49:01,10.2,66.6,4.2
743,24.12.2020,11:49:01,10.4,62.1,3.4
744,24.12.2020,12:49:01,10.3,64.9,3.9
745,24.12.2020,13:49:01,10.4,60.1,3
746,24.12.2020,14:49:01,10.3,65.9,4.2
747,24.12.2020,15:49:01,10.4,64.8,4
748,24.12.2020,16:49:01,10.3,59.7,2.8
749,24.12.2020,17:49:01,10.4,63.3,3.7
750,24.12.2020,18:49:01,10.4,60.9,3.1
751,24.12.2020,19:49:01,10.4,65.2,4.1
752,24.12.2020,20:49:01,10.5,56.5,2.2
753,24.12.2020,21:49:01,10.4,56.2,2
754,24.12.2020,22:49:01,10.5,57.7,2.5
755,24.12.2020,23:49:01,10.4,56.7,2.1
756,25.12.2020,0:49:01,10.4,54.8,1.7
757,25.12.2020,1:49:01,10.5,60.9,3.2
758,25.12.2020,2:49:01,10.5,54.2,1.6
759,25.12.2020,3:49:01,10.5,51.7,0.9
760,25.12.2020,4:49:01,10.5,50.6,0.6
761,25.12.2020,5:49:01,10.5,52.1,1.1
762,25.12.2020,6:49:01,10.4,54.5,1.6
763,25.12.2020,7:49:01,10.6,57.7,2.6
764,25.12.2020,8:49:01,10.6,54.5,1.8
765,25.12.2020,9:49:01,10.5,52.9,1.3
766,25.12.2020,10:49:01,10.5,55.4,1.9
767,25.12.2020,11:49:01,10.6,53.2,1.4
768,25.12.2020,12:49:01,10.5,52.2,1.1
769,25.12.2020,13:49:01,10.6,52.6,1.3
770,25.12.2020,14:49:01,10.5,51.2,0.8
771,25.12.2020,15:49:01,10.6,55.3,2
772,25.12.2020,16:49:01,10.5,51,0.8
773,25.12.2020,17:49:01,10.5,53.5,1.4
774,25.12.2020,18:49:01,10.5,48.3,0
775,25.12.2020,19:49:01,10.5,51.2,0.8
776,25.12.2020,20:49:01,10.6,51,0.8
777,25.12.2020,21:49:01,10.5,50,0.5
778,25.12.2020,22:49:01,10.6,54.5,1.8
779,25.12.2020,23:49:01,10.6,53.2,1.4
780,26.12.2020,0:49:01,10.6,50.6,0.7
781,26.12.2020,1:49:01,10.5,49.1,0.2
782,26.12.2020,2:49:01,10.5,49.8,0.4
783,26.12.2020,3:49:01,10.5,50.6,0.6
784,26.12.2020,4:49:01,10.5,51.7,0.9
785,26.12.2020,5:49:01,10.5,50.6,0.6
786,26.12.2020,6:49:01,10.6,50.8,0.8
787,26.12.2020,7:49:01,10.7,54.3,1.8
788,26.12.2020,8:49:01,10.5,50.8,0.7
789,26.12.2020,9:49:01,10.6,49.6,0.5
790,26.12.2020,10:49:01,10.7,52.8,1.4
791,26.12.2020,11:49:01,10.5,50.3,0.6
792,26.12.2020,12:49:01,10.7,52.8,1.4
793,26.12.2020,13:49:01,10.4,50.8,0.6
794,26.12.2020,14:49:01,10.6,49.9,0.5
795,26.12.2020,15:49:01,10.6,56.4,2.2
796,26.12.2020,16:49:01,10.5,53.5,1.4
797,26.12.2020,17:49:01,10.6,53.4,1.5
798,26.12.2020,18:49:01,10.6,55,1.9
799,26.12.2020,19:49:01,10.6,54.3,1.7
800,26.12.2020,20:49:01,10.6,54.7,1.8
801,26.12.2020,21:49:01,10.6,52.9,1.4
802,26.12.2020,22:49:01,10.7,51,0.9
803,26.12.2020,23:49:01,10.7,50.4,0.8
804,27.12.2020,0:49:01,10.7,48.9,0.4
805,27.12.2020,1:49:01,10.5,48.8,0.1
806,27.12.2020,2:49:01,10.7,54.6,1.9
807,27.12.2020,3:49:01,10.6,48.2,0.1
808,27.12.2020,4:49:01,10.6,52.1,1.1
809,27.12.2020,5:49:01,10.6,46.3,-0.4
810,27.12.2020,6:49:01,10.6,48.5,0.2
811,27.12.2020,7:49:01,10.7,45.6,-0.5
812,27.12.2020,8:49:01,10.6,47,-0.2
813,27.12.2020,9:49:01,10.7,48.6,0.3
814,27.12.2020,10:49:01,10.5,46.1,-0.5
815,27.12.2020,11:49:01,10.7,46.9,-0.1
816,27.12.2020,12:49:01,10.5,46,-0.6
817,27.12.2020,13:49:01,10.7,47.4,0
818,27.12.2020,14:49:01,10.8,46.9,0
819,27.12.2020,15:49:01,10.4,49.6,0.3
820,27.12.2020,16:49:01,10,52,0.6
821,27.12.2020,17:49:01,9.5,58.9,1.8
822,27.12.2020,18:49:01,9,58.7,1.3
823,27.12.2020,19:49:01,8.8,60.9,1.6
824,27.12.2020,20:49:01,8.6,61.4,1.6
825,27.12.2020,21:49:01,8.4,59.8,1
826,27.12.2020,22:49:01,8.5,55.1,0
827,27.12.2020,23:49:01,8.5,54.6,-0.1
828,28.12.2020,0:49:01,8.6,53.9,-0.1
829,28.12.2020,1:49:01,8.6,49.6,-1.3
830,28.12.2020,2:49:01,8.5,53.4,-0.4
831,28.12.2020,3:49:01,8.5,48.2,-1.8
832,28.12.2020,4:49:01,8.5,53.7,-0.3
833,28.12.2020,5:49:01,8.5,49.4,-1.4
834,28.12.2020,6:49:01,8.6,50.2,-1.1
835,28.12.2020,7:49:01,8.6,51.4,-0.8
836,28.12.2020,8:49:01,8.5,47.2,-2
837,28.12.2020,9:49:01,8.5,52.7,-0.5
838,28.12.2020,10:49:01,8.5,47.1,-2.1
839,28.12.2020,11:49:01,8.6,50.6,-1
840,28.12.2020,12:49:01,8.6,45.8,-2.4
841,28.12.2020,13:49:01,8.6,50.5,-1
842,28.12.2020,14:49:01,8.7,48.6,-1.5
843,28.12.2020,15:49:01,8.7,46.9,-1.9
844,28.12.2020,16:49:01,8.5,45.7,-2.5
845,28.12.2020,17:49:01,8.6,48.8,-1.5
846,28.12.2020,18:49:01,8.6,48.6,-1.6
847,28.12.2020,19:49:01,8.6,47.3,-1.9
848,28.12.2020,20:49:01,8.6,50.7,-1
849,28.12.2020,21:49:01,8.6,49.1,-1.4
850,28.12.2020,22:49:01,8.5,47.6,-1.9
851,28.12.2020,23:49:01,8.6,46.4,-2.2
852,29.12.2020,0:49:01,8.5,46,-2.4
853,29.12.2020,1:49:01,8.5,45.7,-2.5
854,29.12.2020,2:49:01,8.5,46.2,-2.3
855,29.12.2020,3:49:01,8.5,47,-2.1
856,29.12.2020,4:49:01,8.6,50.4,-1.1
857,29.12.2020,5:49:01,8.6,48.6,-1.6
858,29.12.2020,6:49:01,8.6,48.2,-1.7
859,29.12.2020,7:49:01,8.6,48.4,-1.6
860,29.12.2020,8:49:01,8.6,47.8,-1.8
861,29.12.2020,9:49:01,8.5,45.1,-2.7
862,29.12.2020,10:49:01,8.7,48.5,-1.5
863,29.12.2020,11:49:01,8.6,43.9,-2.9
864,29.12.2020,12:49:01,8.6,48.2,-1.7
865,29.12.2020,13:49:01,8.6,49.5,-1.3
866,29.12.2020,14:49:01,8.7,47.5,-1.8
867,29.12.2020,15:49:01,8.7,44.5,-2.7
868,29.12.2020,16:49:01,8.6,45.4,-2.5
869,29.12.2020,17:49:01,8.7,47.9,-1.7
870,29.12.2020,18:49:01,8.7,45.8,-2.3
871,29.12.2020,19:49:01,8.7,45,-2.5
872,29.12.2020,20:49:01,8.6,45.2,-2.5
873,29.12.2020,21:49:01,8.7,48.5,-1.5
874,29.12.2020,22:49:01,8.8,47.3,-1.7
875,29.12.2020,23:49:01,8.7,45.6,-2.3
876,30.12.2020,0:49:01,8.7,45.7,-2.3
877,30.12.2020,1:49:01,8.7,46,-2.2
878,30.12.2020,2:49:01,8.7,47.2,-1.9
879,30.12.2020,3:49:01,8.7,47.4,-1.8
880,30.12.2020,4:49:01,8.7,47.7,-1.7
881,30.12.2020,5:49:01,8.7,47.6,-1.7
882,30.12.2020,6:49:01,8.7,48.1,-1.6
883,30.12.2020,7:49:01,8.7,48.8,-1.4
884,30.12.2020,8:49:01,8.8,48.7,-1.3
885,30.12.2020,9:49:01,8.8,48.4,-1.4
886,30.12.2020,10:49:01,8.7,51.8,-0.6
887,30.12.2020,11:49:01,8.7,51.5,-0.7
888,30.12.2020,12:49:01,8.8,49.9,-1
889,30.12.2020,13:49:01,8.7,51.8,-0.6
890,30.12.2020,14:49:01,8.6,51.8,-0.7
891,30.12.2020,15:49:01,8.8,50,-1
892,30.12.2020,16:49:01,8.7,53.5,-0.2
893,30.12.2020,17:49:01,8.7,51.7,-0.6
894,30.12.2020,18:49:01,8.8,51.2,-0.7
895,30.12.2020,19:49:01,8.7,51.2,-0.8
896,30.12.2020,20:49:01,8.8,50.5,-0.8
897,30.12.2020,21:49:01,8.8,49.8,-1
898,30.12.2020,22:49:01,8.8,49.7,-1.1
899,30.12.2020,23:49:01,8.7,49.2,-1.3
900,31.12.2020,0:49:01,8.7,49.9,-1.1
901,31.12.2020,1:49:01,8.8,51.7,-0.5
902,31.12.2020,2:49:01,8.8,48.4,-1.4
903,31.12.2020,3:49:01,8.8,49,-1.3
904,31.12.2020,4:49:01,8.8,49.8,-1
905,31.12.2020,5:49:01,8.8,51.6,-0.6
906,31.12.2020,6:49:01,8.8,50,-1
907,31.12.2020,7:49:01,8.9,49.6,-1
908,31.12.2020,8:49:01,8.8,51.8,-0.5
909,31.12.2020,9:49:01,8.8,52.2,-0.4
910,31.12.2020,10:49:01,8.7,51.9,-0.6
911,31.12.2020,11:49:01,8.8,53.9,0
912,31.12.2020,12:49:01,8.9,55.9,0.5
913,31.12.2020,13:49:01,8.9,67.7,3.2
914,31.12.2020,14:49:01,8.9,68.7,3.4
915,31.12.2020,15:49:01,9,64.1,2.5
916,31.12.2020,16:49:01,9.1,62,2.2
917,31.12.2020,17:49:01,9.2,59.2,1.6
918,31.12.2020,18:49:01,9.1,58.2,1.3
919,31.12.2020,19:49:01,9.1,57,1
920,31.12.2020,20:49:01,9.1,56.7,0.9
921,31.12.2020,21:49:01,9,56.9,0.9
922,31.12.2020,22:49:01,8.9,57.7,1
923,31.12.2020,23:49:01,8.9,58.2,1.1
924,01.01.2021,0:49:01,8.8,58.4,1
925,01.01.2021,1:49:01,8.8,58.4,1
926,01.01.2021,2:49:01,8.9,58.3,1.1
927,01.01.2021,3:49:01,8.8,57.7,0.9
928,01.01.2021,4:49:01,8.8,58.1,1
929,01.01.2021,5:49:01,8.9,58.2,1.1
930,01.01.2021,6:49:01,8.8,57.8,0.9
931,01.01.2021,7:49:01,8.9,58.4,1.1
932,01.01.2021,8:49:01,8.9,57.6,1
933,01.01.2021,9:49:01,8.9,56.5,0.7
934,01.01.2021,10:49:01,8.9,57.6,1
935,01.01.2021,11:49:01,8.9,57.3,0.9
936,01.01.2021,12:49:01,9,56.6,0.8
937,01.01.2021,13:49:01,9,56.6,0.8
938,01.01.2021,14:49:01,9.1,57.8,1.2
939,01.01.2021,15:49:01,9.1,58.2,1.3
940,01.01.2021,16:49:01,9.2,57.4,1.2
941,01.01.2021,17:49:01,9.2,58.3,1.4
942,01.01.2021,18:49:01,9.2,58.7,1.5
943,01.01.2021,19:49:01,9.3,58.4,1.5
944,01.01.2021,20:49:01,9.3,58.8,1.6
945,01.01.2021,21:49:01,9.3,58.9,1.6
946,01.01.2021,22:49:01,9.3,58.9,1.6
947,01.01.2021,23:49:01,9.3,58.8,1.6
948,02.01.2021,0:49:01,9.3,58.6,1.6
949,02.01.2021,1:49:01,9.3,58.8,1.6
950,02.01.2021,2:49:01,9.3,59,1.7
951,02.01.2021,3:49:01,9.3,58.9,1.6
952,02.01.2021,4:49:01,9.2,58.7,1.5
953,02.01.2021,5:49:01,9.2,58.7,1.5
954,02.01.2021,6:49:01,9.2,58.4,1.4
955,02.01.2021,7:49:01,9.1,58.1,1.3
956,02.01.2021,8:49:01,9.1,58.3,1.3
957,02.01.2021,9:49:01,9.1,57.8,1.2
958,02.01.2021,10:49:01,9.1,73.9,4.6
959,02.01.2021,11:49:01,9,72.1,4.2
960,02.01.2021,12:49:01,9.2,74.2,4.8
961,02.01.2021,13:49:01,9.2,71.5,4.3
962,02.01.2021,14:49:01,9.3,64.8,3
963,02.01.2021,15:49:01,9.3,62.6,2.5
964,02.01.2021,16:49:01,9.4,62.3,2.5
965,02.01.2021,17:49:01,9.4,61.7,2.4
966,02.01.2021,18:49:01,9.5,61.5,2.4
967,02.01.2021,19:49:01,9.5,60.3,2.2
968,02.01.2021,20:49:01,9.5,59.7,2
969,02.01.2021,21:49:01,9.5,58.2,1.7
970,02.01.2021,22:49:01,9.5,57.9,1.6
971,02.01.2021,23:49:01,9.4,58.1,1.5
972,03.01.2021,0:49:01,9.5,57.2,1.4
973,03.01.2021,1:49:01,9.5,56.8,1.3
974,03.01.2021,2:49:01,9.5,56.4,1.2
975,03.01.2021,3:49:01,9.5,56.5,1.2
976,03.01.2021,4:49:01,9.4,56.9,1.3
977,03.01.2021,5:49:01,9.4,57.4,1.4
978,03.01.2021,6:49:01,9.3,58.3,1.5
979,03.01.2021,7:49:01,9.3,58.2,1.5
980,03.01.2021,8:49:01,9.3,57.1,1.2
981,03.01.2021,9:49:01,9.3,57.7,1.4
982,03.01.2021,10:49:01,9.3,57.8,1.4
983,03.01.2021,11:49:01,9.3,57.6,1.3
984,03.01.2021,12:49:01,9.5,77.9,5.8
985,03.01.2021,13:49:01,9.4,72.6,4.7
986,03.01.2021,14:49:01,9.3,79.2,5.8
987,03.01.2021,15:49:01,9.3,76.9,5.4
988,03.01.2021,16:49:01,9.3,75.1,5.1
989,03.01.2021,17:49:01,9.3,69.7,4
990,03.01.2021,18:49:01,9.4,66.4,3.4
991,03.01.2021,19:49:01,9.4,64.9,3.1
992,03.01.2021,20:49:01,9.4,63,2.7
993,03.01.2021,21:49:01,9.4,62,2.4
994,03.01.2021,22:49:01,9.5,60.8,2.3
995,03.01.2021,23:49:01,9.5,60.6,2.2
996,04.01.2021,0:49:01,9.4,60.2,2
997,04.01.2021,1:49:01,9.4,60.2,2
998,04.01.2021,2:49:01,9.4,60,2
999,04.01.2021,3:49:01,9.4,59.3,1.8
1000,04.01.2021,4:49:01,9.4,59.7,1.9
1001,04.01.2021,5:49:01,9.3,59.2,1.7
1002,04.01.2021,6:49:01,9.3,59.7,1.8
1003,04.01.2021,7:49:01,9.3,59.2,1.7
1004,04.01.2021,8:49:01,9.2,58,1.3
1005,04.01.2021,9:49:01,9.2,58,1.3
1006,04.01.2021,10:49:01,9.1,57.5,1.1
1007,04.01.2021,11:49:01,9.1,57.3,1.1
1008,04.01.2021,12:49:01,9.1,57.1,1
1009,04.01.2021,13:49:01,9,57.4,1
1010,04.01.2021,14:49:01,8.9,56.4,0.7
1011,04.01.2021,15:49:01,8.9,56.4,0.7
1012,04.01.2021,16:49:01,8.9,56.2,0.6
1013,04.01.2021,17:49:01,9,76.1,5
1014,04.01.2021,18:49:01,8.9,66,2.9
1015,04.01.2021,19:49:01,9,60.9,1.8
1016,04.01.2021,20:49:01,9,58.6,1.3
1017,04.01.2021,21:49:01,8.9,57.7,1
1018,04.01.2021,22:49:01,9.1,57.8,1.2
1019,04.01.2021,23:49:01,9,57.8,1.1
1020,05.01.2021,0:49:01,9,57.1,0.9
1021,05.01.2021,1:49:01,9.1,66.2,3.1
1022,05.01.2021,2:49:01,9.1,56.1,0.8
1023,05.01.2021,3:49:01,9,56.7,0.8
1024,05.01.2021,4:49:01,9.1,56.3,0.8
1025,05.01.2021,5:49:01,9,56.2,0.7
1026,05.01.2021,6:49:01,9.1,55.9,0.7
1027,05.01.2021,7:49:01,9,56.7,0.8
1028,05.01.2021,8:49:01,9.1,56.8,0.9
1029,05.01.2021,9:49:01,9.1,56.9,1
1030,05.01.2021,10:49:01,9,57.5,1
1031,05.01.2021,11:49:01,9,56.9,0.9
1032,05.01.2021,12:49:01,9.2,57.3,1.2
1033,05.01.2021,13:49:01,9,56.4,0.8
1034,05.01.2021,14:49:01,9.2,55.6,0.7
1035,05.01.2021,15:49:01,9.2,60.6,1.9
1036,05.01.2021,16:49:01,9.1,66.3,3.1
1037,05.01.2021,17:49:01,9.1,70.3,3.9
1038,05.01.2021,18:49:01,9,68,3.4
1039,05.01.2021,19:49:01,9,63.2,2.3
1040,05.01.2021,20:49:01,9,60.9,1.8
1041,05.01.2021,21:49:01,9.1,61.8,2.1
1042,05.01.2021,22:49:01,9.1,60.4,1.8
1043,05.01.2021,23:49:01,9.1,60.4,1.8
1044,06.01.2021,0:49:01,9.1,58.2,1.3
1045,06.01.2021,1:49:01,9,57.6,1
1046,06.01.2021,2:49:01,9,58.6,1.3
1047,06.01.2021,3:49:01,9.1,61.1,2
1048,06.01.2021,4:49:01,9.1,62.8,2.3
1049,06.01.2021,5:49:01,9.1,56.2,0.8
1050,06.01.2021,6:49:01,9.1,57.8,1.2
1051,06.01.2021,7:49:01,9.1,61.2,2
1052,06.01.2021,8:49:01,9.2,59,1.6
1053,06.01.2021,9:49:01,9.2,57.1,1.1
1054,06.01.2021,10:49:01,9.1,56.6,0.9
1055,06.01.2021,11:49:01,9.1,59.2,1.5
1056,06.01.2021,12:49:01,9.1,60,1.7
1057,06.01.2021,13:49:01,9.2,59.1,1.6
1058,06.01.2021,14:49:01,9.1,58.9,1.4
1059,06.01.2021,15:49:01,9.1,55.9,0.7
1060,06.01.2021,16:49:01,9.2,73.6,4.7
1061,06.01.2021,17:49:01,9,72.5,4.3
1062,06.01.2021,18:49:01,9,68.9,3.6
1063,06.01.2021,19:49:01,8.9,65.6,2.8
1064,06.01.2021,20:49:01,9,70.1,3.8
1065,06.01.2021,21:49:01,9,67,3.2
1066,06.01.2021,22:49:01,9,63.8,2.5
1067,06.01.2021,23:49:01,9,65.4,2.8
1068,07.01.2021,0:49:01,9.1,65.8,3
1069,07.01.2021,1:49:01,9,61.4,1.9
1070,07.01.2021,2:49:01,9,65.5,2.8
1071,07.01.2021,3:49:01,9,63.8,2.5
1072,07.01.2021,4:49:01,9,64.1,2.5
1073,07.01.2021,5:49:01,9,61.3,1.9
1074,07.01.2021,6:49:01,9.1,64.5,2.7
1075,07.01.2021,7:49:01,9,61.1,1.9
1076,07.01.2021,8:49:01,9,62,2.1
1077,07.01.2021,9:49:01,9.1,63.6,2.5
1078,07.01.2021,10:49:01,8.9,56.9,0.8
1079,07.01.2021,11:49:01,9.1,61.2,2
1080,07.01.2021,12:49:01,9,59.6,1.5
1081,07.01.2021,13:49:01,9.1,59.9,1.7
1082,07.01.2021,14:49:01,12.1,62,5
1083,07.01.2021,15:49:01,11.6,55.5,3
1084,07.01.2021,16:49:01,9.7,59.8,2.2
1085,07.01.2021,17:49:01,9.3,61.4,2.2
1086,07.01.2021,18:49:01,9.1,62.3,2.2
1087,07.01.2021,19:49:01,9,61.5,2
1088,07.01.2021,20:49:01,9,61.3,1.9
1089,07.01.2021,21:49:01,8.9,61.6,1.9
1090,07.01.2021,22:49:01,8.9,61.6,1.9
1091,07.01.2021,23:49:01,8.9,60.2,1.6
1092,08.01.2021,0:49:01,8.9,60.1,1.5
1093,08.01.2021,1:49:01,8.9,59.7,1.4
1094,08.01.2021,2:49:01,8.9,59.1,1.3
1095,08.01.2021,3:49:01,8.9,57.4,0.9
1096,08.01.2021,4:49:01,8.9,57.4,0.9
1097,08.01.2021,5:49:01,8.9,59.4,1.4
1098,08.01.2021,6:49:01,8.8,58.9,1.2
1099,08.01.2021,7:49:01,8.8,52.5,-0.3
1100,08.01.2021,8:49:01,8.9,52.2,-0.3
1101,08.01.2021,9:49:01,8.9,52.1,-0.3
1102,08.01.2021,10:49:01,8.8,59.3,1.3
1103,08.01.2021,11:49:01,8.9,52.6,-0.2
1104,08.01.2021,12:49:01,8.7,53.1,-0.3
1105,08.01.2021,13:49:01,8.8,55.2,0.3
1106,08.01.2021,14:49:01,12.5,50.2,2.4
1107,08.01.2021,15:49:01,12.2,60,4.6
1108,08.01.2021,16:49:01,10.1,63.6,3.5
1109,08.01.2021,17:49:01,9.5,63.9,3
1110,08.01.2021,18:49:01,9.2,62.6,2.4
1111,08.01.2021,19:49:01,8.9,62.8,2.2
1112,08.01.2021,20:49:01,9.1,64.2,2.7
1113,08.01.2021,21:49:01,9,59,1.4
1114,08.01.2021,22:49:01,9,62.5,2.2
1115,08.01.2021,23:49:01,8.9,62,2
1116,09.01.2021,0:49:01,8.9,61.3,1.8
1117,09.01.2021,1:49:01,8.9,61.6,1.9
1118,09.01.2021,2:49:01,8.9,61.8,1.9
1119,09.01.2021,3:49:01,8.9,57.4,0.9
1120,09.01.2021,4:49:01,8.9,56.5,0.7
1121,09.01.2021,5:49:01,8.9,54.2,0.1
1122,09.01.2021,6:49:01,8.8,57.6,0.9
1123,09.01.2021,7:49:01,8.9,60.7,1.7
1124,09.01.2021,8:49:01,8.9,57.3,0.9
1125,09.01.2021,9:49:01,8.8,55.7,0.4
1126,09.01.2021,10:49:01,8.8,57.9,0.9
1127,09.01.2021,11:49:01,9,59.9,1.6
1128,09.01.2021,12:49:01,8.9,53.3,0
1129,09.01.2021,13:49:01,8.9,54.3,0.1
1130,09.01.2021,14:49:01,12.3,63.8,5.6
1131,09.01.2021,15:49:01,11.7,57.6,3.6
1132,09.01.2021,16:49:01,9.5,60.8,2.3
1133,09.01.2021,17:49:01,9.3,62.4,2.4
1134,09.01.2021,18:49:01,9.1,63,2.4
1135,09.01.2021,19:49:01,9,59.9,1.6
1136,09.01.2021,20:49:01,8.9,58.8,1.2
1137,09.01.2021,21:49:01,8.9,59.3,1.4
1138,09.01.2021,22:49:01,9,62.9,2.3
1139,09.01.2021,23:49:01,8.9,61.4,1.8
1140,10.01.2021,0:49:01,8.8,57.8,0.9
1141,10.01.2021,1:49:01,8.8,59.2,1.2
1142,10.01.2021,2:49:01,8.9,60.9,1.7
1143,10.01.2021,3:49:01,8.8,57.2,0.8
1144,10.01.2021,4:49:01,8.9,60.1,1.5
1145,10.01.2021,5:49:01,8.8,56.8,0.7
1146,10.01.2021,6:49:01,8.9,58.8,1.2
1147,10.01.2021,7:49:01,8.9,58.9,1.3
1148,10.01.2021,8:49:01,8.8,54.3,0
1149,10.01.2021,9:49:01,8.9,58.9,1.3
1150,10.01.2021,10:49:01,8.8,57.4,0.8
1151,10.01.2021,11:49:01,8.8,79.8,5.5
1152,10.01.2021,12:49:01,8.7,82.5,5.8
1153,10.01.2021,13:49:01,8.8,73.4,4.3
1154,10.01.2021,14:49:01,11.8,59.2,4.1
1155,10.01.2021,15:49:01,11.1,54.4,2.2
1156,10.01.2021,16:49:01,9.5,55.6,1
1157,10.01.2021,17:49:01,9.3,58.8,1.6
1158,10.01.2021,18:49:01,9.1,54.6,0.4
1159,10.01.2021,19:49:01,9,52,-0.3
1160,10.01.2021,20:49:01,9.1,62.6,2.3
1161,10.01.2021,21:49:01,8.9,58.9,1.3
1162,10.01.2021,22:49:01,8.9,57.2,0.9
1163,10.01.2021,23:49:01,8.9,60.1,1.5
1164,11.01.2021,0:49:01,8.9,63.1,2.2
1165,11.01.2021,1:49:01,8.9,56.7,0.7
1166,11.01.2021,2:49:01,8.9,55.1,0.3
1167,11.01.2021,3:49:01,9,63.5,2.4
1168,11.01.2021,4:49:01,8.9,60.6,1.7
1169,11.01.2021,5:49:01,8.9,55.2,0.4
1170,11.01.2021,6:49:01,8.9,59.2,1.3
1171,11.01.2021,7:49:01,9,62.6,2.2
1172,11.01.2021,8:49:01,8.9,57.4,0.9
1173,11.01.2021,9:49:01,8.9,53.5,0
1174,11.01.2021,10:49:01,9,60.9,1.8
1175,11.01.2021,11:49:01,8.9,59.6,1.4
1176,11.01.2021,12:49:01,8.9,56.7,0.7
1177,11.01.2021,13:49:01,9.1,57.2,1
1178,11.01.2021,14:49:01,12,64.9,5.6
1179,11.01.2021,15:49:01,11.1,60.9,3.8
1180,11.01.2021,16:49:01,9.3,60.9,2.1
1181,11.01.2021,17:49:01,9.2,65.8,3.1
1182,11.01.2021,18:49:01,9,55.9,0.6
1183,11.01.2021,19:49:01,9,65.1,2.8
1184,11.01.2021,20:49:01,9,65,2.7
1185,11.01.2021,21:49:01,8.9,58.6,1.2
1186,11.01.2021,22:49:01,9,65.5,2.8
1187,11.01.2021,23:49:01,9,67.5,3.3
1188,12.01.2021,0:49:01,8.9,65.6,2.8
1189,12.01.2021,1:49:01,8.9,58.9,1.3
1190,12.01.2021,2:49:01,8.9,55.9,0.5
1191,12.01.2021,3:49:01,8.9,62.1,2
1192,12.01.2021,4:49:01,8.9,66.1,2.9
1193,12.01.2021,5:49:01,8.9,62.6,2.1
1194,12.01.2021,6:49:01,8.9,60.4,1.6
1195,12.01.2021,7:49:01,8.9,59.3,1.4
1196,12.01.2021,8:49:01,9,61.1,1.9
1197,12.01.2021,9:49:01,8.9,64.4,2.5
1198,12.01.2021,10:49:01,8.9,59.8,1.5
1199,12.01.2021,11:49:01,8.9,57.6,1
1200,12.01.2021,12:49:01,9,63.1,2.3
1201,12.01.2021,13:49:01,9.1,62.7,2.3
1202,12.01.2021,14:49:01,12,50.7,2.1
1203,12.01.2021,15:49:01,11.3,46.9,0.3
1204,12.01.2021,16:49:01,10,49.5,0
1205,12.01.2021,17:49:01,9.7,48.4,-0.6
1206,12.01.2021,18:49:01,9.5,45.8,-1.5
1207,12.01.2021,19:49:01,9.5,47.8,-1
1208,12.01.2021,20:49:01,9.5,48.8,-0.7
1209,12.01.2021,21:49:01,9.5,48,-0.9
1210,12.01.2021,22:49:01,9.4,47.2,-1.2
1211,12.01.2021,23:49:01,9.5,46.4,-1.4
1212,13.01.2021,0:49:01,9.5,49.1,-0.6
1213,13.01.2021,1:49:01,9.5,48.1,-0.9
1214,13.01.2021,2:49:01,9.5,50.1,-0.3
1215,13.01.2021,3:49:01,9.4,44.6,-2
1216,13.01.2021,4:49:01,9.5,47,-1.2
1217,13.01.2021,5:49:01,9.5,47.8,-1
1218,13.01.2021,6:49:01,9.5,45.2,-1.7
1219,13.01.2021,7:49:01,9.4,43.8,-2.2
1220,13.01.2021,8:49:01,9.5,45.7,-1.6
1221,13.01.2021,9:49:01,9.5,46.5,-1.3
1222,13.01.2021,10:49:01,9.5,43.8,-2.1
1223,13.01.2021,11:49:01,9.6,63.3,2.9
1224,13.01.2021,12:49:01,9.4,66.2,3.4
1225,13.01.2021,13:49:01,9.5,55,0.9
1226,13.01.2021,14:49:01,12.3,49.8,2.1
1227,13.01.2021,15:49:01,11.5,45.5,0.1
1228,13.01.2021,16:49:01,10,48.9,-0.2
1229,13.01.2021,17:49:01,9.7,47,-1
1230,13.01.2021,18:49:01,9.6,47.2,-1
1231,13.01.2021,19:49:01,9.6,45.4,-1.6
1232,13.01.2021,20:49:01,9.5,45.1,-1.7
1233,13.01.2021,21:49:01,9.5,41.9,-2.7
1234,13.01.2021,22:49:01,9.6,46.5,-1.2
1235,13.01.2021,23:49:01,9.5,43,-2.4
1236,14.01.2021,0:49:01,9.5,42.4,-2.6
1237,14.01.2021,1:49:01,9.5,45.6,-1.6
1238,14.01.2021,2:49:01,9.5,42.5,-2.5
1239,14.01.2021,3:49:01,9.6,45.5,-1.5
1240,14.01.2021,4:49:01,9.5,41.8,-2.8
1241,14.01.2021,5:49:01,9.5,41.8,-2.8
1242,14.01.2021,6:49:01,9.5,41.2,-3
1243,14.01.2021,7:49:01,9.6,39.2,-3.5
1244,14.01.2021,8:49:01,9.6,40.8,-3
1245,14.01.2021,9:49:01,9.7,43.9,-1.9
1246,14.01.2021,10:49:01,9.6,41.1,-2.9
1247,14.01.2021,11:49:01,9.7,55.3,1.1
1248,14.01.2021,12:49:01,9.4,51.3,-0.1
1249,14.01.2021,13:49:01,9.5,46.4,-1.4
1250,14.01.2021,14:49:01,12.5,45.1,0.9
1251,14.01.2021,15:49:01,11.9,42.3,-0.4
1252,14.01.2021,16:49:01,10.1,43.9,-1.6
1253,14.01.2021,17:49:01,9.9,43.1,-2
1254,14.01.2021,18:49:01,9.7,41,-2.8
1255,14.01.2021,19:49:01,9.5,40.3,-3.3
1256,14.01.2021,20:49:01,9.6,41.7,-2.7
1257,14.01.2021,21:49:01,9.6,40.3,-3.2
1258,14.01.2021,22:49:01,9.5,39.6,-3.5
1259,14.01.2021,23:49:01,9.6,44.2,-1.9
1260,15.01.2021,0:49:01,9.5,43.1,-2.4
1261,15.01.2021,1:49:01,9.6,38.7,-3.7
1262,15.01.2021,2:49:01,9.6,45.3,-1.6
1263,15.01.2021,3:49:01,9.6,38.9,-3.6
1264,15.01.2021,4:49:01,9.5,40.4,-3.2
1265,15.01.2021,5:49:01,9.7,44.4,-1.8
1266,15.01.2021,6:49:01,9.6,38.7,-3.7
1267,15.01.2021,7:49:01,9.5,39,-3.7
1268,15.01.2021,8:49:01,9.6,38.8,-3.7
1269,15.01.2021,9:49:01,9.7,43.5,-2.1
1270,15.01.2021,10:49:01,9.6,38.3,-3.8
1271,15.01.2021,11:49:01,9.7,39.3,-3.4
1272,15.01.2021,12:49:01,9.8,47.2,-0.9
1273,15.01.2021,13:49:01,12.6,43.2,0.4
1274,15.01.2021,14:49:01,12.9,40.3,-0.2
1275,15.01.2021,15:49:01,12.1,39.3,-1.3
1276,15.01.2021,16:49:01,10.6,41.2,-2
1277,15.01.2021,17:49:01,10.1,42.6,-2
1278,15.01.2021,18:49:01,9.9,40,-3
1279,15.01.2021,19:49:01,9.8,43.3,-2
1280,15.01.2021,20:49:01,9.7,38.2,-3.8
1281,15.01.2021,21:49:01,9.7,39.9,-3.2
1282,15.01.2021,22:49:01,9.7,37.4,-4.1
1283,15.01.2021,23:49:01,9.6,38.1,-3.9
1284,16.01.2021,0:49:01,9.7,39.6,-3.3
1285,16.01.2021,1:49:01,9.6,37.2,-4.2
1286,16.01.2021,2:49:01,9.6,37.3,-4.2
1287,16.01.2021,3:49:01,9.6,38.2,-3.9
1288,16.01.2021,4:49:01,9.6,36.8,-4.4
1289,16.01.2021,5:49:01,9.6,38.4,-3.8
1290,16.01.2021,6:49:01,9.6,35.7,-4.8
1291,16.01.2021,7:49:01,9.6,36.4,-4.5
1292,16.01.2021,8:49:01,9.7,36.9,-4.3
1293,16.01.2021,9:49:01,9.6,36.3,-4.6
1294,16.01.2021,10:49:01,9.6,36.1,-4.6
1295,16.01.2021,11:49:01,9.6,49.4,-0.4
1296,16.01.2021,12:49:01,9.7,47,-1
1297,16.01.2021,13:49:01,12.7,43.1,0.4
1298,16.01.2021,14:49:01,13.1,40.3,0
1299,16.01.2021,15:49:01,12.3,39,-1.2
1300,16.01.2021,16:49:01,10.7,39.5,-2.4
1301,16.01.2021,17:49:01,10.2,39.4,-2.9
1302,16.01.2021,18:49:01,9.9,38,-3.7
1303,16.01.2021,19:49:01,9.9,36.9,-4.1
1304,16.01.2021,20:49:01,9.7,37.6,-4
1305,16.01.2021,21:49:01,9.7,37.1,-4.2
1306,16.01.2021,22:49:01,9.7,39.1,-3.5
1307,16.01.2021,23:49:01,9.6,36.5,-4.5
1308,17.01.2021,0:49:01,9.6,36.5,-4.5
1309,17.01.2021,1:49:01,9.7,36.6,-4.4
1310,17.01.2021,2:49:01,9.7,36.4,-4.4
1311,17.01.2021,3:49:01,9.7,36.6,-4.4
1312,17.01.2021,4:49:01,9.7,35.6,-4.7
1313,17.01.2021,5:49:01,9.9,37.6,-3.8
1314,17.01.2021,6:49:01,9.8,35.8,-4.6
1315,17.01.2021,7:49:01,9.9,35.3,-4.7
1316,17.01.2021,8:49:01,10,35.6,-4.5
1317,17.01.2021,9:49:01,10,35,-4.7
1318,17.01.2021,10:49:01,10,35.8,-4.4
1319,17.01.2021,11:49:01,9.8,36.1,-4.5
1320,17.01.2021,12:49:01,9.9,35.8,-4.5
1321,17.01.2021,13:49:01,13.1,34.4,-2.2
1322,17.01.2021,14:49:01,13.5,33,-2.4
1323,17.01.2021,15:49:01,12.5,32.7,-3.4
1324,17.01.2021,16:49:01,11,36.7,-3.2
1325,17.01.2021,17:49:01,10.3,35.8,-4.1
1326,17.01.2021,18:49:01,10.1,35.3,-4.5
1327,17.01.2021,19:49:01,10,36.4,-4.2
1328,17.01.2021,20:49:01,10,36.2,-4.2
1329,17.01.2021,21:49:01,10,37.3,-3.8
1330,17.01.2021,22:49:01,10,35.8,-4.4
1331,17.01.2021,23:49:01,10,35.6,-4.5
1332,18.01.2021,0:49:01,9.9,35.5,-4.6
1333,18.01.2021,1:49:01,9.9,35.1,-4.7
1334,18.01.2021,2:49:01,9.8,35.7,-4.6
1335,18.01.2021,3:49:01,9.8,34.7,-5
1336,18.01.2021,4:49:01,10,34.7,-4.8
1337,18.01.2021,5:49:01,9.8,33.7,-5.4
1338,18.01.2021,6:49:01,10,34.7,-4.8
1339,18.01.2021,7:49:01,9.9,33.1,-5.5
1340,18.01.2021,8:49:01,9.9,35.7,-4.5
1341,18.01.2021,9:49:01,9.8,36,-4.5
1342,18.01.2021,10:49:01,9.9,36.4,-4.3
1343,18.01.2021,11:49:01,9.9,39.3,-3.2
1344,18.01.2021,12:49:01,9.8,55.3,1.2
1345,18.01.2021,13:49:01,13.5,45.6,1.9
1346,18.01.2021,14:49:01,15.9,39.8,2.2
1347,18.01.2021,15:49:01,16,37.2,1.4
1348,18.01.2021,16:49:01,14.6,38.1,0.4
1349,18.01.2021,17:49:01,13.8,38.9,0
1350,18.01.2021,18:49:01,13.5,38.6,-0.3
1351,18.01.2021,19:49:01,13.6,40,0.2
1352,18.01.2021,20:49:01,13.4,38.6,-0.3
1353,18.01.2021,21:49:01,13.4,37.9,-0.6
1354,18.01.2021,22:49:01,13.4,37.1,-0.9
1355,18.01.2021,23:49:01,13.4,36.7,-1
1356,19.01.2021,0:49:01,13.4,36.7,-1
1357,19.01.2021,1:49:01,13.4,36.6,-1.1
1358,19.01.2021,2:49:01,13.4,36.5,-1.1
1359,19.01.2021,3:49:01,13.5,36.6,-1
1360,19.01.2021,4:49:01,13.6,36.6,-0.9
1361,19.01.2021,5:49:01,13.6,36.9,-0.8
1362,19.01.2021,6:49:01,13.7,36.6,-0.8
1363,19.01.2021,7:49:01,13.7,36.6,-0.8
1364,19.01.2021,8:49:01,13.7,36.8,-0.7
1365,19.01.2021,9:49:01,13.8,36.9,-0.6
1366,19.01.2021,10:49:01,13.9,37.2,-0.4
1367,19.01.2021,11:49:01,14.1,64.1,7.4
1368,19.01.2021,12:49:01,14.1,51.2,4.1
1369,19.01.2021,13:49:01,17.7,43.6,5.1
1370,19.01.2021,14:49:01,19.1,41.4,5.6
1371,19.01.2021,15:49:01,18.8,40.7,5.1
1372,19.01.2021,16:49:01,17.2,40.9,3.8
1373,19.01.2021,17:49:01,16.2,41.3,3
1374,19.01.2021,18:49:01,15.8,41.3,2.6
1375,19.01.2021,19:49:01,15.5,40.8,2.2
1376,19.01.2021,20:49:01,15.3,40.4,1.9
1377,19.01.2021,21:49:01,15.3,39.5,1.6
1378,19.01.2021,22:49:01,15.2,39.6,1.5
1379,19.01.2021,23:49:01,15.2,39.8,1.6
1380,20.01.2021,0:49:01,15.2,39.8,1.6
1381,20.01.2021,1:49:01,15.2,39.6,1.5
1382,20.01.2021,2:49:01,15.2,39.5,1.5
1383,20.01.2021,3:49:01,15.2,39.2,1.4
1384,20.01.2021,4:49:01,15.3,39.2,1.5
1385,20.01.2021,5:49:01,15.2,39.5,1.5
1386,20.01.2021,6:49:01,15.3,39.6,1.6
1387,20.01.2021,7:49:01,15.4,39.8,1.8
1388,20.01.2021,8:49:01,15.5,40.1,2
1389,20.01.2021,9:49:01,15.5,40.3,2
1390,20.01.2021,10:49:01,15.6,41.6,2.6
1391,20.01.2021,11:49:01,15.7,42.4,2.9
1392,20.01.2021,12:49:01,16,41.8,3
1393,20.01.2021,13:49:01,19.5,43.8,6.8
1394,20.01.2021,14:49:01,21,42.6,7.8
1395,20.01.2021,15:49:01,20.7,42.5,7.5
1396,20.01.2021,16:49:01,19,43.6,6.3
1397,20.01.2021,17:49:01,18,44,5.5
1398,20.01.2021,18:49:01,17.4,45.1,5.3
1399,20.01.2021,19:49:01,17.2,44.4,4.9
1400,20.01.2021,20:49:01,17,44.3,4.7
1401,20.01.2021,21:49:01,16.8,43,4.1
1402,20.01.2021,22:49:01,16.6,41.7,3.5
1403,20.01.2021,23:49:01,16.4,41,3.1
1404,21.01.2021,0:49:01,16.3,40,2.6
1405,21.01.2021,1:49:01,16.2,39.3,2.3
1406,21.01.2021,2:49:01,16.1,38.6,2
1407,21.01.2021,3:49:01,16,38.3,1.8
1408,21.01.2021,4:49:01,15.9,38.1,1.6
1409,21.01.2021,5:49:01,15.9,37.5,1.4
1410,21.01.2021,6:49:01,15.8,37.6,1.3
1411,21.01.2021,7:49:01,15.9,37.4,1.3
1412,21.01.2021,8:49:01,15.9,37.7,1.5
1413,21.01.2021,9:49:01,15.9,37.8,1.5
1414,21.01.2021,10:49:01,15.9,37.8,1.5
1415,21.01.2021,11:49:01,16,38.1,1.7
1416,21.01.2021,12:49:01,16.3,38,1.9
1417,21.01.2021,13:49:01,19.6,54.9,10.2
1418,21.01.2021,14:49:01,21.1,44.8,8.6
1419,21.01.2021,15:49:01,20.7,43.1,7.7
1420,21.01.2021,16:49:01,19.2,43.5,6.4
1421,21.01.2021,17:49:01,18.2,43.5,5.5
1422,21.01.2021,18:49:01,17.7,42.6,4.8
1423,21.01.2021,19:49:01,17.4,42.8,4.6
1424,21.01.2021,20:49:01,17.3,42.1,4.3
1425,21.01.2021,21:49:01,17.2,41.9,4.1
1426,21.01.2021,22:49:01,17.2,42.1,4.2
1427,21.01.2021,23:49:01,17.1,41.9,4
1428,22.01.2021,0:49:01,17.1,42.1,4.1
1429,22.01.2021,1:49:01,17.1,42.1,4.1
1430,22.01.2021,2:49:01,17,41.8,3.9
1431,22.01.2021,3:49:01,17.1,41.7,3.9
1432,22.01.2021,4:49:01,17,41.5,3.8
1433,22.01.2021,5:49:01,17,41.9,3.9
1434,22.01.2021,6:49:01,17.1,42,4
1435,22.01.2021,7:49:01,17.1,42.3,4.2
1436,22.01.2021,8:49:01,17.1,42.9,4.4
1437,22.01.2021,9:49:01,17.1,44,4.7
1438,22.01.2021,10:49:01,17.2,45.1,5.2
1439,22.01.2021,11:49:01,17,70,11.4
1440,22.01.2021,12:49:01,17.2,57.1,8.6
1441,22.01.2021,13:49:01,20.8,48.5,9.5
1442,22.01.2021,14:49:01,22.6,47.2,10.7
1443,22.01.2021,15:49:01,22.3,46.7,10.3
1444,22.01.2021,16:49:01,20.7,49.6,9.7
1445,22.01.2021,17:49:01,19.7,50.3,9
1446,22.01.2021,18:49:01,19.1,50.4,8.5
1447,22.01.2021,19:49:01,18.9,49.5,8.1
1448,22.01.2021,20:49:01,18.7,50.3,8.1
1449,22.01.2021,21:49:01,18.6,50.1,8
1450,22.01.2021,22:49:01,18.4,51.1,8.1
1451,22.01.2021,23:49:01,18.5,51.9,8.4
1452,23.01.2021,0:49:01,18.3,51.8,8.2
1453,23.01.2021,1:49:01,18.2,51.6,8
1454,23.01.2021,2:49:01,18.3,51.5,8.1
1455,23.01.2021,3:49:01,18.2,51.1,7.9
1456,23.01.2021,4:49:01,18.3,50.9,7.9
1457,23.01.2021,5:49:01,18.3,50.7,7.9
1458,23.01.2021,6:49:01,18.3,50.5,7.8
1459,23.01.2021,7:49:01,18.3,50.6,7.8
1460,23.01.2021,8:49:01,18.3,50.8,7.9
1461,23.01.2021,9:49:01,18.3,51,7.9
1462,23.01.2021,10:49:01,18.3,51,7.9
1463,23.01.2021,11:49:01,18.3,51.1,8
1464,23.01.2021,12:49:01,18.6,51.4,8.3
1465,23.01.2021,13:49:01,22.3,45.5,9.9
1466,23.01.2021,14:49:01,23.8,44.1,10.8
1467,23.01.2021,15:49:01,23.5,44.9,10.8
1468,23.01.2021,16:49:01,21.7,48.2,10.2
1469,23.01.2021,17:49:01,20.8,50,10
1470,23.01.2021,18:49:01,20.2,51.6,9.9
1471,23.01.2021,19:49:01,19.9,51.7,9.6
1472,23.01.2021,20:49:01,19.7,50.8,9.2
1473,23.01.2021,21:49:01,19.6,50.6,9
1474,23.01.2021,22:49:01,19.4,50.9,8.9
1475,23.01.2021,23:49:01,19.4,51.1,9
1476,24.01.2021,0:49:01,19.2,52.4,9.2
1477,24.01.2021,1:49:01,19.2,51.7,9
1478,24.01.2021,2:49:01,19.2,51.5,8.9
1479,24.01.2021,3:49:01,19.2,51.3,8.9
1480,24.01.2021,4:49:01,19.1,51.3,8.8
1481,24.01.2021,5:49:01,19.1,51.2,8.7
1482,24.01.2021,6:49:01,19.1,51.1,8.7
1483,24.01.2021,7:49:01,19.1,51,8.7
1484,24.01.2021,8:49:01,19.1,51,8.7
1485,24.01.2021,9:49:01,19.1,51.2,8.7
1486,24.01.2021,10:49:01,19.1,51.3,8.8
1487,24.01.2021,11:49:01,19,50.8,8.5
1488,24.01.2021,12:49:01,19.2,50.5,8.6
1489,24.01.2021,13:49:01,23.1,45.2,10.5
1490,24.01.2021,14:49:01,24.6,43.1,11.2
1491,24.01.2021,15:49:01,24.2,43.4,10.9
1492,24.01.2021,16:49:01,22.5,47.7,10.8
1493,24.01.2021,17:49:01,21.5,49,10.3
1494,24.01.2021,18:49:01,20.9,50.3,10.1
1495,24.01.2021,19:49:01,20.5,50.4,9.8
1496,24.01.2021,20:49:01,20.3,50.5,9.6
1497,24.01.2021,21:49:01,20.2,50.6,9.6
1498,24.01.2021,22:49:01,20.1,50.7,9.5
1499,24.01.2021,23:49:01,20,50.8,9.5
1500,25.01.2021,0:49:01,20,51.4,9.6
1501,25.01.2021,1:49:01,20,51.5,9.7
1502,25.01.2021,2:49:01,19.9,51.3,9.5
1503,25.01.2021,3:49:01,19.9,51.1,9.5
1504,25.01.2021,4:49:01,19.9,50.8,9.4
1505,25.01.2021,5:49:01,19.9,50.9,9.4
1506,25.01.2021,6:49:01,19.8,50.6,9.2
1507,25.01.2021,7:49:01,19.8,50.3,9.1
1508,25.01.2021,8:49:01,19.7,50,8.9
1509,25.01.2021,9:49:01,19.7,50,8.9
1510,25.01.2021,10:49:01,19.6,49.5,8.7
1511,25.01.2021,11:49:01,19.6,49,8.6
1512,25.01.2021,12:49:01,19.8,50.2,9.1
1513,25.01.2021,13:49:01,23.7,43.1,10.4
1514,25.01.2021,14:49:01,24.4,58.8,15.8
1515,25.01.2021,15:49:01,24.1,50.7,13.2
1516,25.01.2021,16:49:01,22.3,52.2,12
1517,25.01.2021,17:49:01,21.3,53.3,11.4
1518,25.01.2021,18:49:01,20.8,53.5,11
1519,25.01.2021,19:49:01,20.4,52.3,10.3
1520,25.01.2021,20:49:01,20.1,51.7,9.8
1521,25.01.2021,21:49:01,20,51.5,9.7
1522,25.01.2021,22:49:01,19.9,51.2,9.5
1523,25.01.2021,23:49:01,19.8,50.3,9.1
1524,26.01.2021,0:49:01,19.7,49.6,8.8
1525,26.01.2021,1:49:01,19.7,48.9,8.6
1526,26.01.2021,2:49:01,19.7,48.4,8.5
1527,26.01.2021,3:49:01,19.6,48.4,8.4
1528,26.01.2021,4:49:01,19.6,48.1,8.3
1529,26.01.2021,5:49:01,19.6,47.8,8.2
1530,26.01.2021,6:49:01,19.5,47.6,8
1531,26.01.2021,7:49:01,19.5,47.6,8
1532,26.01.2021,8:49:01,19.5,47.9,8.1
1533,26.01.2021,9:49:01,19.5,47.8,8.1
1534,26.01.2021,10:49:01,19.5,48.1,8.2
1535,26.01.2021,11:49:01,19.5,48.7,8.4
1536,26.01.2021,12:49:01,19.6,72.5,14.5
1537,26.01.2021,13:49:01,23,53.6,13
1538,26.01.2021,14:49:01,24.7,48.8,13.2
1539,26.01.2021,15:49:01,22.6,44.1,9.7
1540,26.01.2021,16:49:01,19.8,49.3,8.8
1541,26.01.2021,17:49:01,18.2,49.3,7.4
1542,26.01.2021,18:49:01,17.3,48.9,6.4
1543,26.01.2021,19:49:01,16.9,48.8,6
1544,26.01.2021,20:49:01,16.6,48.1,5.5
1545,26.01.2021,21:49:01,16.3,47.5,5.1
1546,26.01.2021,22:49:01,16,47.9,4.9
1547,26.01.2021,23:49:01,15.9,48.2,4.9
1548,27.01.2021,0:49:01,15.7,48.7,4.9
1549,27.01.2021,1:49:01,15.6,48.8,4.8
1550,27.01.2021,2:49:01,15.5,49.9,5.1
1551,27.01.2021,3:49:01,15.3,49.2,4.7
1552,27.01.2021,4:49:01,15.2,48.3,4.3
1553,27.01.2021,5:49:01,15.2,48.4,4.3
1554,27.01.2021,6:49:01,15.1,46.9,3.8
1555,27.01.2021,7:49:01,14.9,47.6,3.8
1556,27.01.2021,8:49:01,14.8,46.9,3.5
1557,27.01.2021,9:49:01,14.7,47.3,3.6
1558,27.01.2021,10:49:01,14.7,47.3,3.6
1559,27.01.2021,11:49:01,14.7,46.8,3.4
1560,27.01.2021,12:49:01,14.9,46.2,3.4
1561,27.01.2021,13:49:01,18.5,37.5,3.7
1562,27.01.2021,14:49:01,19.7,35.6,4
1563,27.01.2021,15:49:01,19.1,36.2,3.7
1564,27.01.2021,16:49:01,17.2,39,3.1
1565,27.01.2021,17:49:01,16.1,40.6,2.7
1566,27.01.2021,18:49:01,15.5,41.5,2.4
1567,27.01.2021,19:49:01,15.3,42.3,2.5
1568,27.01.2021,20:49:01,15,70.6,9.7
1569,27.01.2021,21:49:01,14.5,61.9,7.2
1570,27.01.2021,22:49:01,14.4,51.4,4.5
1571,27.01.2021,23:49:01,14.2,53.5,4.9
1572,28.01.2021,0:49:01,14.1,53.9,4.9
1573,28.01.2021,1:49:01,14,53.3,4.6
1574,28.01.2021,2:49:01,13.9,53.6,4.6
1575,28.01.2021,3:49:01,13.9,53.4,4.5
1576,28.01.2021,4:49:01,13.8,51.4,3.9
1577,28.01.2021,5:49:01,13.8,52.7,4.3
1578,28.01.2021,6:49:01,13.7,51.5,3.8
1579,28.01.2021,7:49:01,13.6,51.8,3.8
1580,28.01.2021,8:49:01,13.6,53.1,4.2
1581,28.01.2021,9:49:01,13.6,52.9,4.1
1582,28.01.2021,10:49:01,13.6,52.3,4
1583,28.01.2021,11:49:01,13.6,52.7,4.1
1584,28.01.2021,12:49:01,14,54.2,4.9
1585,28.01.2021,13:49:01,17.8,44.9,5.6
1586,28.01.2021,14:49:01,18.4,72,13.2
1587,28.01.2021,15:49:01,17.3,66.3,10.9
1588,28.01.2021,16:49:01,16.1,64.6,9.4
1589,28.01.2021,17:49:01,16,58.2,7.7
1590,28.01.2021,18:49:01,15.4,57.1,6.9
1591,28.01.2021,19:49:01,14.9,56.6,6.3
1592,28.01.2021,20:49:01,14.5,55.4,5.6
1593,28.01.2021,21:49:01,14.4,55,5.4
1594,28.01.2021,22:49:01,14.2,51.7,4.4
1595,28.01.2021,23:49:01,14.1,53.6,4.8
1596,29.01.2021,0:49:01,14,53.9,4.8
1597,29.01.2021,1:49:01,13.9,52.7,4.4
1598,29.01.2021,2:49:01,13.9,53.2,4.5
1599,29.01.2021,3:49:01,13.8,52.8,4.3
1600,29.01.2021,4:49:01,13.7,53.4,4.4
1601,29.01.2021,5:49:01,13.7,53.5,4.4
1602,29.01.2021,6:49:01,13.6,53.8,4.4
1603,29.01.2021,7:49:01,13.6,53,4.2
1604,29.01.2021,8:49:01,13.6,53.8,4.4
1605,29.01.2021,9:49:01,13.6,53.4,4.3
1606,29.01.2021,10:49:01,15,49.3,4.4
1607,29.01.2021,11:49:01,17.1,43.3,4.5
1608,29.01.2021,12:49:01,18,40.8,4.4
1609,29.01.2021,13:49:01,19,38.4,4.5
1610,29.01.2021,14:49:01,19.8,37.6,4.9
1611,29.01.2021,15:49:01,18.8,42.7,5.8
1612,29.01.2021,16:49:01,17.3,47,5.8
1613,29.01.2021,17:49:01,16.7,68,10.7
1614,29.01.2021,18:49:01,15.4,64.3,8.7
1615,29.01.2021,19:49:01,14.7,59.7,6.9
1616,29.01.2021,20:49:01,14.3,57.9,6.1
1617,29.01.2021,21:49:01,14,57.1,5.6
1618,29.01.2021,22:49:01,13.8,55.1,4.9
1619,29.01.2021,23:49:01,13.6,55,4.7
1620,30.01.2021,0:49:01,13.4,52.5,3.8
1621,30.01.2021,1:49:01,13.3,53.2,3.9
1622,30.01.2021,2:49:01,13.2,52.5,3.7
1623,30.01.2021,3:49:01,13.1,52.1,3.5
1624,30.01.2021,4:49:01,12.9,52.6,3.4
1625,30.01.2021,5:49:01,12.8,51.8,3.1
1626,30.01.2021,6:49:01,12.8,51.3,3
1627,30.01.2021,7:49:01,12.7,50.7,2.7
1628,30.01.2021,8:49:01,12.6,50.9,2.7
1629,30.01.2021,9:49:01,12.5,50.7,2.5
1630,30.01.2021,10:49:01,13.8,46.1,2.4
1631,30.01.2021,11:49:01,15.8,39.9,2.2
1632,30.01.2021,12:49:01,16.7,38.8,2.6
1633,30.01.2021,13:49:01,17.8,36.7,2.8
1634,30.01.2021,14:49:01,17.9,47.9,6.7
1635,30.01.2021,15:49:01,17.1,43.3,4.5
1636,30.01.2021,16:49:01,15.6,45.3,3.8
1637,30.01.2021,17:49:01,15.4,44.9,3.5
1638,30.01.2021,18:49:01,14.6,45.4,2.9
1639,30.01.2021,19:49:01,13.9,45.1,2.2
1640,30.01.2021,20:49:01,13.5,44.5,1.6
1641,30.01.2021,21:49:01,13.2,44.3,1.3
1642,30.01.2021,22:49:01,13,45,1.3
1643,30.01.2021,23:49:01,12.8,45.9,1.4
1644,31.01.2021,0:49:01,12.6,45.4,1.1
1645,31.01.2021,1:49:01,12.5,44.9,0.8
1646,31.01.2021,2:49:01,12.4,45.4,0.9
1647,31.01.2021,3:49:01,12.3,44.9,0.6
1648,31.01.2021,4:49:01,12.2,45.1,0.6
1649,31.01.2021,5:49:01,12.2,46,0.9
1650,31.01.2021,6:49:01,12.1,46.2,0.9
1651,31.01.2021,7:49:01,12,45.8,0.6
1652,31.01.2021,8:49:01,12,46.9,1
1653,31.01.2021,9:49:01,12,46.9,1
1654,31.01.2021,10:49:01,13.3,43.1,1
1655,31.01.2021,11:49:01,15.4,37.1,0.8
1656,31.01.2021,12:49:01,16.7,35.8,1.4
1657,31.01.2021,13:49:01,17.2,58.9,9.1
1658,31.01.2021,14:49:01,17.2,46.8,5.7
1659,31.01.2021,15:49:01,16.6,45.1,4.6
1660,31.01.2021,16:49:01,15,48.6,4.2
1661,31.01.2021,17:49:01,14.6,49.3,4.1
1662,31.01.2021,18:49:01,13.9,50,3.6
1663,31.01.2021,19:49:01,13.2,50.5,3.1
1664,31.01.2021,20:49:01,12.9,49.4,2.5
1665,31.01.2021,21:49:01,12.6,48.5,2
1666,31.01.2021,22:49:01,12.5,48.2,1.8
1667,31.01.2021,23:49:01,12.3,47,1.3
1668,01.02.2021,0:49:01,12.2,45.6,0.8
1669,01.02.2021,1:49:01,12.1,46.6,1
1670,01.02.2021,2:49:01,12.1,47.1,1.1
1671,01.02.2021,3:49:01,12,47.1,1
1672,01.02.2021,4:49:01,12.1,47.6,1.3
1673,01.02.2021,5:49:01,12,46.3,0.8
1674,01.02.2021,6:49:01,12,46.1,0.7
1675,01.02.2021,7:49:01,11.9,46.4,0.7
1676,01.02.2021,8:49:01,11.8,46.9,0.8
1677,01.02.2021,9:49:01,11.8,46.2,0.6
1678,01.02.2021,10:49:01,13.2,42.2,0.6
1679,01.02.2021,11:49:01,15.4,36.5,0.6
1680,01.02.2021,12:49:01,16.4,35.1,0.9
1681,01.02.2021,13:49:01,17.5,33.9,1.4
1682,01.02.2021,14:49:01,18.2,32.7,1.5
1683,01.02.2021,15:49:01,16.5,54.7,7.3
1684,01.02.2021,16:49:01,15,56.2,6.3
1685,01.02.2021,17:49:01,14.6,52.9,5.1
1686,01.02.2021,18:49:01,13.9,52,4.2
1687,01.02.2021,19:49:01,13.1,51.2,3.2
1688,01.02.2021,20:49:01,12.7,49.8,2.5
1689,01.02.2021,21:49:01,12.4,48.7,1.9
1690,01.02.2021,22:49:01,12.1,47,1.1
1691,01.02.2021,23:49:01,11.9,46.7,0.8
1692,02.02.2021,0:49:01,11.7,46.4,0.6
1693,02.02.2021,1:49:01,11.5,45.8,0.2
1694,02.02.2021,2:49:01,11.3,45.8,0
1695,02.02.2021,3:49:01,11.1,45.2,-0.3
1696,02.02.2021,4:49:01,11,44.6,-0.5
1697,02.02.2021,5:49:01,10.8,44.4,-0.8
1698,02.02.2021,6:49:01,11,43.6,-0.8
1699,02.02.2021,7:49:01,10.8,39.3,-2.4
1700,02.02.2021,8:49:01,11.1,43.2,-0.9
1701,02.02.2021,9:49:01,10.9,43.3,-1
1702,02.02.2021,10:49:01,12.6,39.9,-0.6
1703,02.02.2021,11:49:01,15.1,34,-0.6
1704,02.02.2021,12:49:01,16.4,32.7,0
1705,02.02.2021,13:49:01,17.7,31.7,0.6
1706,02.02.2021,14:49:01,18.6,31.2,1.2
1707,02.02.2021,15:49:01,17.2,46.1,5.5
1708,02.02.2021,16:49:01,15.8,47,4.5
1709,02.02.2021,17:49:01,15.3,45.9,3.7
1710,02.02.2021,18:49:01,14.6,42.9,2.1
1711,02.02.2021,19:49:01,14,45,2.2
1712,02.02.2021,20:49:01,13.7,43.6,1.5
1713,02.02.2021,21:49:01,13.5,42.6,1
1714,02.02.2021,22:49:01,13.3,42.4,0.8
1715,02.02.2021,23:49:01,13.1,43.2,0.8
1716,03.02.2021,0:49:01,13.1,42.1,0.5
1717,03.02.2021,1:49:01,12.9,42.5,0.4
1718,03.02.2021,2:49:01,12.9,42.3,0.4
1719,03.02.2021,3:49:01,12.8,44.2,0.9
1720,03.02.2021,4:49:01,12.8,41.7,0.1
1721,03.02.2021,5:49:01,12.8,40.8,-0.1
1722,03.02.2021,6:49:01,12.7,41.8,0
1723,03.02.2021,7:49:01,12.6,40,-0.6
1724,03.02.2021,8:49:01,12.5,39.8,-0.7
1725,03.02.2021,9:49:01,12.4,39.5,-0.9
1726,03.02.2021,10:49:01,13.7,36.5,-0.8
1727,03.02.2021,11:49:01,15.6,32.5,-0.8
1728,03.02.2021,12:49:01,16.5,31.9,-0.2
1729,03.02.2021,13:49:01,17.6,30.9,0.2
1730,03.02.2021,14:49:01,18.6,30.5,0.9
1731,03.02.2021,15:49:01,17.4,55.3,8.3
1732,03.02.2021,16:49:01,16,49.1,5.3
1733,03.02.2021,17:49:01,15.6,46.2,4
1734,03.02.2021,18:49:01,14.9,46.7,3.6
1735,03.02.2021,19:49:01,14.4,46.2,3
1736,03.02.2021,20:49:01,14.3,47.7,3.3
1737,03.02.2021,21:49:01,14.2,47,3
1738,03.02.2021,22:49:01,14.1,52.3,4.4
1739,03.02.2021,23:49:01,14.1,52.3,4.4
1740,04.02.2021,0:49:01,14.2,52.2,4.5
1741,04.02.2021,1:49:01,14.2,51.5,4.3
1742,04.02.2021,2:49:01,14.3,51.5,4.4
1743,04.02.2021,3:49:01,14.3,50.9,4.2
1744,04.02.2021,4:49:01,14.4,50.1,4.1
1745,04.02.2021,5:49:01,14.4,49.6,4
1746,04.02.2021,6:49:01,14.4,49,3.8
1747,04.02.2021,7:49:01,14.5,48.8,3.8
1748,04.02.2021,8:49:01,14.5,48.1,3.6
1749,04.02.2021,9:49:01,14.5,48.1,3.6
1750,04.02.2021,10:49:01,15.7,69,10
1751,04.02.2021,11:49:01,17.1,50.5,6.7
1752,04.02.2021,12:49:01,18.4,41.3,5
1753,04.02.2021,13:49:01,19.5,37.9,4.7
1754,04.02.2021,14:49:01,20.6,36.7,5.2
1755,04.02.2021,15:49:01,20.3,40.3,6.3
1756,04.02.2021,16:49:01,19.9,43.6,7.1
1757,04.02.2021,17:49:01,19.9,44,7.2
1758,04.02.2021,18:49:01,19.3,42.2,6.1
1759,04.02.2021,19:49:01,18.7,42.6,5.7
1760,04.02.2021,20:49:01,18.2,40.7,4.6
1761,04.02.2021,21:49:01,17.9,40,4.1
1762,04.02.2021,22:49:01,17.6,39.8,3.7
1763,04.02.2021,23:49:01,17.5,43.6,4.9
1764,05.02.2021,0:49:01,17.4,44.1,5
1765,05.02.2021,1:49:01,17.3,45,5.2
1766,05.02.2021,2:49:01,17.2,46.2,5.5
1767,05.02.2021,3:49:01,17.1,45.6,5.2
1768,05.02.2021,4:49:01,17.1,45.6,5.2
1769,05.02.2021,5:49:01,17.1,45.7,5.3
1770,05.02.2021,6:49:01,17.1,45.6,5.2
1771,05.02.2021,7:49:01,17,42.6,4.2
1772,05.02.2021,8:49:01,17,41.3,3.7
1773,05.02.2021,9:49:01,16.9,41.9,3.8
1774,05.02.2021,10:49:01,18.1,37.5,3.3
1775,05.02.2021,11:49:01,20.3,33.3,3.6
1776,05.02.2021,12:49:01,21.3,34.2,4.9
1777,05.02.2021,13:49:01,21.6,51.1,11
1778,05.02.2021,14:49:01,22.9,41.6,9.1
1779,05.02.2021,15:49:01,21.9,40.5,7.8
1780,05.02.2021,16:49:01,20.2,40.3,6.2
1781,05.02.2021,17:49:01,19.6,40.6,5.8
1782,05.02.2021,18:49:01,18.7,40.3,4.9
1783,05.02.2021,19:49:01,17.8,39.4,3.8
1784,05.02.2021,20:49:01,17.2,38.8,3
1785,05.02.2021,21:49:01,16.7,37.7,2.2
1786,05.02.2021,22:49:01,16.4,37.1,1.7
1787,05.02.2021,23:49:01,16,36.9,1.2
1788,06.02.2021,0:49:01,15.7,36.7,0.9
1789,06.02.2021,1:49:01,15.5,36.5,0.7
1790,06.02.2021,2:49:01,15.3,36.3,0.4
1791,06.02.2021,3:49:01,15.1,36.1,0.1
1792,06.02.2021,4:49:01,15,35.5,-0.1
1793,06.02.2021,5:49:01,14.8,35.1,-0.4
1794,06.02.2021,6:49:01,14.6,34.7,-0.7
1795,06.02.2021,7:49:01,14.5,34.6,-0.9
1796,06.02.2021,8:49:01,14.4,34.5,-1
1797,06.02.2021,9:49:01,14.2,34.3,-1.2
1798,06.02.2021,10:49:01,15.1,52.6,5.4
1799,06.02.2021,11:49:01,15.8,43.1,3.2
1800,06.02.2021,12:49:01,15.9,39.3,2
1801,06.02.2021,13:49:01,16.2,35.6,0.9
1802,06.02.2021,14:49:01,16.2,34.1,0.3
1803,06.02.2021,15:49:01,16.3,34.7,0.7
1804,06.02.2021,16:49:01,15.9,35,0.4
1805,06.02.2021,17:49:01,16.1,37,1.4
1806,06.02.2021,18:49:01,15.3,36.2,0.4
1807,06.02.2021,19:49:01,14.7,36.1,-0.1
1808,06.02.2021,20:49:01,14.3,35.5,-0.7
1809,06.02.2021,21:49:01,14,35.4,-1
1810,06.02.2021,22:49:01,13.8,34.9,-1.4
1811,06.02.2021,23:49:01,13.5,34.3,-1.9
1812,07.02.2021,0:49:01,13.4,33.9,-2.1
1813,07.02.2021,1:49:01,13.3,33.9,-2.2
1814,07.02.2021,2:49:01,13.1,33.8,-2.4
1815,07.02.2021,3:49:01,13,33.4,-2.7
1816,07.02.2021,4:49:01,13,33.3,-2.7
1817,07.02.2021,5:49:01,12.8,33.6,-2.8
1818,07.02.2021,6:49:01,12.7,32.3,-3.4
1819,07.02.2021,7:49:01,12.8,32.5,-3.2
1820,07.02.2021,8:49:01,12.9,32.2,-3.2
1821,07.02.2021,9:49:01,13.1,31.9,-3.2
1822,07.02.2021,10:49:01,14.6,30.7,-2.4
1823,07.02.2021,11:49:01,16.1,27.3,-2.7
1824,07.02.2021,12:49:01,16.3,26.4,-3
1825,07.02.2021,13:49:01,16.4,49.7,5.8
1826,07.02.2021,14:49:01,16.6,41.1,3.3
1827,07.02.2021,15:49:01,16.5,38.1,2.1
1828,07.02.2021,16:49:01,16.4,38.6,2.2
1829,07.02.2021,17:49:01,16.5,36.6,1.6
1830,07.02.2021,18:49:01,15.9,39.4,2.1
1831,07.02.2021,19:49:01,15.3,44.3,3.2
1832,07.02.2021,20:49:01,14.9,43.9,2.7
1833,07.02.2021,21:49:01,14.7,43.6,2.4
1834,07.02.2021,22:49:01,14.5,41.3,1.5
1835,07.02.2021,23:49:01,14.3,38.7,0.4
1836,08.02.2021,0:49:01,14.1,36.5,-0.5
1837,08.02.2021,1:49:01,13.9,35.4,-1.1
1838,08.02.2021,2:49:01,13.7,34.6,-1.6
1839,08.02.2021,3:49:01,13.6,34.4,-1.7
1840,08.02.2021,4:49:01,13.4,34.6,-1.8
1841,08.02.2021,5:49:01,12.8,33.2,-2.9
1842,08.02.2021,6:49:01,12.7,33.4,-2.9
1843,08.02.2021,7:49:01,12.7,34.1,-2.6
1844,08.02.2021,8:49:01,12.9,34.7,-2.2
1845,08.02.2021,9:49:01,13,36.9,-1.3
1846,08.02.2021,10:49:01,14.4,32.1,-2
1847,08.02.2021,11:49:01,15.7,28,-2.7
1848,08.02.2021,12:49:01,16,28.1,-2.4
1849,08.02.2021,13:49:01,16.6,27.3,-2.3
1850,08.02.2021,14:49:01,17,27,-2.1
1851,08.02.2021,15:49:01,17.2,28.8,-1
1852,08.02.2021,16:49:01,17,29.5,-0.9
1853,08.02.2021,17:49:01,16.6,56.9,8
1854,08.02.2021,18:49:01,15.8,49.7,5.3
1855,08.02.2021,19:49:01,15.2,60.2,7.5
1856,08.02.2021,20:49:01,14.9,55.3,6
1857,08.02.2021,21:49:01,14.8,57.4,6.4
1858,08.02.2021,22:49:01,14.5,51.7,4.6
1859,08.02.2021,23:49:01,14.4,49.7,4
1860,09.02.2021,0:49:01,14.3,48,3.4
1861,09.02.2021,1:49:01,14.2,44.2,2.1
1862,09.02.2021,2:49:01,14.1,42.9,1.6
1863,09.02.2021,3:49:01,14,41.6,1.1
1864,09.02.2021,4:49:01,14,44.1,1.9
1865,09.02.2021,5:49:01,12.9,43.3,0.7
1866,09.02.2021,6:49:01,12.9,42.5,0.4
1867,09.02.2021,7:49:01,13.2,42.1,0.6
1868,09.02.2021,8:49:01,13.3,44.3,1.4
1869,09.02.2021,9:49:01,13.5,42.7,1
1870,09.02.2021,10:49:01,14.8,35.4,-0.3
1871,09.02.2021,11:49:01,15.8,30.9,-1.3
1872,09.02.2021,12:49:01,15.6,64,8.8
1873,09.02.2021,13:49:01,15.3,48.8,4.6
1874,09.02.2021,14:49:01,15.4,42.5,2.7
1875,09.02.2021,15:49:01,15.8,44.5,3.7
1876,09.02.2021,16:49:01,16,38,1.7
1877,09.02.2021,17:49:01,16,38,1.7
1878,09.02.2021,18:49:01,15.3,39.3,1.5
1879,09.02.2021,19:49:01,14.6,40.9,1.4
1880,09.02.2021,20:49:01,14.4,47.3,3.3
1881,09.02.2021,21:49:01,14.1,45.6,2.5
1882,09.02.2021,22:49:01,13.9,40.4,0.6
1883,09.02.2021,23:49:01,13.8,40.1,0.4
1884,10.02.2021,0:49:01,13.7,40.2,0.4
1885,10.02.2021,1:49:01,13.6,38.8,-0.1
1886,10.02.2021,2:49:01,13.5,39,-0.1
1887,10.02.2021,3:49:01,13.5,39,-0.1
1888,10.02.2021,4:49:01,13.4,38.8,-0.3
1889,10.02.2021,5:49:01,12.5,37.5,-1.5
1890,10.02.2021,6:49:01,12.7,37.5,-1.4
1891,10.02.2021,7:49:01,12.8,37.6,-1.2
1892,10.02.2021,8:49:01,12.9,37.3,-1.3
1893,10.02.2021,9:49:01,13,36.9,-1.3
1894,10.02.2021,10:49:01,14.3,35.4,-0.7
1895,10.02.2021,11:49:01,15.1,30.6,-2
1896,10.02.2021,12:49:01,15,47.7,4
1897,10.02.2021,13:49:01,15.7,46.4,4.2
1898,10.02.2021,14:49:01,15.6,39.3,1.8
1899,10.02.2021,15:49:01,15.9,39.8,2.2
1900,10.02.2021,16:49:01,15.9,36,0.8
1901,10.02.2021,17:49:01,16,35,0.5
1902,10.02.2021,18:49:01,15.1,35,-0.2
1903,10.02.2021,19:49:01,14.5,40.1,1.1
1904,10.02.2021,20:49:01,14.1,38.7,0.2
1905,10.02.2021,21:49:01,13.9,38.4,0
1906,10.02.2021,22:49:01,13.7,38.6,-0.1
1907,10.02.2021,23:49:01,13.5,37.7,-0.6
1908,11.02.2021,0:49:01,13.5,37.9,-0.5
1909,11.02.2021,1:49:01,13.3,37.3,-0.9
1910,11.02.2021,2:49:01,13.2,37.3,-1
1911,11.02.2021,3:49:01,13.1,36.9,-1.2
1912,11.02.2021,4:49:01,13.1,36.5,-1.4
1913,11.02.2021,5:49:01,12.5,34.6,-2.6
1914,11.02.2021,6:49:01,12.5,35.4,-2.3
1915,11.02.2021,7:49:01,12.6,35.4,-2.2
1916,11.02.2021,8:49:01,12.6,34.5,-2.6
1917,11.02.2021,9:49:01,12.7,34.8,-2.4
1918,11.02.2021,10:49:01,14.1,33.5,-1.7
1919,11.02.2021,11:49:01,15.2,29.8,-2.3
1920,11.02.2021,12:49:01,15.8,56.8,7.2
1921,11.02.2021,13:49:01,14.7,59.1,6.8
1922,11.02.2021,14:49:01,15.4,41.5,2.4
1923,11.02.2021,15:49:01,15.9,38.7,1.8
1924,11.02.2021,16:49:01,15.9,39.3,2
1925,11.02.2021,17:49:01,16,36,0.9
1926,11.02.2021,18:49:01,15.4,34.9,0
1927,11.02.2021,19:49:01,14.6,36.1,-0.2
1928,11.02.2021,20:49:01,14.2,36.3,-0.5
1929,11.02.2021,21:49:01,13.9,36.2,-0.8
1930,11.02.2021,22:49:01,13.6,36.1,-1.1
1931,11.02.2021,23:49:01,13.5,35.3,-1.5
1932,12.02.2021,0:49:01,13.3,35.2,-1.7
1933,12.02.2021,1:49:01,13.2,33.5,-2.4
1934,12.02.2021,2:49:01,13.2,33.3,-2.5
1935,12.02.2021,3:49:01,13,33.2,-2.7
1936,12.02.2021,4:49:01,13,32.7,-2.9
1937,12.02.2021,5:49:01,12.5,34.3,-2.7
1938,12.02.2021,6:49:01,12.5,31.1,-4.1
1939,12.02.2021,7:49:01,12.5,31.2,-4
1940,12.02.2021,8:49:01,12.5,31.7,-3.8
1941,12.02.2021,9:49:01,12.5,31.5,-3.9
1942,12.02.2021,10:49:01,13.9,31.3,-2.7
1943,12.02.2021,11:49:01,15.3,25.8,-4.1
1944,12.02.2021,12:49:01,15.8,27.3,-2.9
1945,12.02.2021,13:49:01,16,26.4,-3.2
1946,12.02.2021,14:49:01,15.9,25.9,-3.6
1947,12.02.2021,15:49:01,16.1,27.9,-2.4
1948,12.02.2021,16:49:01,16.4,31.2,-0.6
1949,12.02.2021,17:49:01,15.6,43.9,3.3
1950,12.02.2021,18:49:01,14.5,40.5,1.2
1951,12.02.2021,19:49:01,13.6,42.3,1
1952,12.02.2021,20:49:01,13.2,41.4,0.3
1953,12.02.2021,21:49:01,12.8,41.2,0
1954,12.02.2021,22:49:01,12.6,39.1,-0.9
1955,12.02.2021,23:49:01,12.5,38.3,-1.3
1956,13.02.2021,0:49:01,12.4,36.8,-1.9
1957,13.02.2021,1:49:01,12.3,35.9,-2.3
1958,13.02.2021,2:49:01,12.3,34.6,-2.8
1959,13.02.2021,3:49:01,12.2,32.2,-3.9
1960,13.02.2021,4:49:01,12.2,33.9,-3.2
1961,13.02.2021,5:49:01,11.9,34.3,-3.3
1962,13.02.2021,6:49:01,11.9,34.5,-3.2
1963,13.02.2021,7:49:01,11.8,32.7,-4
1964,13.02.2021,8:49:01,11.8,32.2,-4.2
1965,13.02.2021,9:49:01,11.9,31.2,-4.5
1966,13.02.2021,10:49:01,12,31.3,-4.4
1967,13.02.2021,11:49:01,12.1,30.4,-4.7
1968,13.02.2021,12:49:01,14.4,27.1,-4.2
1969,13.02.2021,13:49:01,15.1,26.5,-3.9
1970,13.02.2021,14:49:01,15.4,27.3,-3.3
1971,13.02.2021,15:49:01,15.3,37,0.7
1972,13.02.2021,16:49:01,15.4,33.6,-0.5
1973,13.02.2021,17:49:01,15.6,35.1,0.2
1974,13.02.2021,18:49:01,15.7,34.7,0.1
1975,13.02.2021,19:49:01,15.6,33.5,-0.3
1976,13.02.2021,20:49:01,14.6,32.6,-1.6
1977,13.02.2021,21:49:01,14,31.9,-2.4
1978,13.02.2021,22:49:01,13.7,31.5,-2.8
1979,13.02.2021,23:49:01,13.4,31.7,-3
1980,14.02.2021,0:49:01,13.2,30.7,-3.6
1981,14.02.2021,1:49:01,13.1,30.2,-3.9
1982,14.02.2021,2:49:01,12.9,29.3,-4.5
1983,14.02.2021,3:49:01,12.9,29.1,-4.6
1984,14.02.2021,4:49:01,12.8,28.6,-4.9
1985,14.02.2021,5:49:01,12.7,28,-5.3
1986,14.02.2021,6:49:01,12.7,30,-4.4
1987,14.02.2021,7:49:01,12.1,27.3,-6.1
1988,14.02.2021,8:49:01,12.2,27.2,-6.1
1989,14.02.2021,9:49:01,12.3,27.3,-5.9
1990,14.02.2021,10:49:01,12.4,27.5,-5.8
1991,14.02.2021,11:49:01,12.5,28.1,-5.4
1992,14.02.2021,12:49:01,14.8,25.3,-4.8
1993,14.02.2021,13:49:01,15,25.4,-4.6
1994,14.02.2021,14:49:01,15.9,26.1,-3.5
1995,14.02.2021,15:49:01,16.3,25.9,-3.2
1996,14.02.2021,16:49:01,16.3,26.3,-3
1997,14.02.2021,17:49:01,16.4,27,-2.6
1998,14.02.2021,18:49:01,16.7,55.8,7.8
1999,14.02.2021,19:49:01,16.4,46.2,4.8
2000,14.02.2021,20:49:01,15.2,44.8,3.2
2001,14.02.2021,21:49:01,14.4,43.2,2
2002,14.02.2021,22:49:01,13.9,41.1,0.9
2003,14.02.2021,23:49:01,13.5,38.9,-0.2
2004,15.02.2021,0:49:01,13.2,38.3,-0.6
2005,15.02.2021,1:49:01,13.1,37.8,-0.9
2006,15.02.2021,2:49:01,12.8,36.7,-1.6
2007,15.02.2021,3:49:01,12.7,37.1,-1.5
2008,15.02.2021,4:49:01,12.5,36.5,-1.9
2009,15.02.2021,5:49:01,12.4,36.6,-2
2010,15.02.2021,6:49:01,12.3,36.4,-2.1
2011,15.02.2021,7:49:01,11.9,35.1,-3
2012,15.02.2021,8:49:01,11.8,34.8,-3.2
2013,15.02.2021,9:49:01,11.9,34.1,-3.4
2014,15.02.2021,10:49:01,12,33.6,-3.5
2015,15.02.2021,11:49:01,12.2,33.5,-3.3
2016,15.02.2021,12:49:01,14.3,32.1,-2.1
2017,15.02.2021,13:49:01,14.7,29.4,-2.9
2018,15.02.2021,14:49:01,14.4,47,3.2
2019,15.02.2021,15:49:01,15.2,42.3,2.4
2020,15.02.2021,16:49:01,15.2,40.8,1.9
2021,15.02.2021,17:49:01,15.6,43.3,3.1
2022,15.02.2021,18:49:01,16.4,40.6,2.9
2023,15.02.2021,19:49:01,16.4,39.8,2.7
2024,15.02.2021,20:49:01,15.7,39.6,2
2025,15.02.2021,21:49:01,15.3,43.6,3
2026,15.02.2021,22:49:01,15.2,40.7,1.9
2027,15.02.2021,23:49:01,15.1,38.4,1
2028,16.02.2021,0:49:01,15.1,37.2,0.6
2029,16.02.2021,1:49:01,15,36.7,0.3
2030,16.02.2021,2:49:01,15.1,36,0.1
2031,16.02.2021,3:49:01,15.1,35.4,0
2032,16.02.2021,4:49:01,15.1,35.1,-0.1
2033,16.02.2021,5:49:01,15,34.9,-0.3
2034,16.02.2021,6:49:01,14.9,33.4,-1
2035,16.02.2021,7:49:01,12.8,37.2,-1.4
2036,16.02.2021,8:49:01,13.6,38.6,-0.2
2037,16.02.2021,9:49:01,14,41.9,1.2
2038,16.02.2021,10:49:01,14.3,40.8,1.1
2039,16.02.2021,11:49:01,14.5,45.4,2.8
2040,16.02.2021,12:49:01,16.4,33,0.1
2041,16.02.2021,13:49:01,15.6,30.1,-1.8
2042,16.02.2021,14:49:01,16.3,30.2,-1.1
2043,16.02.2021,15:49:01,16.4,29.8,-1.2
2044,16.02.2021,16:49:01,15.9,49.4,5.3
2045,16.02.2021,17:49:01,16.3,51.9,6.4
2046,16.02.2021,18:49:01,16.8,44.8,4.7
2047,16.02.2021,19:49:01,16.8,45.8,5
2048,16.02.2021,20:49:01,16.2,45.6,4.4
2049,16.02.2021,21:49:01,15.9,47.5,4.7
2050,16.02.2021,22:49:01,15.8,41.9,2.8
2051,16.02.2021,23:49:01,15.7,40.8,2.4
2052,17.02.2021,0:49:01,15.6,42.1,2.7
2053,17.02.2021,1:49:01,15.7,51.1,5.6
2054,17.02.2021,2:49:01,15.6,53.5,6.2
2055,17.02.2021,3:49:01,15.6,54.5,6.4
2056,17.02.2021,4:49:01,15.6,51.8,5.7
2057,17.02.2021,5:49:01,15.7,51.8,5.8
2058,17.02.2021,6:49:01,15.6,40.4,2.2
2059,17.02.2021,7:49:01,13.9,39.6,0.4
2060,17.02.2021,8:49:01,14.6,48.2,3.7
2061,17.02.2021,9:49:01,15.1,51.5,5.1
2062,17.02.2021,10:49:01,15.3,51.3,5.3
2063,17.02.2021,11:49:01,15.6,49.8,5.1
2064,17.02.2021,12:49:01,17.4,36.7,2.4
2065,17.02.2021,13:49:01,16.8,34.1,0.9
2066,17.02.2021,14:49:01,17.2,33.5,1
2067,17.02.2021,15:49:01,17,48.1,5.9
2068,17.02.2021,16:49:01,17.8,42.4,4.8
2069,17.02.2021,17:49:01,18.6,47.7,7.2
2070,17.02.2021,18:49:01,18.8,42.9,5.9
2071,17.02.2021,19:49:01,18.5,44,6
2072,17.02.2021,20:49:01,17.7,42,4.6
2073,17.02.2021,21:49:01,17.2,48.2,6.1
2074,17.02.2021,22:49:01,17,44.7,4.8
2075,17.02.2021,23:49:01,16.9,43.4,4.3
2076,18.02.2021,0:49:01,16.7,40.4,3.1
2077,18.02.2021,1:49:01,16.6,39.8,2.8
2078,18.02.2021,2:49:01,16.5,40.3,2.9
2079,18.02.2021,3:49:01,16.4,38.9,2.3
2080,18.02.2021,4:49:01,16.3,38.7,2.2
2081,18.02.2021,5:49:01,16.3,38.5,2.1
2082,18.02.2021,6:49:01,16.1,37.4,1.5
2083,18.02.2021,7:49:01,13.9,38.3,0
2084,18.02.2021,8:49:01,14.7,36.2,-0.1
2085,18.02.2021,9:49:01,15.2,44.5,3.2
2086,18.02.2021,10:49:01,15.3,43.8,3
2087,18.02.2021,11:49:01,15.5,45.8,3.8
2088,18.02.2021,12:49:01,17.4,33.9,1.3
2089,18.02.2021,13:49:01,16.6,30.9,-0.6
2090,18.02.2021,14:49:01,16.7,30.4,-0.7
2091,18.02.2021,15:49:01,17.1,29,-1
2092,18.02.2021,16:49:01,17.1,47.2,5.7
2093,18.02.2021,17:49:01,16.9,49.6,6.3
2094,18.02.2021,18:49:01,17.4,43.3,4.8
2095,18.02.2021,19:49:01,17.5,42.7,4.6
2096,18.02.2021,20:49:01,16.8,41.9,3.7
2097,18.02.2021,21:49:01,16.4,46,4.7
2098,18.02.2021,22:49:01,16.3,41.6,3.2
2099,18.02.2021,23:49:01,16.2,41.1,2.9
2100,19.02.2021,0:49:01,16,43.2,3.5
2101,19.02.2021,1:49:01,16,44.4,3.8
2102,19.02.2021,2:49:01,15.9,43.1,3.3
2103,19.02.2021,3:49:01,15.9,41.5,2.8
2104,19.02.2021,4:49:01,15.9,42,3
2105,19.02.2021,5:49:01,15.8,39,1.8
2106,19.02.2021,6:49:01,15.7,35.8,0.6
2107,19.02.2021,7:49:01,13.4,37.5,-0.7
2108,19.02.2021,8:49:01,14.3,44.6,2.4
2109,19.02.2021,9:49:01,14.7,48,3.8
2110,19.02.2021,10:49:01,15,48.2,4.1
2111,19.02.2021,11:49:01,15.2,47.1,4
2112,19.02.2021,12:49:01,17.7,38.6,3.4
2113,19.02.2021,13:49:01,17.2,58,8.8
2114,19.02.2021,14:49:01,16.8,44.4,4.6
2115,19.02.2021,15:49:01,17,39.5,3.1
2116,19.02.2021,16:49:01,17.2,37.1,2.4
2117,19.02.2021,17:49:01,17.6,43.7,5.1
2118,19.02.2021,18:49:01,18.1,40.1,4.3
2119,19.02.2021,19:49:01,18.4,38.8,4.1
2120,19.02.2021,20:49:01,17.8,39,3.6
2121,19.02.2021,21:49:01,17.4,42.4,4.5
2122,19.02.2021,22:49:01,17.1,42,4
2123,19.02.2021,23:49:01,17,39.5,3.1
2124,20.02.2021,0:49:01,16.9,37.7,2.3
2125,20.02.2021,1:49:01,16.8,37,2
2126,20.02.2021,2:49:01,16.7,36.6,1.8
2127,20.02.2021,3:49:01,16.6,35.5,1.2
2128,20.02.2021,4:49:01,16.6,36.2,1.5
2129,20.02.2021,5:49:01,16.7,36.3,1.6
2130,20.02.2021,6:49:01,16.6,35.2,1.1
2131,20.02.2021,7:49:01,14.7,36.2,-0.1
2132,20.02.2021,8:49:01,15.4,45.2,3.6
2133,20.02.2021,9:49:01,15.9,43.9,3.6
2134,20.02.2021,10:49:01,16.2,44.1,3.9
2135,20.02.2021,11:49:01,16,64.4,9.2
2136,20.02.2021,12:49:01,17.7,51.6,7.6
2137,20.02.2021,13:49:01,17.1,40.7,3.6
2138,20.02.2021,14:49:01,17.6,38.8,3.4
2139,20.02.2021,15:49:01,18,36.9,3
2140,20.02.2021,16:49:01,18.4,35.4,2.8
2141,20.02.2021,17:49:01,18.6,41.5,5.2
2142,20.02.2021,18:49:01,19,43.3,6.2
2143,20.02.2021,19:49:01,19.1,43.6,6.4
2144,20.02.2021,20:49:01,18.4,42.8,5.5
2145,20.02.2021,21:49:01,18,42,4.9
2146,20.02.2021,22:49:01,17.9,40.8,4.4
2147,20.02.2021,23:49:01,17.7,39.6,3.8
2148,21.02.2021,0:49:01,17.6,38.7,3.3
2149,21.02.2021,1:49:01,17.6,37.6,2.9
2150,21.02.2021,2:49:01,17.5,37.7,2.9
2151,21.02.2021,3:49:01,17.5,37.4,2.8
2152,21.02.2021,4:49:01,17.4,36.9,2.5
2153,21.02.2021,5:49:01,17.5,36.7,2.5
2154,21.02.2021,6:49:01,17.3,35,1.7
2155,21.02.2021,7:49:01,15.7,37,1
2156,21.02.2021,8:49:01,16.3,45.6,4.5
2157,21.02.2021,9:49:01,16.7,41.4,3.5
2158,21.02.2021,10:49:01,17,42.6,4.2
2159,21.02.2021,11:49:01,17.1,41.4,3.8
2160,21.02.2021,12:49:01,19,34.5,3
2161,21.02.2021,13:49:01,18.4,32.2,1.5
2162,21.02.2021,14:49:01,18.9,31.5,1.6
2163,21.02.2021,15:49:01,19.2,31.3,1.8
2164,21.02.2021,16:49:01,19.5,31.2,2
2165,21.02.2021,17:49:01,19.7,36.8,4.5
2166,21.02.2021,18:49:01,20,39.3,5.7
2167,21.02.2021,19:49:01,20.1,38.6,5.5
2168,21.02.2021,20:49:01,19.3,39.1,5
2169,21.02.2021,21:49:01,18.9,39.5,4.8
2170,21.02.2021,22:49:01,18.7,38.9,4.4
2171,21.02.2021,23:49:01,18.5,38.4,4
2172,22.02.2021,0:49:01,18.4,37.8,3.7
2173,22.02.2021,1:49:01,18.3,37.6,3.6
2174,22.02.2021,2:49:01,18.2,37.1,3.3
2175,22.02.2021,3:49:01,18.2,36.7,3.1
2176,22.02.2021,4:49:01,18.1,36.3,2.9
2177,22.02.2021,5:49:01,18,36.2,2.8
2178,22.02.2021,6:49:01,17.8,33.7,1.6
2179,22.02.2021,7:49:01,15.7,34.5,0.1
2180,22.02.2021,8:49:01,16.4,34.2,0.5
2181,22.02.2021,9:49:01,16.8,31.8,0
2182,22.02.2021,10:49:01,16.9,33.3,0.6
2183,22.02.2021,11:49:01,17,33.2,0.7
2184,22.02.2021,12:49:01,18.9,30.1,1
2185,22.02.2021,13:49:01,17.7,26.7,-1.6
2186,22.02.2021,14:49:01,17.9,26.1,-1.7
2187,22.02.2021,15:49:01,18.9,51.7,8.7
2188,22.02.2021,16:49:01,20.8,47,9
2189,22.02.2021,17:49:01,20.3,45.6,8.1
2190,22.02.2021,18:49:01,19.8,50.7,9.2
2191,22.02.2021,19:49:01,17.6,43.9,5.1
2192,22.02.2021,20:49:01,14.7,42.5,2.1
2193,22.02.2021,21:49:01,13.1,39.9,-0.2
2194,22.02.2021,22:49:01,11.9,38.3,-1.8
2195,22.02.2021,23:49:01,11,35.9,-3.5
2196,23.02.2021,0:49:01,10.9,35.6,-3.7
2197,23.02.2021,1:49:01,10.9,34.2,-4.2
2198,23.02.2021,2:49:01,10.8,36.2,-3.5
2199,23.02.2021,3:49:01,10.8,36.2,-3.5
2200,23.02.2021,4:49:01,10.7,33.1,-4.8
2201,23.02.2021,5:49:01,10.7,32.5,-5
2202,23.02.2021,6:49:01,10.7,33.5,-4.6
2203,23.02.2021,7:49:01,10.7,30.6,-5.8
2204,23.02.2021,8:49:01,10.7,30.2,-6
2205,23.02.2021,9:49:01,12.6,29.9,-4.5
2206,23.02.2021,10:49:01,13.5,27.3,-4.9
2207,23.02.2021,11:49:01,14,26.6,-4.8
2208,23.02.2021,12:49:01,14.3,26.2,-4.8
2209,23.02.2021,13:49:01,14.5,53.7,5.2
2210,23.02.2021,14:49:01,14.4,41.4,1.4
2211,23.02.2021,15:49:01,14.5,38.1,0.4
2212,23.02.2021,16:49:01,14.6,36.3,-0.1
2213,23.02.2021,17:49:01,11.9,38.9,-1.6
2214,23.02.2021,18:49:01,11.2,40.3,-1.7
2215,23.02.2021,19:49:01,11,39.7,-2.1
2216,23.02.2021,20:49:01,10.8,37.2,-3.2
2217,23.02.2021,21:49:01,10.8,39,-2.5
2218,23.02.2021,22:49:01,10.6,34.8,-4.2
2219,23.02.2021,23:49:01,10.7,34.9,-4.1
2220,24.02.2021,0:49:01,10.7,34.8,-4.1
2221,24.02.2021,1:49:01,10.7,36.4,-3.5
2222,24.02.2021,2:49:01,10.7,34.2,-4.4
2223,24.02.2021,3:49:01,10.7,34.9,-4.1
2224,24.02.2021,4:49:01,10.7,31.5,-5.5
2225,24.02.2021,5:49:01,10.7,35.4,-3.9
2226,24.02.2021,6:49:01,10.7,32.9,-4.9
2227,24.02.2021,7:49:01,10.8,34.8,-4.1
2228,24.02.2021,8:49:01,10.7,32.2,-5.2
2229,24.02.2021,9:49:01,12.8,32.2,-3.3
2230,24.02.2021,10:49:01,13.8,30.5,-3.2
2231,24.02.2021,11:49:01,14.3,29.7,-3.1
2232,24.02.2021,12:49:01,15,29.6,-2.5
2233,24.02.2021,13:49:01,15.2,29.1,-2.6
2234,24.02.2021,14:49:01,14.9,46.5,3.5
2235,24.02.2021,15:49:01,15.3,36.6,0.5
2236,24.02.2021,16:49:01,15.5,32.5,-0.8
2237,24.02.2021,17:49:01,12.8,34.2,-2.5
2238,24.02.2021,18:49:01,12.1,36.2,-2.4
2239,24.02.2021,19:49:01,11.7,37.4,-2.3
2240,24.02.2021,20:49:01,12.8,39.9,-0.4
2241,24.02.2021,21:49:01,13.4,45.6,1.9
2242,24.02.2021,22:49:01,13.7,48.4,3
2243,24.02.2021,23:49:01,14,46.1,2.6
2244,25.02.2021,0:49:01,14.3,47.8,3.3
2245,25.02.2021,1:49:01,14.5,47.4,3.4
2246,25.02.2021,2:49:01,14.7,48.3,3.9
2247,25.02.2021,3:49:01,14.9,48.2,4
2248,25.02.2021,4:49:01,15.1,47.8,4.1
2249,25.02.2021,5:49:01,15.3,46.9,4
2250,25.02.2021,6:49:01,15.5,47,4.2
2251,25.02.2021,7:49:01,15.8,46.5,4.3
2252,25.02.2021,8:49:01,16,46.2,4.4
2253,25.02.2021,9:49:01,17.5,39.9,3.7
2254,25.02.2021,10:49:01,19,38.9,4.7
2255,25.02.2021,11:49:01,19.8,38.7,5.3
2256,25.02.2021,12:49:01,20.3,38.4,5.6
2257,25.02.2021,13:49:01,20.8,37.9,5.9
2258,25.02.2021,14:49:01,21.1,38.1,6.2
2259,25.02.2021,15:49:01,20.3,74.4,15.5
2260,25.02.2021,16:49:01,19.5,67.2,13.2
2261,25.02.2021,17:49:01,19,62.3,11.6
2262,25.02.2021,18:49:01,18.9,56.9,10.1
2263,25.02.2021,19:49:01,18.7,54.3,9.2
2264,25.02.2021,20:49:01,18.6,52.3,8.6
2265,25.02.2021,21:49:01,18.6,52.2,8.6
2266,25.02.2021,22:49:01,18.6,52.4,8.6
2267,25.02.2021,23:49:01,18.5,52.2,8.5
2268,26.02.2021,0:49:01,18.5,51.7,8.3
2269,26.02.2021,1:49:01,18.5,51.5,8.3
2270,26.02.2021,2:49:01,18.5,51.3,8.2
2271,26.02.2021,3:49:01,18.6,51,8.2
2272,26.02.2021,4:49:01,18.6,51.3,8.3
2273,26.02.2021,5:49:01,18.6,51.8,8.5
2274,26.02.2021,6:49:01,18.6,51.9,8.5
2275,26.02.2021,7:49:01,18.7,51.7,8.5
2276,26.02.2021,8:49:01,18.7,53,8.9
2277,26.02.2021,9:49:01,20.2,49.9,9.4
2278,26.02.2021,10:49:01,21.6,46.4,9.6
2279,26.02.2021,11:49:01,22.1,44.9,9.5
2280,26.02.2021,12:49:01,22.5,43.7,9.5
2281,26.02.2021,13:49:01,22.8,42.9,9.5
2282,26.02.2021,14:49:01,23,40.6,8.9
2283,26.02.2021,15:49:01,23.2,38.6,8.3
2284,26.02.2021,16:49:01,23.1,37.2,7.7
2285,26.02.2021,17:49:01,20.6,81.7,17.3
2286,26.02.2021,18:49:01,19.9,80.6,16.4
2287,26.02.2021,19:49:01,20,70.5,14.4
2288,26.02.2021,20:49:01,20.1,61.4,12.4
2289,26.02.2021,21:49:01,20.1,56.2,11.1
2290,26.02.2021,22:49:01,20,55.3,10.7
2291,26.02.2021,23:49:01,19.9,56.5,11
2292,27.02.2021,0:49:01,19.8,55.5,10.6
2293,27.02.2021,1:49:01,19.7,54.1,10.1
2294,27.02.2021,2:49:01,19.7,53.9,10.1
2295,27.02.2021,3:49:01,19.6,52.3,9.5
2296,27.02.2021,4:49:01,19.7,51.7,9.4
2297,27.02.2021,5:49:01,19.6,51.6,9.3
2298,27.02.2021,6:49:01,19.6,51.6,9.3
2299,27.02.2021,7:49:01,19.6,52,9.4
2300,27.02.2021,8:49:01,19.5,51.9,9.3
2301,27.02.2021,9:49:01,20.7,40.5,6.8
2302,27.02.2021,10:49:01,21.5,59.4,13.2
2303,27.02.2021,11:49:01,21,59.2,12.7
2304,27.02.2021,12:49:01,21.5,50.6,10.8
2305,27.02.2021,13:49:01,21.9,44.3,9.2
2306,27.02.2021,14:49:01,22.3,41.7,8.6
2307,27.02.2021,15:49:01,22.5,40.3,8.3
2308,27.02.2021,16:49:01,22.5,39.8,8.1
2309,27.02.2021,17:49:01,21,49.5,10
2310,27.02.2021,18:49:01,20.5,52.3,10.3
2311,27.02.2021,19:49:01,20.3,52.9,10.3
2312,27.02.2021,20:49:01,20.1,53.9,10.4
2313,27.02.2021,21:49:01,19.9,54.2,10.3
2314,27.02.2021,22:49:01,19.8,54.6,10.3
2315,27.02.2021,23:49:01,19.8,53.9,10.2
2316,28.02.2021,0:49:01,19.7,53.6,10
2317,28.02.2021,1:49:01,19.7,53.9,10.1
2318,28.02.2021,2:49:01,19.7,53.9,10.1
2319,28.02.2021,3:49:01,19.7,53.8,10
2320,28.02.2021,4:49:01,19.6,53.5,9.9
2321,28.02.2021,5:49:01,19.6,53.1,9.7
2322,28.02.2021,6:49:01,19.6,53.2,9.8
2323,28.02.2021,7:49:01,19.6,53.2,9.8
2324,28.02.2021,8:49:01,19.6,53.5,9.9
2325,28.02.2021,9:49:01,21,43.8,8.2
2326,28.02.2021,10:49:01,22.1,40.1,7.9
2327,28.02.2021,11:49:01,22.7,38.1,7.7
2328,28.02.2021,12:49:01,22.9,37.9,7.8
2329,28.02.2021,13:49:01,23.1,36.4,7.3
2330,28.02.2021,14:49:01,23.4,34.9,7
2331,28.02.2021,15:49:01,23.5,34.5,6.9
2332,28.02.2021,16:49:01,23.3,33.9,6.5
2333,28.02.2021,17:49:01,21.9,41.9,8.3
2334,28.02.2021,18:49:01,21.4,44.9,8.9
2335,28.02.2021,19:49:01,21.1,45.4,8.8
2336,28.02.2021,20:49:01,20.8,46.3,8.8
2337,28.02.2021,21:49:01,20.7,46.2,8.7
2338,28.02.2021,22:49:01,20.6,46,8.5
2339,28.02.2021,23:49:01,20.5,46.6,8.6
2340,01.03.2021,0:49:01,20.4,46.8,8.6
2341,01.03.2021,1:49:01,20.4,47.3,8.8
2342,01.03.2021,2:49:01,20.3,47.1,8.6
2343,01.03.2021,3:49:01,20.3,47.3,8.7
2344,01.03.2021,4:49:01,20.2,47.2,8.5
2345,01.03.2021,5:49:01,20.2,47.1,8.5
2346,01.03.2021,6:49:01,20.2,46.5,8.3
2347,01.03.2021,7:49:01,20.2,47,8.5
2348,01.03.2021,8:49:01,20.2,47.2,8.5
2349,01.03.2021,9:49:01,21.9,36.9,6.5
2350,01.03.2021,10:49:01,22.7,40.1,8.4
2351,01.03.2021,11:49:01,21.6,61.5,13.8
2352,01.03.2021,12:49:01,22.1,51.4,11.6
2353,01.03.2021,13:49:01,22.4,45.2,9.9
2354,01.03.2021,14:49:01,22.8,40.4,8.6
2355,01.03.2021,15:49:01,23,38.7,8.1
2356,01.03.2021,16:49:01,23.1,37.5,7.8
2357,01.03.2021,17:49:01,21.8,46.8,9.9
2358,01.03.2021,18:49:01,21.4,50.1,10.5
2359,01.03.2021,19:49:01,21.1,51.5,10.7
2360,01.03.2021,20:49:01,21,52.2,10.8
2361,01.03.2021,21:49:01,20.8,52.5,10.7
2362,01.03.2021,22:49:01,20.8,52.7,10.7
2363,01.03.2021,23:49:01,20.8,53,10.8
2364,02.03.2021,0:49:01,20.6,53.2,10.7
2365,02.03.2021,1:49:01,20.7,52.5,10.6
2366,02.03.2021,2:49:01,20.7,51.1,10.2
2367,02.03.2021,3:49:01,20.7,51.4,10.3
2368,02.03.2021,4:49:01,20.7,52,10.4
2369,02.03.2021,5:49:01,20.7,51.6,10.3
2370,02.03.2021,6:49:01,20.7,51.7,10.4
2371,02.03.2021,7:49:01,20.7,52.1,10.5
2372,02.03.2021,8:49:01,20.7,51.9,10.4
2373,02.03.2021,9:49:01,22,41.7,8.4
2374,02.03.2021,10:49:01,23,37.8,7.8
2375,02.03.2021,11:49:01,23.6,35.8,7.5
2376,02.03.2021,12:49:01,23.5,52.7,13.2
2377,02.03.2021,13:49:01,23.3,49,11.9
2378,02.03.2021,14:49:01,23.5,45.4,11
2379,02.03.2021,15:49:01,23.8,44.2,10.8
2380,02.03.2021,16:49:01,24.1,42.8,10.6
2381,02.03.2021,17:49:01,22.8,51.6,12.3
2382,02.03.2021,18:49:01,22.2,54,12.4
2383,02.03.2021,19:49:01,21.8,55.1,12.3
2384,02.03.2021,20:49:01,21.5,53.2,11.5
2385,02.03.2021,21:49:01,21,50.1,10.2
2386,02.03.2021,22:49:01,20.8,45.6,8.6
2387,02.03.2021,23:49:01,20.5,45.4,8.2
2388,03.03.2021,0:49:01,20.3,44.3,7.7
2389,03.03.2021,1:49:01,20,43.3,7.1
2390,03.03.2021,2:49:01,19.8,42.4,6.6
2391,03.03.2021,3:49:01,19.7,42,6.4
2392,03.03.2021,4:49:01,19.5,42,6.2
2393,03.03.2021,5:49:01,19.4,40.6,5.6
2394,03.03.2021,6:49:01,19.3,39.7,5.2
2395,03.03.2021,7:49:01,19.2,40.2,5.3
2396,03.03.2021,8:49:01,19.2,39.9,5.2
2397,03.03.2021,9:49:01,21.1,37,5.8
2398,03.03.2021,10:49:01,22.4,34.7,6
2399,03.03.2021,11:49:01,23.2,34,6.4
2400,03.03.2021,12:49:01,23.5,33,6.3
2401,03.03.2021,13:49:01,23.3,50.2,12.3
2402,03.03.2021,14:49:01,23.1,47.4,11.3
2403,03.03.2021,15:49:01,23.2,43.5,10.1
2404,03.03.2021,16:49:01,23.1,40.5,8.9
2405,03.03.2021,17:49:01,21.7,50.1,10.8
2406,03.03.2021,18:49:01,21.4,53.5,11.5
2407,03.03.2021,19:49:01,21.2,55.8,12
2408,03.03.2021,20:49:01,21,56.2,11.9
2409,03.03.2021,21:49:01,20.9,56.7,11.9
2410,03.03.2021,22:49:01,20.8,56.9,11.9
2411,03.03.2021,23:49:01,20.8,56.8,11.9
2412,04.03.2021,0:49:01,20.8,57.2,12
2413,04.03.2021,1:49:01,20.8,56.9,11.9
2414,04.03.2021,2:49:01,20.7,56.7,11.8
2415,04.03.2021,3:49:01,20.7,55.3,11.4
2416,04.03.2021,4:49:01,20.7,55.7,11.5
2417,04.03.2021,5:49:01,20.6,55.9,11.4
2418,04.03.2021,6:49:01,20.7,55.4,11.4
2419,04.03.2021,7:49:01,20.7,56.2,11.6
2420,04.03.2021,8:49:01,20.7,56.4,11.7
2421,04.03.2021,9:49:01,20.3,77.7,16.2
2422,04.03.2021,10:49:01,21.5,62.6,14
2423,04.03.2021,11:49:01,22.2,52.7,12
2424,04.03.2021,12:49:01,22.5,48,10.9
2425,04.03.2021,13:49:01,22.6,46.2,10.4
2426,04.03.2021,14:49:01,22.6,43.5,9.5
2427,04.03.2021,15:49:01,22.6,41.4,8.8
2428,04.03.2021,16:49:01,22.5,40.1,8.2
2429,04.03.2021,17:49:01,21.2,50.5,10.5
2430,04.03.2021,18:49:01,20.9,54.2,11.3
2431,04.03.2021,19:49:01,20.7,56,11.6
2432,04.03.2021,20:49:01,20.7,56.2,11.6
2433,04.03.2021,21:49:01,20.6,57.5,11.9
2434,04.03.2021,22:49:01,20.5,56.2,11.4
2435,04.03.2021,23:49:01,20.5,56.3,11.5
2436,05.03.2021,0:49:01,20.4,56.5,11.4
2437,05.03.2021,1:49:01,20.4,55.6,11.2
2438,05.03.2021,2:49:01,20.4,56.5,11.4
2439,05.03.2021,3:49:01,20.4,55.5,11.1
2440,05.03.2021,4:49:01,20.4,53.5,10.6
2441,05.03.2021,5:49:01,20.3,53.9,10.6
2442,05.03.2021,6:49:01,20.3,52.7,10.3
2443,05.03.2021,7:49:01,20.2,51.9,10
2444,05.03.2021,8:49:01,20.3,51.9,10.1
2445,05.03.2021,9:49:01,21.1,40.6,7.2
2446,05.03.2021,10:49:01,21.8,36.3,6.1
2447,05.03.2021,11:49:01,20.5,66.6,14
2448,05.03.2021,12:49:01,21,47.7,9.4
2449,05.03.2021,13:49:01,21.5,39.2,7
2450,05.03.2021,14:49:01,21.8,34.5,5.4
2451,05.03.2021,15:49:01,22,32.9,4.9
2452,05.03.2021,16:49:01,21.8,32.3,4.5
2453,05.03.2021,17:49:01,21.2,45.2,8.8
2454,05.03.2021,18:49:01,20.9,44,8.2
2455,05.03.2021,19:49:01,20.9,46.8,9.1
2456,05.03.2021,20:49:01,21,46.1,8.9
2457,05.03.2021,21:49:01,20.5,45.3,8.2
2458,05.03.2021,22:49:01,20.2,44.5,7.7
2459,05.03.2021,23:49:01,20,44.4,7.5
2460,06.03.2021,0:49:01,19.9,44.5,7.4
2461,06.03.2021,1:49:01,19.8,44.2,7.2
2462,06.03.2021,2:49:01,19.7,44.3,7.2
2463,06.03.2021,3:49:01,19.5,44.2,7
2464,06.03.2021,4:49:01,19.5,44.3,7
2465,06.03.2021,5:49:01,19.4,43.1,6.5
2466,06.03.2021,6:49:01,19.3,43.1,6.4
2467,06.03.2021,7:49:01,19.3,43.8,6.6
2468,06.03.2021,8:49:01,19.3,43.6,6.6
2469,06.03.2021,9:49:01,20.2,35.7,4.5
2470,06.03.2021,10:49:01,20.9,31.6,3.4
2471,06.03.2021,11:49:01,21.3,30.4,3.2
2472,06.03.2021,12:49:01,21.5,30.2,3.3
2473,06.03.2021,13:49:01,21.4,45.1,9
2474,06.03.2021,14:49:01,20.9,47.7,9.3
2475,06.03.2021,15:49:01,20.9,43,7.8
2476,06.03.2021,16:49:01,20.7,38.5,6
2477,06.03.2021,17:49:01,19.5,47.9,8.1
2478,06.03.2021,18:49:01,19.5,49.1,8.5
2479,06.03.2021,19:49:01,19.4,46.1,7.5
2480,06.03.2021,20:49:01,19.4,46,7.4
2481,06.03.2021,21:49:01,19.4,43.7,6.7
2482,06.03.2021,22:49:01,19.1,45.9,7.1
2483,06.03.2021,23:49:01,19,45.5,6.9
2484,07.03.2021,0:49:01,18.9,45.4,6.8
2485,07.03.2021,1:49:01,18.8,45,6.6
2486,07.03.2021,2:49:01,18.8,44.6,6.4
2487,07.03.2021,3:49:01,18.7,45.3,6.6
2488,07.03.2021,4:49:01,18.7,44.5,6.3
2489,07.03.2021,5:49:01,18.7,45.8,6.7
2490,07.03.2021,6:49:01,18.7,43.8,6.1
2491,07.03.2021,7:49:01,18.7,43.9,6.1
2492,07.03.2021,8:49:01,18.8,44.7,6.5
2493,07.03.2021,9:49:01,19.9,39.8,5.8
2494,07.03.2021,10:49:01,20.7,35.5,4.9
2495,07.03.2021,11:49:01,21.2,34.6,4.9
2496,07.03.2021,12:49:01,21.5,34.1,5
2497,07.03.2021,13:49:01,22.4,35.5,6.4
2498,07.03.2021,14:49:01,23.1,33.8,6.3
2499,07.03.2021,15:49:01,23,36.3,7.2
2500,07.03.2021,16:49:01,22.4,34.9,6.1
2501,07.03.2021,17:49:01,20.9,55.6,11.6
2502,07.03.2021,18:49:01,20.1,51.2,9.7
2503,07.03.2021,19:49:01,19.7,53.9,10.1
2504,07.03.2021,20:49:01,19.5,51.8,9.3
2505,07.03.2021,21:49:01,19.4,50.7,8.9
2506,07.03.2021,22:49:01,19.3,49.4,8.4
2507,07.03.2021,23:49:01,19.2,49.4,8.3
2508,08.03.2021,0:49:01,19.2,49,8.2
2509,08.03.2021,1:49:01,19.1,48.6,8
2510,08.03.2021,2:49:01,19.1,48,7.8
2511,08.03.2021,3:49:01,19.1,48.1,7.8
2512,08.03.2021,4:49:01,19.1,46.9,7.5
2513,08.03.2021,5:49:01,19,47.7,7.6
2514,08.03.2021,6:49:01,19,47.3,7.5
2515,08.03.2021,7:49:01,19,46.5,7.2
2516,08.03.2021,8:49:01,19,45.7,7
2517,08.03.2021,9:49:01,20.2,38.5,5.6
2518,08.03.2021,10:49:01,20.9,35.7,5.1
2519,08.03.2021,11:49:01,21.1,33.8,4.5
2520,08.03.2021,12:49:01,21.3,32.7,4.2
2521,08.03.2021,13:49:01,21.2,45.6,8.9
2522,08.03.2021,14:49:01,20.8,39.9,6.6
2523,08.03.2021,15:49:01,20.8,36.6,5.4
2524,08.03.2021,16:49:01,20.6,33.9,4.1
2525,08.03.2021,17:49:01,19.2,40.4,5.4
2526,08.03.2021,18:49:01,18.9,40.8,5.3
2527,08.03.2021,19:49:01,18.8,42.1,5.6
2528,08.03.2021,20:49:01,18.8,39.4,4.7
2529,08.03.2021,21:49:01,18.7,39.4,4.6
2530,08.03.2021,22:49:01,18.7,39,4.4
2531,08.03.2021,23:49:01,18.6,40,4.7
2532,09.03.2021,0:49:01,18.6,38.5,4.2
2533,09.03.2021,1:49:01,18.5,38.4,4
2534,09.03.2021,2:49:01,18.5,38,3.9
2535,09.03.2021,3:49:01,18.4,37.6,3.6
2536,09.03.2021,4:49:01,18.4,37.8,3.7
2537,09.03.2021,5:49:01,18.3,36.9,3.3
2538,09.03.2021,6:49:01,18.3,36.6,3.2
2539,09.03.2021,7:49:01,18.2,36.8,3.2
2540,09.03.2021,8:49:01,18.2,37.2,3.3
2541,09.03.2021,9:49:01,19.3,31.6,2
2542,09.03.2021,10:49:01,19.4,29.8,1.3
2543,09.03.2021,11:49:01,19.6,28.9,1
2544,09.03.2021,12:49:01,19.7,27.9,0.6
2545,09.03.2021,13:49:01,20,30.4,2.1
2546,09.03.2021,14:49:01,18.8,46.3,7
2547,09.03.2021,15:49:01,19,36.3,3.7
2548,09.03.2021,16:49:01,18.8,32.4,1.9
2549,09.03.2021,17:49:01,18.1,41.7,4.8
2550,09.03.2021,18:49:01,17.9,38.8,3.6
2551,09.03.2021,19:49:01,17.7,37.5,3
2552,09.03.2021,20:49:01,17.6,38.2,3.2
2553,09.03.2021,21:49:01,17.5,38.2,3.1
2554,09.03.2021,22:49:01,17.4,37,2.5
2555,09.03.2021,23:49:01,17.2,36.9,2.3
2556,10.03.2021,0:49:01,17.1,36.4,2
2557,10.03.2021,1:49:01,16.9,36.2,1.8
2558,10.03.2021,2:49:01,16.9,36,1.7
2559,10.03.2021,3:49:01,16.8,35.7,1.5
2560,10.03.2021,4:49:01,16.7,35.7,1.4
2561,10.03.2021,5:49:01,16.6,36,1.4
2562,10.03.2021,6:49:01,16.5,35.6,1.2
2563,10.03.2021,7:49:01,16.4,34.6,0.7
2564,10.03.2021,8:49:01,16.4,34.5,0.7
2565,10.03.2021,9:49:01,16.9,28.7,-1.3
2566,10.03.2021,10:49:01,17.3,26.5,-2.1
2567,10.03.2021,11:49:01,17.4,25.6,-2.4
2568,10.03.2021,12:49:01,16.9,54.2,7.5
2569,10.03.2021,13:49:01,16.9,41.2,3.6
2570,10.03.2021,14:49:01,17,35.4,1.6
2571,10.03.2021,15:49:01,17.2,32.1,0.4
2572,10.03.2021,16:49:01,17.1,30.1,-0.5
2573,10.03.2021,17:49:01,16.1,34.3,0.3
2574,10.03.2021,18:49:01,16.1,32.8,-0.2
2575,10.03.2021,19:49:01,16.5,50.6,6.2
2576,10.03.2021,20:49:01,17.3,54.4,8
2577,10.03.2021,21:49:01,17.6,53.4,8
2578,10.03.2021,22:49:01,17.7,52.1,7.7
2579,10.03.2021,23:49:01,17.8,47.6,6.5
2580,11.03.2021,0:49:01,17.8,48.4,6.7
2581,11.03.2021,1:49:01,17.8,49,6.9
2582,11.03.2021,2:49:01,17.8,45.7,5.9
2583,11.03.2021,3:49:01,17.8,46.2,6.1
2584,11.03.2021,4:49:01,17.8,46.3,6.1
2585,11.03.2021,5:49:01,17.9,46.2,6.1
2586,11.03.2021,6:49:01,17.8,47,6.3
2587,11.03.2021,7:49:01,17.9,46.1,6.1
2588,11.03.2021,8:49:01,18,45.8,6.1
2589,11.03.2021,9:49:01,19.4,32.6,2.5
2590,11.03.2021,10:49:01,20.1,29.3,1.6
2591,11.03.2021,11:49:01,20.4,28.4,1.4
2592,11.03.2021,12:49:01,20.7,27.8,1.4
2593,11.03.2021,13:49:01,19.9,43.9,7.2
2594,11.03.2021,14:49:01,19.4,38.9,5
2595,11.03.2021,15:49:01,19.5,37.4,4.5
2596,11.03.2021,16:49:01,19.2,33.7,2.8
2597,11.03.2021,17:49:01,17.9,38.7,3.6
2598,11.03.2021,18:49:01,17.7,39.6,3.8
2599,11.03.2021,19:49:01,17.5,40,3.7
2600,11.03.2021,20:49:01,17.5,39.2,3.4
2601,11.03.2021,21:49:01,17.4,38.4,3
2602,11.03.2021,22:49:01,17.3,37.2,2.5
2603,11.03.2021,23:49:01,17.2,37.3,2.5
2604,12.03.2021,0:49:01,17.1,38.4,2.8
2605,12.03.2021,1:49:01,17,36.7,2.1
2606,12.03.2021,2:49:01,17,37.5,2.4
2607,12.03.2021,3:49:01,16.9,36.6,1.9
2608,12.03.2021,4:49:01,16.8,37.3,2.1
2609,12.03.2021,5:49:01,16.7,37.3,2
2610,12.03.2021,6:49:01,16.7,37.7,2.2
2611,12.03.2021,7:49:01,16.7,38,2.3
2612,12.03.2021,8:49:01,16.8,38.2,2.4
2613,12.03.2021,9:49:01,17.9,32.1,1
2614,12.03.2021,10:49:01,18.7,30.3,0.9
2615,12.03.2021,11:49:01,19,50.2,8.4
2616,12.03.2021,12:49:01,18.8,37.2,3.8
2617,12.03.2021,13:49:01,19,32.6,2.2
2618,12.03.2021,14:49:01,19.2,30.7,1.5
2619,12.03.2021,15:49:01,19.2,29.2,0.8
2620,12.03.2021,16:49:01,18.9,28.7,0.3
2621,12.03.2021,17:49:01,17.8,34.9,2.1
2622,12.03.2021,18:49:01,17.3,35.6,1.9
2623,12.03.2021,19:49:01,17.3,36.6,2.3
2624,12.03.2021,20:49:01,17.1,35.9,1.8
2625,12.03.2021,21:49:01,17.1,35.7,1.8
2626,12.03.2021,22:49:01,17,37.3,2.3
2627,12.03.2021,23:49:01,17.1,37.3,2.4
2628,13.03.2021,0:49:01,17.1,36.2,2
2629,13.03.2021,1:49:01,17.1,36.8,2.2
2630,13.03.2021,2:49:01,17.2,37.5,2.5
2631,13.03.2021,3:49:01,17.2,37.9,2.7
2632,13.03.2021,4:49:01,17.2,38.2,2.8
2633,13.03.2021,5:49:01,17.2,38.2,2.8
2634,13.03.2021,6:49:01,17.2,38.3,2.8
2635,13.03.2021,7:49:01,17.2,38.7,3
2636,13.03.2021,8:49:01,17.4,39.2,3.3
2637,13.03.2021,9:49:01,18.7,34.7,2.8
2638,13.03.2021,10:49:01,19.7,32.9,2.9
2639,13.03.2021,11:49:01,18.4,69.8,12.7
2640,13.03.2021,12:49:01,19.2,49.1,8.2
2641,13.03.2021,13:49:01,19.9,40.5,6
2642,13.03.2021,14:49:01,20.1,38.1,5.3
2643,13.03.2021,15:49:01,20.4,35.8,4.7
2644,13.03.2021,16:49:01,20.9,35.3,5
2645,13.03.2021,17:49:01,19.9,40.4,6
2646,13.03.2021,18:49:01,19.5,42.8,6.5
2647,13.03.2021,19:49:01,19.2,42.8,6.2
2648,13.03.2021,20:49:01,19.1,42.9,6.2
2649,13.03.2021,21:49:01,19,43.7,6.3
2650,13.03.2021,22:49:01,19,45.1,6.8
2651,13.03.2021,23:49:01,18.9,45.8,6.9
2652,14.03.2021,0:49:01,18.9,46.6,7.2
2653,14.03.2021,1:49:01,18.9,45.9,7
2654,14.03.2021,2:49:01,18.8,46.8,7.1
2655,14.03.2021,3:49:01,18.9,46.7,7.2
2656,14.03.2021,4:49:01,18.9,46.6,7.2
2657,14.03.2021,5:49:01,18.8,47.9,7.5
2658,14.03.2021,6:49:01,18.7,47.1,7.2
2659,14.03.2021,7:49:01,18.7,47.5,7.3
2660,14.03.2021,8:49:01,18.9,48.4,7.7
2661,14.03.2021,9:49:01,20.6,39.5,6.3
2662,14.03.2021,10:49:01,20.8,52.9,10.8
2663,14.03.2021,11:49:01,21.5,44.5,8.9
2664,14.03.2021,12:49:01,21.8,42.6,8.5
2665,14.03.2021,13:49:01,22.1,40.8,8.1
2666,14.03.2021,14:49:01,22.4,39.2,7.8
2667,14.03.2021,15:49:01,23.1,37.8,7.9
2668,14.03.2021,16:49:01,22.7,38.4,7.8
2669,14.03.2021,17:49:01,20.8,46,8.7
2670,14.03.2021,18:49:01,20.3,46.7,8.5
2671,14.03.2021,19:49:01,20,47.9,8.6
2672,14.03.2021,20:49:01,19.7,49,8.6
2673,14.03.2021,21:49:01,19.6,48.8,8.5
2674,14.03.2021,22:49:01,19.5,49.1,8.5
2675,14.03.2021,23:49:01,19.4,50.2,8.7
2676,15.03.2021,0:49:01,19.3,50.4,8.7
2677,15.03.2021,1:49:01,19.2,51.1,8.8
2678,15.03.2021,2:49:01,19.2,50.3,8.6
2679,15.03.2021,3:49:01,19.2,50.7,8.7
2680,15.03.2021,4:49:01,19.2,49.8,8.4
2681,15.03.2021,5:49:01,19.1,49.3,8.2
2682,15.03.2021,6:49:01,19,50.4,8.4
2683,15.03.2021,7:49:01,19,50.5,8.4
2684,15.03.2021,8:49:01,19,50.7,8.5
2685,15.03.2021,9:49:01,20.7,42.3,7.4
2686,15.03.2021,10:49:01,21.7,39.3,7.2
2687,15.03.2021,11:49:01,22.1,37.9,7
2688,15.03.2021,12:49:01,22.7,37.1,7.3
2689,15.03.2021,13:49:01,22.9,36.8,7.3
2690,15.03.2021,14:49:01,23,36.7,7.4
2691,15.03.2021,15:49:01,23.1,36.2,7.3
2692,15.03.2021,16:49:01,23,36.1,7.1
2693,15.03.2021,17:49:01,21.1,63.5,13.9
2694,15.03.2021,18:49:01,20.3,56.2,11.2
2695,15.03.2021,19:49:01,19.9,62,12.4
2696,15.03.2021,20:49:01,19.7,61,11.9
2697,15.03.2021,21:49:01,19.5,59.5,11.4
2698,15.03.2021,22:49:01,19.4,57.1,10.6
2699,15.03.2021,23:49:01,19.4,56.1,10.4
2700,16.03.2021,0:49:01,19.3,55,10
2701,16.03.2021,1:49:01,19.3,55.5,10.1
2702,16.03.2021,2:49:01,19.3,55.1,10
2703,16.03.2021,3:49:01,19.2,54.8,9.8
2704,16.03.2021,4:49:01,19.2,55.7,10.1
2705,16.03.2021,5:49:01,19.2,54.2,9.7
2706,16.03.2021,6:49:01,19.2,54,9.6
2707,16.03.2021,7:49:01,19.1,53,9.3
2708,16.03.2021,8:49:01,19.1,53.8,9.5
2709,16.03.2021,9:49:01,20.8,46.5,8.9
2710,16.03.2021,10:49:01,21.7,42.8,8.5
2711,16.03.2021,11:49:01,22.1,40.9,8.2
2712,16.03.2021,12:49:01,21.7,60,13.5
2713,16.03.2021,13:49:01,22.1,50.4,11.3
2714,16.03.2021,14:49:01,21.9,45.8,9.7
2715,16.03.2021,15:49:01,22.1,45,9.6
2716,16.03.2021,16:49:01,21.9,42.7,8.6
2717,16.03.2021,17:49:01,20.5,51.8,10.2
2718,16.03.2021,18:49:01,20.2,51.5,9.8
2719,16.03.2021,19:49:01,19.9,54,10.3
2720,16.03.2021,20:49:01,19.8,53.3,10
2721,16.03.2021,21:49:01,19.7,54.2,10.1
2722,16.03.2021,22:49:01,19.7,53.1,9.8
2723,16.03.2021,23:49:01,19.6,54,10
2724,17.03.2021,0:49:01,19.5,53.7,9.8
2725,17.03.2021,1:49:01,19.6,53,9.7
2726,17.03.2021,2:49:01,19.5,53.4,9.7
2727,17.03.2021,3:49:01,19.5,52.9,9.6
2728,17.03.2021,4:49:01,19.4,52.9,9.5
2729,17.03.2021,5:49:01,19.4,51.9,9.2
2730,17.03.2021,6:49:01,19.3,52.7,9.4
2731,17.03.2021,7:49:01,19.2,52.1,9.1
2732,17.03.2021,8:49:01,19.3,52.4,9.3
2733,17.03.2021,9:49:01,19.7,80.3,16.2
2734,17.03.2021,10:49:01,19.3,74.9,14.7
2735,17.03.2021,11:49:01,20.4,54.2,10.8
2736,17.03.2021,12:49:01,21.2,45.5,8.9
2737,17.03.2021,13:49:01,21.5,42.2,8.1
2738,17.03.2021,14:49:01,21.8,53.2,11.8
2739,17.03.2021,15:49:01,21.9,43.1,8.7
2740,17.03.2021,16:49:01,21.7,40.9,7.8
2741,17.03.2021,17:49:01,20.2,49.5,9.3
2742,17.03.2021,18:49:01,19.9,50.1,9.2
2743,17.03.2021,19:49:01,19.8,51.7,9.5
2744,17.03.2021,20:49:01,19.6,50,8.9
2745,17.03.2021,21:49:01,19.6,50.1,8.9
2746,17.03.2021,22:49:01,19.4,49.9,8.6
2747,17.03.2021,23:49:01,19.4,51.9,9.2
2748,18.03.2021,0:49:01,19.3,51.6,9
2749,18.03.2021,1:49:01,19.3,52,9.2
2750,18.03.2021,2:49:01,19.3,52.2,9.2
2751,18.03.2021,3:49:01,19.3,52.6,9.3
2752,18.03.2021,4:49:01,19.3,52.4,9.3
2753,18.03.2021,5:49:01,19.2,53,9.3
2754,18.03.2021,6:49:01,19.1,53.2,9.3
2755,18.03.2021,7:49:01,19.1,52.8,9.2
2756,18.03.2021,8:49:01,19.2,53.1,9.4
2757,18.03.2021,9:49:01,20.5,43.4,7.6
2758,18.03.2021,10:49:01,21.6,39.8,7.3
2759,18.03.2021,11:49:01,21.9,38.3,7
2760,18.03.2021,12:49:01,22.5,36.5,6.8
2761,18.03.2021,13:49:01,22.3,36.5,6.7
2762,18.03.2021,14:49:01,22.5,35.9,6.6
2763,18.03.2021,15:49:01,22.2,53.6,12.3
2764,18.03.2021,16:49:01,21.7,48.8,10.4
2765,18.03.2021,17:49:01,20.3,54.9,10.9
2766,18.03.2021,18:49:01,20,57.8,11.4
2767,18.03.2021,19:49:01,19.7,56.5,10.8
2768,18.03.2021,20:49:01,19.6,58.4,11.2
2769,18.03.2021,21:49:01,19.5,57.5,10.8
2770,18.03.2021,22:49:01,19.5,57.4,10.8
2771,18.03.2021,23:49:01,19.5,56.1,10.5
2772,19.03.2021,0:49:01,19.4,56,10.4
2773,19.03.2021,1:49:01,19.4,56.3,10.4
2774,19.03.2021,2:49:01,19.3,55.6,10.2
2775,19.03.2021,3:49:01,19.3,56.1,10.3
2776,19.03.2021,4:49:01,19.2,55.6,10.1
2777,19.03.2021,5:49:01,19.2,55.9,10.1
2778,19.03.2021,6:49:01,19.1,55,9.8
2779,19.03.2021,7:49:01,19.1,55.2,9.9
2780,19.03.2021,8:49:01,19.2,54.9,9.9
2781,19.03.2021,9:49:01,20.2,45.1,7.9
2782,19.03.2021,10:49:01,21.2,41.3,7.5
2783,19.03.2021,11:49:01,21.7,38.8,7
2784,19.03.2021,12:49:01,22.2,40.1,8
2785,19.03.2021,13:49:01,21.4,47.4,9.7
2786,19.03.2021,14:49:01,21.8,42.6,8.5
2787,19.03.2021,15:49:01,22.1,39.2,7.5
2788,19.03.2021,16:49:01,21.9,37,6.5
2789,19.03.2021,17:49:01,20.2,45.9,8.1
2790,19.03.2021,18:49:01,19.8,48,8.4
2791,19.03.2021,19:49:01,19.7,50.4,9.1
2792,19.03.2021,20:49:01,19.7,51.2,9.3
2793,19.03.2021,21:49:01,19.4,50.7,8.9
2794,19.03.2021,22:49:01,19.2,51.2,8.8
2795,19.03.2021,23:49:01,19.1,50.5,8.5
2796,20.03.2021,0:49:01,19,50.4,8.4
2797,20.03.2021,1:49:01,18.9,50.8,8.4
2798,20.03.2021,2:49:01,18.8,52.5,8.8
2799,20.03.2021,3:49:01,18.8,52.1,8.7
2800,20.03.2021,4:49:01,18.7,54.6,9.3
2801,20.03.2021,5:49:01,18.6,54.4,9.2
2802,20.03.2021,6:49:01,18.4,54.6,9
2803,20.03.2021,7:49:01,18.4,51.3,8.1
2804,20.03.2021,8:49:01,18.5,49.4,7.7
2805,20.03.2021,9:49:01,19.7,39.8,5.6
2806,20.03.2021,10:49:01,20.6,38.9,6.1
2807,20.03.2021,11:49:01,21,36.3,5.4
2808,20.03.2021,12:49:01,21.2,34.5,4.9
2809,20.03.2021,13:49:01,21.5,33.9,4.9
2810,20.03.2021,14:49:01,21.7,34,5.1
2811,20.03.2021,15:49:01,21,55.6,11.7
2812,20.03.2021,16:49:01,20.9,44.3,8.3
2813,20.03.2021,17:49:01,19.7,49.6,8.8
2814,20.03.2021,18:49:01,19.4,50.4,8.8
2815,20.03.2021,19:49:01,19.2,50.6,8.7
2816,20.03.2021,20:49:01,19.1,50.3,8.5
2817,20.03.2021,21:49:01,19,51.2,8.7
2818,20.03.2021,22:49:01,18.9,53.9,9.3
2819,20.03.2021,23:49:01,18.8,54.6,9.4
2820,21.03.2021,0:49:01,18.8,54.8,9.5
2821,21.03.2021,1:49:01,18.7,54.6,9.3
2822,21.03.2021,2:49:01,18.7,54.2,9.2
2823,21.03.2021,3:49:01,18.6,54.9,9.3
2824,21.03.2021,4:49:01,18.5,55.5,9.4
2825,21.03.2021,5:49:01,18.5,53.4,8.8
2826,21.03.2021,6:49:01,18.5,52.8,8.6
2827,21.03.2021,7:49:01,18.4,51.1,8.1
2828,21.03.2021,8:49:01,18.3,54.1,8.8
2829,21.03.2021,9:49:01,18.1,49.5,7.3
2830,21.03.2021,10:49:01,17.3,43.4,4.7
2831,21.03.2021,11:49:01,20,37.2,4.9
2832,21.03.2021,12:49:01,20.8,53.6,11
2833,21.03.2021,13:49:01,21,43.4,8
2834,21.03.2021,14:49:01,21.3,41.1,7.5
2835,21.03.2021,15:49:01,21.6,40.6,7.6
2836,21.03.2021,16:49:01,21.7,39.9,7.4
2837,21.03.2021,17:49:01,23.4,41.5,9.5
2838,21.03.2021,18:49:01,23,44,10
2839,21.03.2021,19:49:01,21.5,48.4,10.1
2840,21.03.2021,20:49:01,20.8,50.4,10.1
2841,21.03.2021,21:49:01,20.5,50.9,9.9
2842,21.03.2021,22:49:01,20.3,51.4,9.9
2843,21.03.2021,23:49:01,20.1,52.2,10
2844,22.03.2021,0:49:01,20,52.8,10
2845,22.03.2021,1:49:01,19.9,53.4,10.1
2846,22.03.2021,2:49:01,19.9,55.8,10.8
2847,22.03.2021,3:49:01,19.9,56.4,10.9
2848,22.03.2021,4:49:01,19.8,58.7,11.4
2849,22.03.2021,5:49:01,19.6,59.3,11.4
2850,22.03.2021,6:49:01,19.7,60,11.7
2851,22.03.2021,7:49:01,19.6,58.8,11.3
2852,22.03.2021,8:49:01,19.7,56.6,10.8
2853,22.03.2021,9:49:01,18.5,48.3,7.3
2854,22.03.2021,10:49:01,17.9,48.4,6.8
2855,22.03.2021,11:49:01,20.7,40.8,6.9
2856,22.03.2021,12:49:01,21.6,38.9,7
2857,22.03.2021,13:49:01,22,38.2,7.1
2858,22.03.2021,14:49:01,22.4,37.5,7.2
2859,22.03.2021,15:49:01,22.6,36.9,7.1
2860,22.03.2021,16:49:01,22.3,55.1,12.8
2861,22.03.2021,17:49:01,23.7,47.2,11.7
2862,22.03.2021,18:49:01,23.3,48.7,11.8
2863,22.03.2021,19:49:01,21.8,51.4,11.3
2864,22.03.2021,20:49:01,21.1,52.5,11
2865,22.03.2021,21:49:01,20.6,52.8,10.6
2866,22.03.2021,22:49:01,20.3,53.7,10.6
2867,22.03.2021,23:49:01,20.1,52.6,10.1
2868,23.03.2021,0:49:01,20,52.3,9.9
2869,23.03.2021,1:49:01,19.8,52.2,9.7
2870,23.03.2021,2:49:01,19.8,52.5,9.8
2871,23.03.2021,3:49:01,19.6,52.4,9.5
2872,23.03.2021,4:49:01,19.6,52.8,9.7
2873,23.03.2021,5:49:01,19.5,53.4,9.7
2874,23.03.2021,6:49:01,19.5,52.7,9.5
2875,23.03.2021,7:49:01,19.4,52.9,9.5
2876,23.03.2021,8:49:01,19.4,55,10.1
2877,23.03.2021,9:49:01,18.3,44.9,6.1
2878,23.03.2021,10:49:01,17.7,45.9,5.9
2879,23.03.2021,11:49:01,19.9,63.2,12.7
2880,23.03.2021,12:49:01,20.5,47.1,8.8
2881,23.03.2021,13:49:01,21.1,42.1,7.7
2882,23.03.2021,14:49:01,21.9,41.2,8.1
2883,23.03.2021,15:49:01,22.1,39,7.5
2884,23.03.2021,16:49:01,22.5,37.2,7.1
2885,23.03.2021,17:49:01,24.3,42.2,10.6
2886,23.03.2021,18:49:01,23.9,44.6,11.1
2887,23.03.2021,19:49:01,22.2,47.1,10.3
2888,23.03.2021,20:49:01,21.4,48.5,10
2889,23.03.2021,21:49:01,20.9,49.2,9.8
2890,23.03.2021,22:49:01,20.5,49.6,9.6
2891,23.03.2021,23:49:01,20.2,48.5,9
2892,24.03.2021,0:49:01,20.1,48.2,8.8
2893,24.03.2021,1:49:01,19.9,48,8.5
2894,24.03.2021,2:49:01,19.7,48,8.3
2895,24.03.2021,3:49:01,19.6,47.9,8.2
2896,24.03.2021,4:49:01,19.5,48.8,8.4
2897,24.03.2021,5:49:01,19.3,49.6,8.5
2898,24.03.2021,6:49:01,19.3,49,8.3
2899,24.03.2021,7:49:01,19.2,50.6,8.7
2900,24.03.2021,8:49:01,19.4,51.1,9
2901,24.03.2021,9:49:01,18.4,42.7,5.5
2902,24.03.2021,10:49:01,17.9,42.1,4.8
2903,24.03.2021,11:49:01,20.9,34.9,4.8
2904,24.03.2021,12:49:01,21.9,33.2,5
2905,24.03.2021,13:49:01,22.5,32.2,5
2906,24.03.2021,14:49:01,23,31.3,5.1
2907,24.03.2021,15:49:01,23.8,35.6,7.6
2908,24.03.2021,16:49:01,22,62.8,14.5
2909,24.03.2021,17:49:01,24.6,48.4,12.9
2910,24.03.2021,18:49:01,24.2,48.4,12.6
2911,24.03.2021,19:49:01,22.7,51.7,12.2
2912,24.03.2021,20:49:01,21.8,52.7,11.7
2913,24.03.2021,21:49:01,21.3,52.9,11.3
2914,24.03.2021,22:49:01,20.9,52.3,10.7
2915,24.03.2021,23:49:01,20.7,51.8,10.4
2916,25.03.2021,0:49:01,20.5,51.3,10.1
2917,25.03.2021,1:49:01,20.4,50.8,9.8
2918,25.03.2021,2:49:01,20.3,50.8,9.7
2919,25.03.2021,3:49:01,20.2,51.3,9.8
2920,25.03.2021,4:49:01,20,51.3,9.6
2921,25.03.2021,5:49:01,20,50.9,9.5
2922,25.03.2021,6:49:01,19.8,51.3,9.4
2923,25.03.2021,7:49:01,19.8,52,9.6
2924,25.03.2021,8:49:01,19.9,53.6,10.2
2925,25.03.2021,9:49:01,19,46.3,7.2
2926,25.03.2021,10:49:01,18.7,45.7,6.7
2927,25.03.2021,11:49:01,22,40.5,7.9
2928,25.03.2021,12:49:01,23.6,37.6,8.3
2929,25.03.2021,13:49:01,24.3,37.5,8.8
2930,25.03.2021,14:49:01,24.8,39.1,9.9
2931,25.03.2021,15:49:01,25.1,37.4,9.5
2932,25.03.2021,16:49:01,25.3,36.3,9.2
2933,25.03.2021,17:49:01,25.5,76.7,21.1
2934,25.03.2021,18:49:01,24.1,72.7,18.8
2935,25.03.2021,19:49:01,23.1,69.6,17.2
2936,25.03.2021,20:49:01,22.5,66.1,15.8
2937,25.03.2021,21:49:01,22.2,60.3,14.1
2938,25.03.2021,22:49:01,21.9,58.6,13.4
2939,25.03.2021,23:49:01,21.7,56.9,12.7
2940,26.03.2021,0:49:01,21.4,56.8,12.4
2941,26.03.2021,1:49:01,21.2,55.8,12
2942,26.03.2021,2:49:01,21.1,54.5,11.5
2943,26.03.2021,3:49:01,20.9,54.3,11.3
2944,26.03.2021,4:49:01,20.8,53.9,11.1
2945,26.03.2021,5:49:01,20.7,54.3,11.1
2946,26.03.2021,6:49:01,20.6,54.1,11
2947,26.03.2021,7:49:01,20.6,54.1,11
2948,26.03.2021,8:49:01,20.6,55.5,11.3
2949,26.03.2021,9:49:01,19.7,48.4,8.5
2950,26.03.2021,10:49:01,19.3,48.3,8.1
2951,26.03.2021,11:49:01,22,53.5,12.1
2952,26.03.2021,12:49:01,22.9,46.9,10.9
2953,26.03.2021,13:49:01,23.7,43.3,10.4
2954,26.03.2021,14:49:01,24.1,42.3,10.5
2955,26.03.2021,15:49:01,24.4,40.5,10.1
2956,26.03.2021,16:49:01,24.6,39,9.7
2957,26.03.2021,17:49:01,26.1,43,12.5
2958,26.03.2021,18:49:01,25.6,46,13.1
2959,26.03.2021,19:49:01,23.8,48.5,12.2
2960,26.03.2021,20:49:01,23.1,51.4,12.5
2961,26.03.2021,21:49:01,22.5,51.9,12.1
2962,26.03.2021,22:49:01,22.2,51.8,11.8
2963,26.03.2021,23:49:01,22,51.8,11.6
2964,27.03.2021,0:49:01,21.7,52.1,11.4
2965,27.03.2021,1:49:01,21.5,52.4,11.3
2966,27.03.2021,2:49:01,21.4,52.3,11.2
2967,27.03.2021,3:49:01,21.3,52.7,11.2
2968,27.03.2021,4:49:01,21.2,53.1,11.2
2969,27.03.2021,5:49:01,21.1,54.2,11.4
2970,27.03.2021,6:49:01,21,53.2,11.1
2971,27.03.2021,7:49:01,21,53.2,11.1
2972,27.03.2021,8:49:01,20.9,54,11.2
2973,27.03.2021,9:49:01,20,46.6,8.2
2974,27.03.2021,10:49:01,19.6,45.4,7.4
2975,27.03.2021,11:49:01,22.7,39.7,8.3
2976,27.03.2021,12:49:01,23.7,36.9,8.1
2977,27.03.2021,13:49:01,24.3,35.7,8.1
2978,27.03.2021,14:49:01,24.8,34.5,8
2979,27.03.2021,15:49:01,25,33.6,7.8
2980,27.03.2021,16:49:01,24.4,59.9,16.1
2981,27.03.2021,17:49:01,24.8,49.5,13.5
2982,27.03.2021,18:49:01,24,47.5,12.1
2983,27.03.2021,19:49:01,22.2,49.2,11
2984,27.03.2021,20:49:01,21.2,49.8,10.3
2985,27.03.2021,21:49:01,20.6,50.3,9.9
2986,27.03.2021,22:49:01,20.3,49,9.2
2987,27.03.2021,23:49:01,19.9,48.4,8.6
2988,28.03.2021,0:49:01,19.7,48.6,8.5
2989,28.03.2021,1:49:01,19.6,47.9,8.2
2990,28.03.2021,2:49:01,19.6,47.9,8.2
2991,28.03.2021,3:49:01,19.5,49.5,8.6
2992,28.03.2021,4:49:01,19.5,48.7,8.4
2993,28.03.2021,5:49:01,19.4,49.3,8.5
2994,28.03.2021,6:49:01,19.4,49.2,8.4
2995,28.03.2021,7:49:01,19.4,47.6,7.9
2996,28.03.2021,8:49:01,19.6,49.2,8.6
2997,28.03.2021,9:49:01,19.2,45,6.9
2998,28.03.2021,10:49:01,19,43.3,6.2
2999,28.03.2021,11:49:01,22.2,36.9,6.7
3000,28.03.2021,12:49:01,23.4,34.1,6.6
3001,28.03.2021,13:49:01,23.8,58.3,15.1
3002,28.03.2021,14:49:01,23.7,42.6,10.2
3003,28.03.2021,15:49:01,24,39.5,9.3
3004,28.03.2021,16:49:01,24.2,38.4,9.1
3005,28.03.2021,17:49:01,25.3,40.9,11
3006,28.03.2021,18:49:01,24.7,44.1,11.6
3007,28.03.2021,19:49:01,22.9,46.1,10.7
3008,28.03.2021,20:49:01,22.1,46.8,10.2
3009,28.03.2021,21:49:01,21.5,47.2,9.7
3010,28.03.2021,22:49:01,21.1,48,9.6
3011,28.03.2021,23:49:01,20.8,46.9,9
3012,29.03.2021,0:49:01,20.6,46.9,8.8
3013,29.03.2021,1:49:01,20.4,47,8.7
3014,29.03.2021,2:49:01,20.2,46.5,8.3
3015,29.03.2021,3:49:01,20,46.6,8.2
3016,29.03.2021,4:49:01,19.8,48.6,8.6
3017,29.03.2021,5:49:01,19.7,45.9,7.7
3018,29.03.2021,6:49:01,19.5,45.4,7.3
3019,29.03.2021,7:49:01,19.5,44.5,7
3020,29.03.2021,8:49:01,19.6,44.8,7.2
3021,29.03.2021,9:49:01,19.1,41.5,5.7
3022,29.03.2021,10:49:01,18.9,41,5.3
3023,29.03.2021,11:49:01,22,34.9,5.8
3024,29.03.2021,12:49:01,22.6,43.6,9.6
3025,29.03.2021,13:49:01,23.1,42.2,9.5
3026,29.03.2021,14:49:01,23.4,40,9
3027,29.03.2021,15:49:01,23.9,40.4,9.6
3028,29.03.2021,16:49:01,24.2,38.3,9.1
3029,29.03.2021,17:49:01,25.2,40.6,10.8
3030,29.03.2021,18:49:01,24.2,41.5,10.3
3031,29.03.2021,19:49:01,22.1,42.2,8.6
3032,29.03.2021,20:49:01,21.1,42.8,7.9
3033,29.03.2021,21:49:01,20.6,42.5,7.4
3034,29.03.2021,22:49:01,20.1,43,7.1
3035,29.03.2021,23:49:01,19.7,42,6.4
3036,30.03.2021,0:49:01,19.4,41.9,6.1
3037,30.03.2021,1:49:01,19.2,41.1,5.6
3038,30.03.2021,2:49:01,18.9,41,5.3
3039,30.03.2021,3:49:01,18.7,40.5,5
3040,30.03.2021,4:49:01,18.5,40.5,4.8
3041,30.03.2021,5:49:01,18.3,40.2,4.5
3042,30.03.2021,6:49:01,18.1,39.8,4.2
3043,30.03.2021,7:49:01,18.1,39.8,4.2
3044,30.03.2021,8:49:01,18.2,39.9,4.3
3045,30.03.2021,9:49:01,18.2,39.9,4.3
3046,30.03.2021,10:49:01,18.1,77.9,14.1
3047,30.03.2021,11:49:01,20.1,57.8,11.5
3048,30.03.2021,12:49:01,21.9,45.3,9.5
3049,30.03.2021,13:49:01,22.8,41.4,9
3050,30.03.2021,14:49:01,23.4,39.3,8.7
3051,30.03.2021,15:49:01,23.8,38,8.6
3052,30.03.2021,16:49:01,23.9,38,8.7
3053,30.03.2021,17:49:01,22.7,42.8,9.4
3054,30.03.2021,18:49:01,22.5,45.8,10.2
3055,30.03.2021,19:49:01,21.6,47.7,10
3056,30.03.2021,20:49:01,20.9,47.8,9.4
3057,30.03.2021,21:49:01,20.4,48.1,9
3058,30.03.2021,22:49:01,20.1,48.5,8.9
3059,30.03.2021,23:49:01,19.9,49.3,8.9
3060,31.03.2021,0:49:01,19.7,49.2,8.7
3061,31.03.2021,1:49:01,19.5,49.4,8.6
3062,31.03.2021,2:49:01,19.5,49.5,8.6
3063,31.03.2021,3:49:01,19.3,49.7,8.5
3064,31.03.2021,4:49:01,19.3,49.9,8.5
3065,31.03.2021,5:49:01,19.2,50.2,8.5
3066,31.03.2021,6:49:01,19.2,50.8,8.7
3067,31.03.2021,7:49:01,19.2,50.8,8.7
3068,31.03.2021,8:49:01,19.9,81.5,16.6
3069,31.03.2021,9:49:01,21,57.2,12.2
3070,31.03.2021,10:49:01,21.5,53.4,11.6
3071,31.03.2021,11:49:01,22.6,50.3,11.7
3072,31.03.2021,12:49:01,23.2,48,11.5
3073,31.03.2021,13:49:01,23.6,46.9,11.6
3074,31.03.2021,14:49:01,23.9,46.6,11.7
3075,31.03.2021,15:49:01,24.5,44,11.4
3076,31.03.2021,16:49:01,24.7,45.1,12
3077,31.03.2021,17:49:01,22.9,47.9,11.2
3078,31.03.2021,18:49:01,22,49.3,10.8
3079,31.03.2021,19:49:01,20.3,49.1,9.2
3080,31.03.2021,20:49:01,19.4,50,8.7
3081,31.03.2021,21:49:01,18.8,51.3,8.5
3082,31.03.2021,22:49:01,18.4,48.2,7.2
3083,31.03.2021,23:49:01,18.2,47.7,6.9
3084,01.04.2021,0:49:01,18,47.1,6.5
3085,01.04.2021,1:49:01,17.9,47.6,6.6
3086,01.04.2021,2:49:01,17.7,48.6,6.7
3087,01.04.2021,3:49:01,17.6,47.1,6.1
3088,01.04.2021,4:49:01,17.6,50.7,7.2
3089,01.04.2021,5:49:01,17.4,48,6.2
3090,01.04.2021,6:49:01,17.5,47.8,6.3
3091,01.04.2021,7:49:01,17.4,51.7,7.3
3092,01.04.2021,8:49:01,19.5,46.9,7.8
3093,01.04.2021,9:49:01,20.4,43.7,7.6
3094,01.04.2021,10:49:01,20.8,43.7,8
3095,01.04.2021,11:49:01,21.7,41.6,8
3096,01.04.2021,12:49:01,22.2,41.6,8.5
3097,01.04.2021,13:49:01,22.5,40.7,8.4
3098,01.04.2021,14:49:01,22.7,41.4,8.9
3099,01.04.2021,15:49:01,22.9,39.7,8.4
3100,01.04.2021,16:49:01,23.2,40.3,8.9
3101,01.04.2021,17:49:01,19.8,73.9,15
3102,01.04.2021,18:49:01,19.6,68.3,13.6
3103,01.04.2021,19:49:01,18.5,66.4,12.1
3104,01.04.2021,20:49:01,17.8,62.4,10.5
3105,01.04.2021,21:49:01,17.6,63.8,10.6
3106,01.04.2021,22:49:01,17.4,62.4,10.1
3107,01.04.2021,23:49:01,17.3,57.2,8.7
3108,02.04.2021,0:49:01,17.4,62.5,10.1
3109,02.04.2021,1:49:01,17.3,53,7.6
3110,02.04.2021,2:49:01,17.3,59.8,9.4
3111,02.04.2021,3:49:01,17.4,60.6,9.7
3112,02.04.2021,4:49:01,17.4,53.8,7.9
3113,02.04.2021,5:49:01,17.2,52.4,7.3
3114,02.04.2021,6:49:01,17.1,55.9,8.2
3115,02.04.2021,7:49:01,17.1,55.2,8
3116,02.04.2021,8:49:01,19.3,51.3,9
3117,02.04.2021,9:49:01,20.2,46,8.2
3118,02.04.2021,10:49:01,19.9,72,14.7
3119,02.04.2021,11:49:01,21,62,13.4
3120,02.04.2021,12:49:01,22,52.6,11.8
3121,02.04.2021,13:49:01,22.1,49.8,11.1
3122,02.04.2021,14:49:01,22.3,46.6,10.3
3123,02.04.2021,15:49:01,23.1,48.4,11.6
3124,02.04.2021,16:49:01,23.9,46.3,11.6
3125,02.04.2021,17:49:01,21.4,50.7,10.7
3126,02.04.2021,18:49:01,20.6,49.9,9.7
3127,02.04.2021,19:49:01,19.1,51.3,8.8
3128,02.04.2021,20:49:01,18.4,54.7,9.1
3129,02.04.2021,21:49:01,18.3,57.5,9.7
3130,02.04.2021,22:49:01,18.1,51.8,8
3131,02.04.2021,23:49:01,18.3,54,8.8
3132,03.04.2021,0:49:01,18.2,57.1,9.5
3133,03.04.2021,1:49:01,18.1,57.7,9.6
3134,03.04.2021,2:49:01,18.1,55.4,9
3135,03.04.2021,3:49:01,18.3,57.5,9.7
3136,03.04.2021,4:49:01,18.1,55.6,9
3137,03.04.2021,5:49:01,18.1,55.7,9.1
3138,03.04.2021,6:49:01,18.2,55.7,9.2
3139,03.04.2021,7:49:01,17.9,50.4,7.4
3140,03.04.2021,8:49:01,19.8,50.9,9.3
3141,03.04.2021,9:49:01,19.1,84.6,16.4
3142,03.04.2021,10:49:01,19.6,77,15.4
3143,03.04.2021,11:49:01,21.2,57.6,12.5
3144,03.04.2021,12:49:01,22,51.6,11.5
3145,03.04.2021,13:49:01,22.6,48.5,11.1
3146,03.04.2021,14:49:01,23.2,46.5,11.1
3147,03.04.2021,15:49:01,23.7,45.1,11.1
3148,03.04.2021,16:49:01,24.2,44.9,11.4
3149,03.04.2021,17:49:01,21,48.1,9.6
3150,03.04.2021,18:49:01,19.3,52.9,9.4
3151,03.04.2021,19:49:01,18.6,55.2,9.4
3152,03.04.2021,20:49:01,18.4,50.4,7.9
3153,03.04.2021,21:49:01,18.2,54.4,8.8
3154,03.04.2021,22:49:01,18.1,57.2,9.5
3155,03.04.2021,23:49:01,18.1,54.9,8.8
3156,04.04.2021,0:49:01,18.1,53.5,8.5
3157,04.04.2021,1:49:01,18.3,51.9,8.2
3158,04.04.2021,2:49:01,18.1,52,8
3159,04.04.2021,3:49:01,18.2,63,11
3160,04.04.2021,4:49:01,18.1,62.3,10.7
3161,04.04.2021,5:49:01,18,59.4,9.9
3162,04.04.2021,6:49:01,18,51.5,7.8
3163,04.04.2021,7:49:01,18.2,63.8,11.2
3164,04.04.2021,8:49:01,19.8,48.6,8.6
3165,04.04.2021,9:49:01,21.3,67.3,14.9
3166,04.04.2021,10:49:01,21.6,55.4,12.2
3167,04.04.2021,11:49:01,22,52.1,11.7
3168,04.04.2021,12:49:01,22.3,48.9,11
3169,04.04.2021,13:49:01,22.6,47.2,10.7
3170,04.04.2021,14:49:01,22.8,46.9,10.8
3171,04.04.2021,15:49:01,23,45.4,10.5
3172,04.04.2021,16:49:01,23.1,43.7,10
3173,04.04.2021,17:49:01,20,48.4,8.7
3174,04.04.2021,18:49:01,18.8,53.2,9
3175,04.04.2021,19:49:01,18.4,56.5,9.6
3176,04.04.2021,20:49:01,17.9,55.6,8.9
3177,04.04.2021,21:49:01,17.9,58.5,9.6
3178,04.04.2021,22:49:01,17.8,59.5,9.8
3179,04.04.2021,23:49:01,17.9,58.2,9.5
3180,05.04.2021,0:49:01,17.8,58.4,9.5
3181,05.04.2021,1:49:01,18,58.7,9.7
3182,05.04.2021,2:49:01,17.9,58.1,9.5
3183,05.04.2021,3:49:01,17.8,57.4,9.2
3184,05.04.2021,4:49:01,17.8,56.8,9.1
3185,05.04.2021,5:49:01,18.1,56.4,9.2
3186,05.04.2021,6:49:01,18,60.3,10.2
3187,05.04.2021,7:49:01,17.9,58.2,9.5
3188,05.04.2021,8:49:01,19.2,83.8,16.3
3189,05.04.2021,9:49:01,19.8,79.9,16.2
3190,05.04.2021,10:49:01,21.1,66.6,14.6
3191,05.04.2021,11:49:01,22,56.9,13
3192,05.04.2021,12:49:01,22.4,51,11.7
3193,05.04.2021,13:49:01,22.6,47.9,11
3194,05.04.2021,14:49:01,22.9,46.9,10.9
3195,05.04.2021,15:49:01,23.6,45.3,11
3196,05.04.2021,16:49:01,23.6,43.6,10.5
3197,05.04.2021,17:49:01,20.4,46.5,8.5
3198,05.04.2021,18:49:01,19,51.2,8.7
3199,05.04.2021,19:49:01,18.4,53.7,8.8
3200,05.04.2021,20:49:01,18.4,55.7,9.3
3201,05.04.2021,21:49:01,17.9,55.8,8.9
3202,05.04.2021,22:49:01,17.9,58.6,9.6
3203,05.04.2021,23:49:01,17.9,58.4,9.6
3204,06.04.2021,0:49:01,17.9,57.4,9.3
3205,06.04.2021,1:49:01,17.9,55.3,8.8
3206,06.04.2021,2:49:01,17.9,56.4,9.1
3207,06.04.2021,3:49:01,17.9,55.9,8.9
3208,06.04.2021,4:49:01,17.8,55.4,8.7
3209,06.04.2021,5:49:01,17.8,57.5,9.3
3210,06.04.2021,6:49:01,17.8,54.6,8.5
3211,06.04.2021,7:49:01,17.8,56.1,8.9
3212,06.04.2021,8:49:01,19.8,46.9,8.1
3213,06.04.2021,9:49:01,21.1,42.2,7.7
3214,06.04.2021,10:49:01,21.8,41.2,8
3215,06.04.2021,11:49:01,22.5,40.6,8.4
3216,06.04.2021,12:49:01,22.9,40.9,8.9
3217,06.04.2021,13:49:01,23.4,39.9,9
3218,06.04.2021,14:49:01,23.4,39,8.6
3219,06.04.2021,15:49:01,24,39.8,9.5
3220,06.04.2021,16:49:01,22.3,81.6,18.9
3221,06.04.2021,17:49:01,20.2,75.5,15.7
3222,06.04.2021,18:49:01,18.7,67.5,12.5
3223,06.04.2021,19:49:01,18.1,62.6,10.8
3224,06.04.2021,20:49:01,17.8,58.1,9.4
3225,06.04.2021,21:49:01,17.8,60.4,10
3226,06.04.2021,22:49:01,17.6,54.9,8.4
3227,06.04.2021,23:49:01,17.6,61.3,10
3228,07.04.2021,0:49:01,17.5,63.5,10.5
3229,07.04.2021,1:49:01,17.6,65.4,11
3230,07.04.2021,2:49:01,17.7,64.9,11
3231,07.04.2021,3:49:01,17.6,64.8,10.9
3232,07.04.2021,4:49:01,17.7,63.8,10.7
3233,07.04.2021,5:49:01,17.7,64.3,10.8
3234,07.04.2021,6:49:01,17.7,60.3,9.9
3235,07.04.2021,7:49:01,17.6,51.2,7.4
3236,07.04.2021,8:49:01,19.5,51.3,9.1
3237,07.04.2021,9:49:01,21.2,44.2,8.5
3238,07.04.2021,10:49:01,22.1,43.1,8.9
3239,07.04.2021,11:49:01,22.6,41.2,8.7
3240,07.04.2021,12:49:01,22.9,40.1,8.6
3241,07.04.2021,13:49:01,23.3,38.9,8.5
3242,07.04.2021,14:49:01,23.5,38.3,8.4
3243,07.04.2021,15:49:01,23.8,38.1,8.6
3244,07.04.2021,16:49:01,24.4,42.3,10.7
3245,07.04.2021,17:49:01,20.9,63.9,13.8
3246,07.04.2021,18:49:01,19.4,61.4,11.7
3247,07.04.2021,19:49:01,18.5,63.9,11.5
3248,07.04.2021,20:49:01,18.1,60.9,10.4
3249,07.04.2021,21:49:01,17.9,65.1,11.2
3250,07.04.2021,22:49:01,17.6,63.7,10.6
3251,07.04.2021,23:49:01,17.6,53.3,7.9
3252,08.04.2021,0:49:01,17.6,65,10.9
3253,08.04.2021,1:49:01,17.5,53.8,8
3254,08.04.2021,2:49:01,17.5,63.3,10.4
3255,08.04.2021,3:49:01,17.6,52.8,7.8
3256,08.04.2021,4:49:01,17.5,61.7,10
3257,08.04.2021,5:49:01,17.6,59,9.5
3258,08.04.2021,6:49:01,17.5,51.4,7.3
3259,08.04.2021,7:49:01,17.5,61.6,10
3260,08.04.2021,8:49:01,19.7,47.3,8.1
3261,08.04.2021,9:49:01,21.5,43.9,8.7
3262,08.04.2021,10:49:01,22.5,40.4,8.3
3263,08.04.2021,11:49:01,22.8,39.7,8.3
3264,08.04.2021,12:49:01,23.2,42.4,9.7
3265,08.04.2021,13:49:01,23,52,12.6
3266,08.04.2021,14:49:01,23.3,52.8,13.1
3267,08.04.2021,15:49:01,23.7,50.6,12.8
3268,08.04.2021,16:49:01,23.8,49.3,12.5
3269,08.04.2021,17:49:01,20.8,52.9,10.8
3270,08.04.2021,18:49:01,19.5,53.7,9.8
3271,08.04.2021,19:49:01,18.8,56.8,10
3272,08.04.2021,20:49:01,18.3,54.9,9
3273,08.04.2021,21:49:01,18,53,8.2
3274,08.04.2021,22:49:01,17.9,53,8.1
3275,08.04.2021,23:49:01,17.9,53.7,8.3
3276,09.04.2021,0:49:01,17.8,52.1,7.8
3277,09.04.2021,1:49:01,17.8,51.2,7.5
3278,09.04.2021,2:49:01,17.8,52.9,8
3279,09.04.2021,3:49:01,17.7,52.6,7.8
3280,09.04.2021,4:49:01,17.8,53.5,8.2
3281,09.04.2021,5:49:01,17.8,53.4,8.2
3282,09.04.2021,6:49:01,17.7,53.4,8.1
3283,09.04.2021,7:49:01,17.7,53,8
3284,09.04.2021,8:49:01,19.9,49.5,9
3285,09.04.2021,9:49:01,21.4,45.6,9.1
3286,09.04.2021,10:49:01,22,42.3,8.6
3287,09.04.2021,11:49:01,22.5,42.3,9
3288,09.04.2021,12:49:01,22.7,40.9,8.7
3289,09.04.2021,13:49:01,23.1,40.7,9
3290,09.04.2021,14:49:01,23.8,39.6,9.2
3291,09.04.2021,15:49:01,23.7,42.9,10.3
3292,09.04.2021,16:49:01,23.6,63.8,16.3
3293,09.04.2021,17:49:01,19.9,74.8,15.2
3294,09.04.2021,18:49:01,18.5,71.1,13.1
3295,09.04.2021,19:49:01,18.1,67.5,11.9
3296,09.04.2021,20:49:01,17.9,63,10.7
3297,09.04.2021,21:49:01,17.8,54.4,8.4
3298,09.04.2021,22:49:01,17.7,54.8,8.5
3299,09.04.2021,23:49:01,17.7,53.4,8.1
3300,10.04.2021,0:49:01,17.6,52.9,7.8
3301,10.04.2021,1:49:01,17.6,52.8,7.8
3302,10.04.2021,2:49:01,17.6,52.9,7.8
3303,10.04.2021,3:49:01,17.6,53,7.9
3304,10.04.2021,4:49:01,17.6,51.1,7.3
3305,10.04.2021,5:49:01,17.7,48.9,6.8
3306,10.04.2021,6:49:01,17.6,49.1,6.8
3307,10.04.2021,7:49:01,17.5,50.6,7.1
3308,10.04.2021,8:49:01,19.6,49,8.6
3309,10.04.2021,9:49:01,19.6,85.7,17.1
3310,10.04.2021,10:49:01,21.1,70.7,15.5
3311,10.04.2021,11:49:01,22.2,56.8,13.2
3312,10.04.2021,12:49:01,23.1,51.1,12.4
3313,10.04.2021,13:49:01,23.5,47.5,11.7
3314,10.04.2021,14:49:01,23.8,46.6,11.6
3315,10.04.2021,15:49:01,24.1,45.8,11.6
3316,10.04.2021,16:49:01,24.2,43.9,11.1
3317,10.04.2021,17:49:01,21.4,48.1,9.9
3318,10.04.2021,18:49:01,20.2,49.2,9.2
3319,10.04.2021,19:49:01,19.3,50.8,8.8
3320,10.04.2021,20:49:01,18.7,52.2,8.7
3321,10.04.2021,21:49:01,18.2,50.4,7.7
3322,10.04.2021,22:49:01,18,50.6,7.6
3323,10.04.2021,23:49:01,17.8,50.3,7.3
3324,11.04.2021,0:49:01,17.8,48.9,6.9
3325,11.04.2021,1:49:01,17.6,49.2,6.8
3326,11.04.2021,2:49:01,17.6,49.8,7
3327,11.04.2021,3:49:01,17.7,50.1,7.1
3328,11.04.2021,4:49:01,17.7,49.4,6.9
3329,11.04.2021,5:49:01,17.6,47.1,6.1
3330,11.04.2021,6:49:01,17.5,48.9,6.6
3331,11.04.2021,7:49:01,17.5,50.4,7
3332,11.04.2021,8:49:01,19.6,46.2,7.7
3333,11.04.2021,9:49:01,21.5,42.5,8.2
3334,11.04.2021,10:49:01,22.5,41.5,8.7
3335,11.04.2021,11:49:01,23.1,40.5,8.9
3336,11.04.2021,12:49:01,22.5,73.5,17.5
3337,11.04.2021,13:49:01,22.9,64.1,15.7
3338,11.04.2021,14:49:01,23.8,53.5,13.7
3339,11.04.2021,15:49:01,24.8,45.9,12.3
3340,11.04.2021,16:49:01,25,42.6,11.4
3341,11.04.2021,17:49:01,21.7,49.5,10.6
3342,11.04.2021,18:49:01,20.4,50.2,9.6
3343,11.04.2021,19:49:01,19.3,49.4,8.4
3344,11.04.2021,20:49:01,18.6,49.4,7.8
3345,11.04.2021,21:49:01,18.2,51.8,8.1
3346,11.04.2021,22:49:01,17.9,50.3,7.4
3347,11.04.2021,23:49:01,17.7,50.1,7.1
3348,12.04.2021,0:49:01,17.6,51.1,7.3
3349,12.04.2021,1:49:01,17.5,50.7,7.1
3350,12.04.2021,2:49:01,17.6,48.6,6.6
3351,12.04.2021,3:49:01,17.5,49.9,6.9
3352,12.04.2021,4:49:01,17.5,49.6,6.8
3353,12.04.2021,5:49:01,17.4,48.4,6.4
3354,12.04.2021,6:49:01,17.4,48.9,6.5
3355,12.04.2021,7:49:01,17.4,47.9,6.2
3356,12.04.2021,8:49:01,19.7,45.5,7.6
3357,12.04.2021,9:49:01,21.7,41.6,8
3358,12.04.2021,10:49:01,22.8,44.2,9.9
3359,12.04.2021,11:49:01,21,87.7,18.8
3360,12.04.2021,12:49:01,22.4,74.6,17.6
3361,12.04.2021,13:49:01,23.5,55.2,13.9
3362,12.04.2021,14:49:01,24,48.9,12.6
3363,12.04.2021,15:49:01,24.3,46.1,11.9
3364,12.04.2021,16:49:01,24.6,45,11.8
3365,12.04.2021,17:49:01,21.5,49.4,10.4
3366,12.04.2021,18:49:01,20,49,8.9
3367,12.04.2021,19:49:01,19,49.3,8.1
3368,12.04.2021,20:49:01,18.5,48.7,7.5
3369,12.04.2021,21:49:01,18.2,51.2,7.9
3370,12.04.2021,22:49:01,17.9,51.1,7.6
3371,12.04.2021,23:49:01,17.8,50.3,7.3
3372,13.04.2021,0:49:01,17.7,49.2,6.9
3373,13.04.2021,1:49:01,17.7,49.7,7
3374,13.04.2021,2:49:01,17.6,51.1,7.3
3375,13.04.2021,3:49:01,17.6,49,6.7
3376,13.04.2021,4:49:01,17.6,50.9,7.3
3377,13.04.2021,5:49:01,17.6,48.8,6.7
3378,13.04.2021,6:49:01,17.5,50.3,7
3379,13.04.2021,7:49:01,17.5,49.9,6.9
3380,13.04.2021,8:49:01,19.8,45.4,7.6
3381,13.04.2021,9:49:01,22,41.7,8.4
3382,13.04.2021,10:49:01,23,40.5,8.8
3383,13.04.2021,11:49:01,23.8,42,10.1
3384,13.04.2021,12:49:01,23.5,57.8,14.7
3385,13.04.2021,13:49:01,23.9,51.9,13.4
3386,13.04.2021,14:49:01,24.5,48.1,12.8
3387,13.04.2021,15:49:01,24.9,45.9,12.4
3388,13.04.2021,16:49:01,25.4,43.3,12
3389,13.04.2021,17:49:01,21.9,50.2,11
3390,13.04.2021,18:49:01,20.4,49.8,9.5
3391,13.04.2021,19:49:01,19.4,48.9,8.3
3392,13.04.2021,20:49:01,18.7,49.4,7.8
3393,13.04.2021,21:49:01,18.2,47.9,6.9
3394,13.04.2021,22:49:01,18,47.9,6.8
3395,13.04.2021,23:49:01,17.7,47,6.2
3396,14.04.2021,0:49:01,17.6,48.6,6.6
3397,14.04.2021,1:49:01,17.5,49.4,6.7
3398,14.04.2021,2:49:01,17.4,48.9,6.5
3399,14.04.2021,3:49:01,17.3,49,6.4
3400,14.04.2021,4:49:01,17.3,48.2,6.2
3401,14.04.2021,5:49:01,17.3,46.9,5.8
3402,14.04.2021,6:49:01,17.3,46.6,5.7
3403,14.04.2021,7:49:01,17.3,47.3,5.9
3404,14.04.2021,8:49:01,19.9,43.8,7.2
3405,14.04.2021,9:49:01,22,41.5,8.3
3406,14.04.2021,10:49:01,22.8,39.1,8.1
3407,14.04.2021,11:49:01,23.4,38.2,8.3
3408,14.04.2021,12:49:01,24,38.1,8.8
3409,14.04.2021,13:49:01,24.5,38.4,9.4
3410,14.04.2021,14:49:01,22.6,82.1,19.3
3411,14.04.2021,15:49:01,23.8,64.7,16.7
3412,14.04.2021,16:49:01,25.2,51.3,14.4
3413,14.04.2021,17:49:01,21.7,52.4,11.5
3414,14.04.2021,18:49:01,20.8,53.2,10.9
3415,14.04.2021,19:49:01,19.8,50.4,9.2
3416,14.04.2021,20:49:01,18.8,49.1,7.9
3417,14.04.2021,21:49:01,18.4,49.8,7.7
3418,14.04.2021,22:49:01,18,48.6,7
3419,14.04.2021,23:49:01,17.8,49.3,7
3420,15.04.2021,0:49:01,17.6,49.3,6.8
3421,15.04.2021,1:49:01,17.5,49.4,6.7
3422,15.04.2021,2:49:01,17.4,47.6,6.1
3423,15.04.2021,3:49:01,17.3,47.8,6.1
3424,15.04.2021,4:49:01,17.3,49.2,6.5
3425,15.04.2021,5:49:01,17.2,51.4,7
3426,15.04.2021,6:49:01,17.3,52.5,7.5
3427,15.04.2021,7:49:01,17.2,51.8,7.2
3428,15.04.2021,8:49:01,19.8,41.5,6.3
3429,15.04.2021,9:49:01,21.6,40.1,7.4
3430,15.04.2021,10:49:01,22.4,39,7.7
3431,15.04.2021,11:49:01,23.1,38.1,8
3432,15.04.2021,12:49:01,23.6,37.7,8.3
3433,15.04.2021,13:49:01,24.1,37.5,8.7
3434,15.04.2021,14:49:01,23.1,72.4,17.8
3435,15.04.2021,15:49:01,24.4,58.3,15.6
3436,15.04.2021,16:49:01,24.9,51.2,14.1
3437,15.04.2021,17:49:01,21.6,54.4,12
3438,15.04.2021,18:49:01,20,53.2,10.1
3439,15.04.2021,19:49:01,19.1,53.8,9.5
3440,15.04.2021,20:49:01,18.7,54.3,9.2
3441,15.04.2021,21:49:01,18.3,53,8.5
3442,15.04.2021,22:49:01,18,53.3,8.3
3443,15.04.2021,23:49:01,17.8,53.3,8.1
3444,16.04.2021,0:49:01,17.6,51.7,7.5
3445,16.04.2021,1:49:01,17.4,52.7,7.6
3446,16.04.2021,2:49:01,17.4,53.7,7.9
3447,16.04.2021,3:49:01,17.4,51.6,7.3
3448,16.04.2021,4:49:01,17.4,51.2,7.2
3449,16.04.2021,5:49:01,17.4,50.4,6.9
3450,16.04.2021,6:49:01,17.4,50.6,7
3451,16.04.2021,7:49:01,17.4,49.9,6.8
3452,16.04.2021,8:49:01,19.8,44.7,7.4
3453,16.04.2021,9:49:01,20.9,41.8,7.4
3454,16.04.2021,10:49:01,21.6,42.2,8.2
3455,16.04.2021,11:49:01,21.8,63.2,14.4
3456,16.04.2021,12:49:01,22.9,55.3,13.4
3457,16.04.2021,13:49:01,23.6,50.7,12.7
3458,16.04.2021,14:49:01,24,48.9,12.6
3459,16.04.2021,15:49:01,24.7,48.6,13.1
3460,16.04.2021,16:49:01,25,59.7,16.6
3461,16.04.2021,17:49:01,21.8,54.3,12.1
3462,16.04.2021,18:49:01,20.3,53.1,10.4
3463,16.04.2021,19:49:01,19.3,53.2,9.5
3464,16.04.2021,20:49:01,18.6,51.9,8.5
3465,16.04.2021,21:49:01,18.1,51.8,8
3466,16.04.2021,22:49:01,17.9,51.8,7.8
3467,16.04.2021,23:49:01,17.7,52.9,7.9
3468,17.04.2021,0:49:01,17.5,51.4,7.3
3469,17.04.2021,1:49:01,17.5,50.5,7.1
3470,17.04.2021,2:49:01,17.4,50.7,7
3471,17.04.2021,3:49:01,17.3,50.4,6.9
3472,17.04.2021,4:49:01,17.3,50.1,6.8
3473,17.04.2021,5:49:01,17.4,50.5,7
3474,17.04.2021,6:49:01,17.3,54.9,8.1
3475,17.04.2021,7:49:01,17.3,54.1,7.9
3476,17.04.2021,8:49:01,19.9,44.9,7.5
3477,17.04.2021,9:49:01,21.6,42.2,8.2
3478,17.04.2021,10:49:01,22.5,41.7,8.8
3479,17.04.2021,11:49:01,23.4,44.7,10.6
3480,17.04.2021,12:49:01,24,44.4,11.1
3481,17.04.2021,13:49:01,24.5,43.4,11.2
3482,17.04.2021,14:49:01,24.8,43.4,11.5
3483,17.04.2021,15:49:01,25.2,42.7,11.6
3484,17.04.2021,16:49:01,25.2,41.7,11.2
3485,17.04.2021,17:49:01,22,48,10.4
3486,17.04.2021,18:49:01,20.8,49.4,9.8
3487,17.04.2021,19:49:01,19.6,47.6,8.1
3488,17.04.2021,20:49:01,18.7,47.2,7.2
3489,17.04.2021,21:49:01,18.1,47.3,6.7
3490,17.04.2021,22:49:01,17.8,48.2,6.7
3491,17.04.2021,23:49:01,17.6,47.9,6.4
3492,18.04.2021,0:49:01,17.4,49.2,6.6
3493,18.04.2021,1:49:01,17.4,48.9,6.5
3494,18.04.2021,2:49:01,17.3,49,6.4
3495,18.04.2021,3:49:01,17.3,49.9,6.7
3496,18.04.2021,4:49:01,17.3,51.6,7.2
3497,18.04.2021,5:49:01,17.2,48.9,6.3
3498,18.04.2021,6:49:01,17.3,47.2,5.9
3499,18.04.2021,7:49:01,17.2,48.3,6.1
3500,18.04.2021,8:49:01,19.7,42.2,6.5
3501,18.04.2021,9:49:01,21.7,39.5,7.3
3502,18.04.2021,10:49:01,22.7,39.6,8.2
3503,18.04.2021,11:49:01,23.3,43.2,10
3504,18.04.2021,12:49:01,23.8,42.8,10.4
3505,18.04.2021,13:49:01,23.9,42,10.2
3506,18.04.2021,14:49:01,24.1,40.9,9.9
3507,18.04.2021,15:49:01,24.1,40.7,9.9
3508,18.04.2021,16:49:01,24.3,39.8,9.7
3509,18.04.2021,17:49:01,20.9,45.2,8.5
3510,18.04.2021,18:49:01,19.4,45.5,7.3
3511,18.04.2021,19:49:01,18.6,46.3,6.8
3512,18.04.2021,20:49:01,18.3,47.4,6.9
3513,18.04.2021,21:49:01,17.9,49.1,7
3514,18.04.2021,22:49:01,17.8,47.7,6.5
3515,18.04.2021,23:49:01,17.6,47.5,6.3
3516,19.04.2021,0:49:01,17.5,47.6,6.2
3517,19.04.2021,1:49:01,17.5,48.1,6.4
3518,19.04.2021,2:49:01,17.5,48.4,6.4
3519,19.04.2021,3:49:01,17.4,48.1,6.3
3520,19.04.2021,4:49:01,17.4,48.7,6.4
3521,19.04.2021,5:49:01,17.4,47.6,6.1
3522,19.04.2021,6:49:01,17.4,47.2,6
3523,19.04.2021,7:49:01,17.4,47.8,6.2
3524,19.04.2021,8:49:01,19.8,43.2,6.9
3525,19.04.2021,9:49:01,21.4,44,8.6
3526,19.04.2021,10:49:01,22.3,43.4,9.2
3527,19.04.2021,11:49:01,22.9,42.6,9.5
3528,19.04.2021,12:49:01,23.3,41.4,9.4
3529,19.04.2021,13:49:01,23.8,40.7,9.6
3530,19.04.2021,14:49:01,23.9,40,9.4
3531,19.04.2021,15:49:01,24.1,39.3,9.4
3532,19.04.2021,16:49:01,24.1,39,9.2
3533,19.04.2021,17:49:01,20.7,43.7,7.9
3534,19.04.2021,18:49:01,19.3,45.4,7.2
3535,19.04.2021,19:49:01,18.5,47,6.9
3536,19.04.2021,20:49:01,18.1,47.8,6.8
3537,19.04.2021,21:49:01,17.8,48.4,6.7
3538,19.04.2021,22:49:01,17.7,46.8,6.1
3539,19.04.2021,23:49:01,17.6,47,6.1
3540,20.04.2021,0:49:01,17.5,47.8,6.3
3541,20.04.2021,1:49:01,17.5,48.7,6.5
3542,20.04.2021,2:49:01,17.4,48.6,6.4
3543,20.04.2021,3:49:01,17.4,46.2,5.7
3544,20.04.2021,4:49:01,17.4,48.4,6.4
3545,20.04.2021,5:49:01,17.5,46.9,6
3546,20.04.2021,6:49:01,17.4,46.9,5.9
3547,20.04.2021,7:49:01,17.4,47.7,6.1
3548,20.04.2021,8:49:01,19.8,42.6,6.7
3549,20.04.2021,9:49:01,21.5,39.3,7
3550,20.04.2021,10:49:01,22.5,37.7,7.3
3551,20.04.2021,11:49:01,22.9,36.8,7.3
3552,20.04.2021,12:49:01,22.4,61.4,14.6
3553,20.04.2021,13:49:01,23.1,54.9,13.5
3554,20.04.2021,14:49:01,23.7,49.7,12.5
3555,20.04.2021,15:49:01,23.7,46.5,11.5
3556,20.04.2021,16:49:01,23.7,44,10.7
3557,20.04.2021,17:49:01,20.5,47.6,8.9
3558,20.04.2021,18:49:01,19.1,50.7,8.6
3559,20.04.2021,19:49:01,18.4,49.1,7.5
3560,20.04.2021,20:49:01,18.1,51.6,7.9
3561,20.04.2021,21:49:01,17.9,51.5,7.7
3562,20.04.2021,22:49:01,17.8,49.2,7
3563,20.04.2021,23:49:01,17.7,51.6,7.6
3564,21.04.2021,0:49:01,17.6,49.9,7
3565,21.04.2021,1:49:01,17.6,51.1,7.3
3566,21.04.2021,2:49:01,17.7,49.7,7
3567,21.04.2021,3:49:01,17.6,49.5,6.9
3568,21.04.2021,4:49:01,17.5,50.5,7.1
3569,21.04.2021,5:49:01,17.6,50.7,7.2
3570,21.04.2021,6:49:01,17.5,50.4,7
3571,21.04.2021,7:49:01,17.6,50.9,7.3
3572,21.04.2021,8:49:01,20.3,42.6,7.1
3573,21.04.2021,9:49:01,21.5,41.6,7.9
3574,21.04.2021,10:49:01,22.1,39.1,7.5
3575,21.04.2021,11:49:01,22.6,37.9,7.5
3576,21.04.2021,12:49:01,22.9,38.1,7.8
3577,21.04.2021,13:49:01,22.5,59.8,14.2
3578,21.04.2021,14:49:01,22.9,53.9,13
3579,21.04.2021,15:49:01,23.2,49.5,12
3580,21.04.2021,16:49:01,23.4,46.1,11.1
3581,21.04.2021,17:49:01,20.3,50.8,9.7
3582,21.04.2021,18:49:01,19.1,49.9,8.4
3583,21.04.2021,19:49:01,18.4,51.9,8.3
3584,21.04.2021,20:49:01,18.1,50.7,7.7
3585,21.04.2021,21:49:01,17.9,51.3,7.7
3586,21.04.2021,22:49:01,17.8,52.7,8
3587,21.04.2021,23:49:01,17.7,50.5,7.3
3588,22.04.2021,0:49:01,17.7,51.7,7.6
3589,22.04.2021,1:49:01,17.5,50.3,7
3590,22.04.2021,2:49:01,17.6,51.8,7.5
3591,22.04.2021,3:49:01,17.6,49.6,6.9
3592,22.04.2021,4:49:01,17.6,51.4,7.4
3593,22.04.2021,5:49:01,17.6,52.1,7.6
3594,22.04.2021,6:49:01,17.6,49.3,6.8
3595,22.04.2021,7:49:01,17.5,54.3,8.1
3596,22.04.2021,8:49:01,19.8,45.6,7.7
3597,22.04.2021,9:49:01,21.2,41.5,7.6
3598,22.04.2021,10:49:01,22,40.7,8
3599,22.04.2021,11:49:01,22.5,39.3,7.9
3600,22.04.2021,12:49:01,23,38.4,8
3601,22.04.2021,13:49:01,23.2,38.2,8.1
3602,22.04.2021,14:49:01,23.7,47,11.7
3603,22.04.2021,15:49:01,23.7,51.8,13.2
3604,22.04.2021,16:49:01,24,49.3,12.7
3605,22.04.2021,17:49:01,20.7,53.5,10.9
3606,22.04.2021,18:49:01,19.6,54.7,10.2
3607,22.04.2021,19:49:01,18.6,53.4,8.9
3608,22.04.2021,20:49:01,18.1,54.2,8.7
3609,22.04.2021,21:49:01,17.8,52,7.8
3610,22.04.2021,22:49:01,17.6,52.9,7.8
3611,22.04.2021,23:49:01,17.5,52.8,7.7
3612,23.04.2021,0:49:01,17.5,52,7.5
3613,23.04.2021,1:49:01,17.4,51.6,7.3
3614,23.04.2021,2:49:01,17.4,55.4,8.3
3615,23.04.2021,3:49:01,17.4,56.4,8.6
3616,23.04.2021,4:49:01,17.4,51.4,7.2
3617,23.04.2021,5:49:01,17.3,54.6,8
3618,23.04.2021,6:49:01,17.2,55.4,8.1
3619,23.04.2021,7:49:01,17.2,50.9,6.9
3620,23.04.2021,8:49:01,19.7,45,7.4
3621,23.04.2021,9:49:01,20.9,63.9,13.8
3622,23.04.2021,10:49:01,21.6,56.4,12.5
3623,23.04.2021,11:49:01,22.3,53.6,12.4
3624,23.04.2021,12:49:01,22.8,50,11.8
3625,23.04.2021,13:49:01,23.2,47.8,11.5
3626,23.04.2021,14:49:01,23.5,45.9,11.1
3627,23.04.2021,15:49:01,23.9,44.7,11.1
3628,23.04.2021,16:49:01,24,43.2,10.7
3629,23.04.2021,17:49:01,20.5,48.9,9.3
3630,23.04.2021,18:49:01,19.1,49,8.1
3631,23.04.2021,19:49:01,18.3,49.6,7.5
3632,23.04.2021,20:49:01,18,52.8,8.2
3633,23.04.2021,21:49:01,17.7,50.9,7.4
3634,23.04.2021,22:49:01,17.6,50.5,7.2
3635,23.04.2021,23:49:01,17.5,51.2,7.3
3636,24.04.2021,0:49:01,17.4,52.4,7.5
3637,24.04.2021,1:49:01,17.3,51.4,7.1
3638,24.04.2021,2:49:01,17.4,50,6.8
3639,24.04.2021,3:49:01,17.3,56,8.4
3640,24.04.2021,4:49:01,17.3,50.1,6.8
3641,24.04.2021,5:49:01,17.4,54.6,8.1
3642,24.04.2021,6:49:01,17.3,49.6,6.6
3643,24.04.2021,7:49:01,17.3,56,8.4
3644,24.04.2021,8:49:01,19.7,44.1,7.1
3645,24.04.2021,9:49:01,21.3,40.9,7.4
3646,24.04.2021,10:49:01,21.9,40.7,7.9
3647,24.04.2021,11:49:01,22.4,38.3,7.5
3648,24.04.2021,12:49:01,22.6,37.9,7.5
3649,24.04.2021,13:49:01,22.8,37.9,7.7
3650,24.04.2021,14:49:01,23,38.1,7.9
3651,24.04.2021,15:49:01,23,52.2,12.6
3652,24.04.2021,16:49:01,23.4,48.6,11.9
3653,24.04.2021,17:49:01,19.8,53.3,10
3654,24.04.2021,18:49:01,18.5,55,9.2
3655,24.04.2021,19:49:01,18,56.9,9.3
3656,24.04.2021,20:49:01,17.8,57.2,9.2
3657,24.04.2021,21:49:01,17.5,57.2,8.9
3658,24.04.2021,22:49:01,17.4,54,8
3659,24.04.2021,23:49:01,17.3,57.3,8.7
3660,25.04.2021,0:49:01,17.3,54,7.9
3661,25.04.2021,1:49:01,17.2,56.2,8.4
3662,25.04.2021,2:49:01,17.5,54.8,8.3
3663,25.04.2021,3:49:01,17.5,56.4,8.7
3664,25.04.2021,4:49:01,17.5,56,8.6
3665,25.04.2021,5:49:01,17.4,55.5,8.4
3666,25.04.2021,6:49:01,17.4,54.9,8.2
3667,25.04.2021,7:49:01,17.4,56.3,8.6
3668,25.04.2021,8:49:01,20.2,47.8,8.7
3669,25.04.2021,9:49:01,22,45.1,9.5
3670,25.04.2021,10:49:01,21.2,76,16.8
3671,25.04.2021,11:49:01,22.3,57.6,13.5
3672,25.04.2021,12:49:01,22.9,47.5,11.1
3673,25.04.2021,13:49:01,23.2,45.9,10.9
3674,25.04.2021,14:49:01,23.6,45.1,11
3675,25.04.2021,15:49:01,23.5,42.4,9.9
3676,25.04.2021,16:49:01,23.6,41.5,9.7
3677,25.04.2021,17:49:01,20.4,47,8.7
3678,25.04.2021,18:49:01,19.3,48.8,8.2
3679,25.04.2021,19:49:01,18.5,47.7,7.2
3680,25.04.2021,20:49:01,18.2,50.8,7.8
3681,25.04.2021,21:49:01,18,47.2,6.5
3682,25.04.2021,22:49:01,17.9,49.9,7.3
3683,25.04.2021,23:49:01,17.8,51.4,7.6
3684,26.04.2021,0:49:01,17.8,51.4,7.6
3685,26.04.2021,1:49:01,17.8,51.6,7.7
3686,26.04.2021,2:49:01,17.7,51.4,7.5
3687,26.04.2021,3:49:01,17.9,51.1,7.6
3688,26.04.2021,4:49:01,17.8,53.7,8.2
3689,26.04.2021,5:49:01,17.8,51.2,7.5
3690,26.04.2021,6:49:01,17.8,50.4,7.3
3691,26.04.2021,7:49:01,17.7,50.5,7.3
3692,26.04.2021,8:49:01,20,43.6,7.2
3693,26.04.2021,9:49:01,21.8,40,7.6
3694,26.04.2021,10:49:01,22.6,39.4,8.1
3695,26.04.2021,11:49:01,23.1,39.4,8.5
3696,26.04.2021,12:49:01,21.1,76.3,16.7
3697,26.04.2021,13:49:01,22.6,55.9,13.3
3698,26.04.2021,14:49:01,23.3,46,11
3699,26.04.2021,15:49:01,23.6,42.2,10
3700,26.04.2021,16:49:01,23.8,41.2,9.8
3701,26.04.2021,17:49:01,20.6,46.2,8.6
3702,26.04.2021,18:49:01,19.3,51,8.9
3703,26.04.2021,19:49:01,18.6,50.5,8.1
3704,26.04.2021,20:49:01,18.2,54.5,8.8
3705,26.04.2021,21:49:01,18,53.3,8.3
3706,26.04.2021,22:49:01,17.9,50.3,7.4
3707,26.04.2021,23:49:01,17.7,50.3,7.2
3708,27.04.2021,0:49:01,17.8,52.9,8
3709,27.04.2021,1:49:01,17.7,57.7,9.2
3710,27.04.2021,2:49:01,17.7,57.3,9.1
3711,27.04.2021,3:49:01,17.6,57.6,9.1
3712,27.04.2021,4:49:01,17.6,57.1,9
3713,27.04.2021,5:49:01,17.7,57.7,9.2
3714,27.04.2021,6:49:01,17.6,57.9,9.2
3715,27.04.2021,7:49:01,17.6,56.7,8.9
3716,27.04.2021,8:49:01,19.9,47.4,8.3
3717,27.04.2021,9:49:01,21.5,44.3,8.8
3718,27.04.2021,10:49:01,22.3,41.2,8.4
3719,27.04.2021,11:49:01,22.5,39.5,8
3720,27.04.2021,12:49:01,22.8,38.2,7.8
3721,27.04.2021,13:49:01,23,37.8,7.8
3722,27.04.2021,14:49:01,23.1,38.8,8.3
3723,27.04.2021,15:49:01,23.2,37.1,7.7
3724,27.04.2021,16:49:01,23.7,56.5,14.5
3725,27.04.2021,17:49:01,19.8,57.5,11.1
3726,27.04.2021,18:49:01,18.8,60.7,11
3727,27.04.2021,19:49:01,18.4,57.1,9.7
3728,27.04.2021,20:49:01,18.2,63.2,11
3729,27.04.2021,21:49:01,18,62.6,10.7
3730,27.04.2021,22:49:01,17.8,62.2,10.4
3731,27.04.2021,23:49:01,17.7,60.2,9.8
3732,28.04.2021,0:49:01,17.8,61.9,10.4
3733,28.04.2021,1:49:01,17.7,61.4,10.1
3734,28.04.2021,2:49:01,17.8,60.8,10.1
3735,28.04.2021,3:49:01,17.7,58.7,9.5
3736,28.04.2021,4:49:01,17.7,60.2,9.8
3737,28.04.2021,5:49:01,17.8,60.6,10
3738,28.04.2021,6:49:01,17.6,59.8,9.7
3739,28.04.2021,7:49:01,17.7,60.4,9.9
3740,28.04.2021,8:49:01,20.3,46,8.3
3741,28.04.2021,9:49:01,21.9,40.9,8
3742,28.04.2021,10:49:01,22.4,39.1,7.8
3743,28.04.2021,11:49:01,22.4,59.6,14.1
3744,28.04.2021,12:49:01,22.4,53.5,12.4
3745,28.04.2021,13:49:01,22.7,48,11.1
3746,28.04.2021,14:49:01,22.9,44.2,10
3747,28.04.2021,15:49:01,23.2,46,10.9
3748,28.04.2021,16:49:01,23.6,43.4,10.4
3749,28.04.2021,17:49:01,20.3,50.1,9.5
3750,28.04.2021,18:49:01,19.2,56.5,10.3
3751,28.04.2021,19:49:01,18.7,57.2,10
3752,28.04.2021,20:49:01,18.3,58.1,9.9
3753,28.04.2021,21:49:01,18,59.8,10
3754,28.04.2021,22:49:01,17.9,60.7,10.2
3755,28.04.2021,23:49:01,17.8,59.8,9.8
3756,29.04.2021,0:49:01,17.8,63,10.6
3757,29.04.2021,1:49:01,17.6,62.1,10.2
3758,29.04.2021,2:49:01,17.7,62.7,10.5
3759,29.04.2021,3:49:01,17.6,61.2,10
3760,29.04.2021,4:49:01,17.7,62.3,10.4
3761,29.04.2021,5:49:01,17.7,62.6,10.4
3762,29.04.2021,6:49:01,17.6,59.4,9.6
3763,29.04.2021,7:49:01,17.6,62.7,10.4
3764,29.04.2021,8:49:01,20.1,49.7,9.2
3765,29.04.2021,9:49:01,21.6,43.4,8.6
3766,29.04.2021,10:49:01,22.1,41.2,8.3
3767,29.04.2021,11:49:01,22.5,39.4,8
3768,29.04.2021,12:49:01,22.4,64.1,15.2
3769,29.04.2021,13:49:01,22.4,52.1,12
3770,29.04.2021,14:49:01,22.9,48.6,11.5
3771,29.04.2021,15:49:01,23.3,44.9,10.6
3772,29.04.2021,16:49:01,23.5,41.6,9.7
3773,29.04.2021,17:49:01,19.8,49.8,9
3774,29.04.2021,18:49:01,18.8,53,9
3775,29.04.2021,19:49:01,18.3,55.7,9.2
3776,29.04.2021,20:49:01,18,53.1,8.3
3777,29.04.2021,21:49:01,17.9,53.3,8.2
3778,29.04.2021,22:49:01,17.9,55.9,8.9
3779,29.04.2021,23:49:01,17.7,59.5,9.7
3780,30.04.2021,0:49:01,17.7,59.7,9.7
3781,30.04.2021,1:49:01,17.6,58.9,9.4
3782,30.04.2021,2:49:01,17.6,54.9,8.4
3783,30.04.2021,3:49:01,17.6,61.1,10
3784,30.04.2021,4:49:01,17.6,60.6,9.8
3785,30.04.2021,5:49:01,17.5,59.4,9.5
3786,30.04.2021,6:49:01,17.5,54.4,8.2
3787,30.04.2021,7:49:01,17.5,61.6,10
3788,30.04.2021,8:49:01,20.1,45.7,8
3789,30.04.2021,9:49:01,21.8,44.1,9
3790,30.04.2021,10:49:01,22.5,40.6,8.4
3791,30.04.2021,11:49:01,22.2,68.3,16
3792,30.04.2021,12:49:01,22.9,55,13.3
3793,30.04.2021,13:49:01,23.4,49.7,12.2
3794,30.04.2021,14:49:01,23.8,46.1,11.5
3795,30.04.2021,15:49:01,23.9,43.8,10.8
3796,30.04.2021,16:49:01,24.2,42.6,10.6
3797,30.04.2021,17:49:01,20.8,49.3,9.7
3798,30.04.2021,18:49:01,19.5,50.9,9
3799,30.04.2021,19:49:01,18.7,53.7,9.1
3800,30.04.2021,20:49:01,18.3,56.2,9.4
3801,30.04.2021,21:49:01,18,53.1,8.3
3802,30.04.2021,22:49:01,17.7,55.7,8.7
3803,30.04.2021,23:49:01,17.6,56.7,8.9
3804,01.05.2021,0:49:01,17.6,55.9,8.7
3805,01.05.2021,1:49:01,17.6,55.3,8.5
3806,01.05.2021,2:49:01,17.5,61.1,9.9
3807,01.05.2021,3:49:01,17.5,60.8,9.8
3808,01.05.2021,4:49:01,17.4,58.8,9.2
3809,01.05.2021,5:49:01,17.5,62.4,10.2
3810,01.05.2021,6:49:01,17.4,62.2,10
3811,01.05.2021,7:49:01,17.4,59.9,9.5
3812,01.05.2021,8:49:01,20.2,50.5,9.6
3813,01.05.2021,9:49:01,21.1,75.2,16.5
3814,01.05.2021,10:49:01,21.7,66.1,15
3815,01.05.2021,11:49:01,22.3,53.4,12.3
3816,01.05.2021,12:49:01,22.8,47.9,11.1
3817,01.05.2021,13:49:01,23.2,44.1,10.3
3818,01.05.2021,14:49:01,23.7,41.6,9.8
3819,01.05.2021,15:49:01,23.8,40.9,9.7
3820,01.05.2021,16:49:01,24.1,40.4,9.8
3821,01.05.2021,17:49:01,20.4,45,8
3822,01.05.2021,18:49:01,19,49.8,8.2
3823,01.05.2021,19:49:01,18.3,51.8,8.2
3824,01.05.2021,20:49:01,18,50.4,7.5
3825,01.05.2021,21:49:01,17.8,50.4,7.3
3826,01.05.2021,22:49:01,17.8,53.7,8.2
3827,01.05.2021,23:49:01,17.7,58,9.3
3828,02.05.2021,0:49:01,17.6,57.9,9.2
3829,02.05.2021,1:49:01,17.5,57.9,9.1
3830,02.05.2021,2:49:01,17.4,56.1,8.5
3831,02.05.2021,3:49:01,17.5,56.4,8.7
3832,02.05.2021,4:49:01,17.4,59.1,9.3
3833,02.05.2021,5:49:01,17.3,58,8.9
3834,02.05.2021,6:49:01,17.3,53.8,7.8
3835,02.05.2021,7:49:01,17.3,57.5,8.8
3836,02.05.2021,8:49:01,19.9,45.8,7.8
3837,02.05.2021,9:49:01,19.8,83.1,16.8
3838,02.05.2021,10:49:01,21.1,66.7,14.6
3839,02.05.2021,11:49:01,22.3,52.9,12.2
3840,02.05.2021,12:49:01,22.8,48.1,11.2
3841,02.05.2021,13:49:01,23.2,45.3,10.7
3842,02.05.2021,14:49:01,23.4,42.1,9.8
3843,02.05.2021,15:49:01,23.6,41.1,9.6
3844,02.05.2021,16:49:01,23.9,41.3,9.9
3845,02.05.2021,17:49:01,20.3,45.1,8
3846,02.05.2021,18:49:01,19,49.4,8.1
3847,02.05.2021,19:49:01,18.4,51.7,8.2
3848,02.05.2021,20:49:01,18.1,54.2,8.7
3849,02.05.2021,21:49:01,17.9,52.6,8
3850,02.05.2021,22:49:01,17.8,51.6,7.7
3851,02.05.2021,23:49:01,17.7,57.8,9.2
3852,03.05.2021,0:49:01,17.6,58.2,9.2
3853,03.05.2021,1:49:01,17.5,58.6,9.3
3854,03.05.2021,2:49:01,17.4,58.3,9.1
3855,03.05.2021,3:49:01,17.5,56.6,8.7
3856,03.05.2021,4:49:01,17.6,58.5,9.3
3857,03.05.2021,5:49:01,17.5,60.7,9.8
3858,03.05.2021,6:49:01,17.4,59.9,9.5
3859,03.05.2021,7:49:01,17.3,54.3,7.9
3860,03.05.2021,8:49:01,20,50.3,9.3
3861,03.05.2021,9:49:01,21.8,43.7,8.9
3862,03.05.2021,10:49:01,22.7,40.3,8.5
3863,03.05.2021,11:49:01,21.1,75.5,16.6
3864,03.05.2021,12:49:01,22.7,61.2,14.8
3865,03.05.2021,13:49:01,23.3,49.1,12
3866,03.05.2021,14:49:01,23.6,46.4,11.4
3867,03.05.2021,15:49:01,24,45,11.3
3868,03.05.2021,16:49:01,24.2,43.7,11
3869,03.05.2021,17:49:01,20.6,48.4,9.3
3870,03.05.2021,18:49:01,19.1,52.1,9
3871,03.05.2021,19:49:01,18.4,54.7,9.1
3872,03.05.2021,20:49:01,18,54.4,8.6
3873,03.05.2021,21:49:01,17.8,57.5,9.3
3874,03.05.2021,22:49:01,17.7,58.4,9.4
3875,03.05.2021,23:49:01,17.5,57.7,9
3876,04.05.2021,0:49:01,17.6,56.7,8.9
3877,04.05.2021,1:49:01,17.6,60.8,9.9
3878,04.05.2021,2:49:01,17.5,59.3,9.4
3879,04.05.2021,3:49:01,17.5,61.2,9.9
3880,04.05.2021,4:49:01,17.4,60.3,9.6
3881,04.05.2021,5:49:01,17.5,61,9.9
3882,04.05.2021,6:49:01,17.4,60.4,9.6
3883,04.05.2021,7:49:01,17.5,61.4,10
3884,04.05.2021,8:49:01,20.1,48.6,8.9
3885,04.05.2021,9:49:01,21.7,41.4,8
3886,04.05.2021,10:49:01,21.7,58,13
3887,04.05.2021,11:49:01,22,52.7,11.8
3888,04.05.2021,12:49:01,22.3,48.1,10.7
3889,04.05.2021,13:49:01,22.6,45.2,10.1
3890,04.05.2021,14:49:01,22.9,42.1,9.3
3891,04.05.2021,15:49:01,23.1,41.9,9.4
3892,04.05.2021,16:49:01,23.5,39.9,9
3893,04.05.2021,17:49:01,19.9,46.6,8.1
3894,04.05.2021,18:49:01,18.8,51.7,8.6
3895,04.05.2021,19:49:01,18.3,54.4,8.9
3896,04.05.2021,20:49:01,18,52.3,8
3897,04.05.2021,21:49:01,17.9,58,9.5
3898,04.05.2021,22:49:01,17.8,58.9,9.6
3899,04.05.2021,23:49:01,17.7,57.4,9.1
3900,05.05.2021,0:49:01,17.7,59.9,9.8
3901,05.05.2021,1:49:01,17.6,59.3,9.5
3902,05.05.2021,2:49:01,17.7,60.1,9.8
3903,05.05.2021,3:49:01,17.6,57.3,9
3904,05.05.2021,4:49:01,17.6,59.7,9.6
3905,05.05.2021,5:49:01,17.7,59.7,9.7
3906,05.05.2021,6:49:01,17.6,59.5,9.6
3907,05.05.2021,7:49:01,17.5,54.6,8.2
3908,05.05.2021,8:49:01,19.9,46.8,8.2
3909,05.05.2021,9:49:01,21.6,42.7,8.3
3910,05.05.2021,10:49:01,21.8,64.2,14.7
3911,05.05.2021,11:49:01,22.2,55.8,12.9
3912,05.05.2021,12:49:01,22.8,48.8,11.4
3913,05.05.2021,13:49:01,23.2,46.6,11.1
3914,05.05.2021,14:49:01,23.7,46.8,11.6
3915,05.05.2021,15:49:01,23.8,48.3,12.2
3916,05.05.2021,16:49:01,23.9,50.3,12.9
3917,05.05.2021,17:49:01,20.5,51.6,10.1
3918,05.05.2021,18:49:01,19.2,52.4,9.2
3919,05.05.2021,19:49:01,18.5,53.2,8.8
3920,05.05.2021,20:49:01,18.1,57.1,9.4
3921,05.05.2021,21:49:01,17.9,58.4,9.6
3922,05.05.2021,22:49:01,17.8,59,9.6
3923,05.05.2021,23:49:01,17.6,59.2,9.5
3924,06.05.2021,0:49:01,17.4,58.7,9.2
3925,06.05.2021,1:49:01,17.5,62.1,10.1
3926,06.05.2021,2:49:01,17.4,61.3,9.8
3927,06.05.2021,3:49:01,17.3,59.3,9.2
3928,06.05.2021,4:49:01,17.4,61.8,10
3929,06.05.2021,5:49:01,17.3,61.9,9.9
3930,06.05.2021,6:49:01,17.2,59.9,9.3
3931,06.05.2021,7:49:01,17.2,55.2,8.1
3932,06.05.2021,8:49:01,19.5,51.2,9.1
3933,06.05.2021,9:49:01,21.5,47.7,9.9
3934,06.05.2021,10:49:01,21.7,62.4,14.2
3935,06.05.2021,11:49:01,22.1,58.2,13.5
3936,06.05.2021,12:49:01,22.5,53.4,12.5
3937,06.05.2021,13:49:01,23,49.9,11.9
3938,06.05.2021,14:49:01,23.1,47.6,11.3
3939,06.05.2021,15:49:01,23.3,46.3,11.1
3940,06.05.2021,16:49:01,23.4,45.7,11
3941,06.05.2021,17:49:01,20.3,50.5,9.6
3942,06.05.2021,18:49:01,19.1,51.8,8.9
3943,06.05.2021,19:49:01,18.5,54.3,9.1
3944,06.05.2021,20:49:01,18.1,53.9,8.6
3945,06.05.2021,21:49:01,18,55.9,9
3946,06.05.2021,22:49:01,17.7,57.1,9.1
3947,06.05.2021,23:49:01,17.7,59.6,9.7
3948,07.05.2021,0:49:01,17.6,56.1,8.7
3949,07.05.2021,1:49:01,17.5,55.2,8.4
3950,07.05.2021,2:49:01,17.5,57.2,8.9
3951,07.05.2021,3:49:01,17.5,58.2,9.2
3952,07.05.2021,4:49:01,17.4,58.6,9.2
3953,07.05.2021,5:49:01,17.4,59,9.3
3954,07.05.2021,6:49:01,17.4,59.3,9.3
3955,07.05.2021,7:49:01,17.3,59.9,9.4
3956,07.05.2021,8:49:01,19.7,47.4,8.2
3957,07.05.2021,9:49:01,21.5,44.5,8.9
3958,07.05.2021,10:49:01,21.5,65.9,14.8
3959,07.05.2021,11:49:01,22.3,57.8,13.5
3960,07.05.2021,12:49:01,22.6,52.2,12.3
3961,07.05.2021,13:49:01,22.8,49.2,11.5
3962,07.05.2021,14:49:01,23.1,48.2,11.5
3963,07.05.2021,15:49:01,23.7,44.7,10.9
3964,07.05.2021,16:49:01,23.5,43.2,10.2
3965,07.05.2021,17:49:01,20.2,47.9,8.8
3966,07.05.2021,18:49:01,18.9,50.4,8.3
3967,07.05.2021,19:49:01,18.3,52.3,8.3
3968,07.05.2021,20:49:01,17.8,54.2,8.4
3969,07.05.2021,21:49:01,17.7,59.2,9.6
3970,07.05.2021,22:49:01,17.6,60.9,9.9
3971,07.05.2021,23:49:01,17.5,60.9,9.8
3972,08.05.2021,0:49:01,17.3,59.4,9.3
3973,08.05.2021,1:49:01,17.3,56,8.4
3974,08.05.2021,2:49:01,17.3,61.3,9.7
3975,08.05.2021,3:49:01,17.1,59.2,9
3976,08.05.2021,4:49:01,17.2,61.8,9.8
3977,08.05.2021,5:49:01,17.1,59.6,9.1
3978,08.05.2021,6:49:01,17.3,62.5,10
3979,08.05.2021,7:49:01,17.4,63,10.2
3980,08.05.2021,8:49:01,19.7,54.3,10.2
3981,08.05.2021,9:49:01,21.4,48.6,10.1
3982,08.05.2021,10:49:01,22.2,45.1,9.7
3983,08.05.2021,11:49:01,20.6,78.3,16.6
3984,08.05.2021,12:49:01,21.4,68.8,15.4
3985,08.05.2021,13:49:01,22.7,53,12.6
3986,08.05.2021,14:49:01,22.8,48.3,11.3
3987,08.05.2021,15:49:01,23,46.8,11
3988,08.05.2021,16:49:01,23.1,44.4,10.3
3989,08.05.2021,17:49:01,20,49.5,9.1
3990,08.05.2021,18:49:01,18.9,55.4,9.7
3991,08.05.2021,19:49:01,18.3,56.4,9.4
3992,08.05.2021,20:49:01,18,59,9.8
3993,08.05.2021,21:49:01,17.9,60.5,10.1
3994,08.05.2021,22:49:01,17.7,60.8,10
3995,08.05.2021,23:49:01,17.6,57.2,9
3996,09.05.2021,0:49:01,17.6,63.1,10.5
3997,09.05.2021,1:49:01,17.6,58.3,9.3
3998,09.05.2021,2:49:01,17.6,63.7,10.6
3999,09.05.2021,3:49:01,17.6,64.1,10.7
4000,09.05.2021,4:49:01,17.6,64.1,10.7
4001,09.05.2021,5:49:01,17.5,63.4,10.4
4002,09.05.2021,6:49:01,17.5,64.1,10.6
4003,09.05.2021,7:49:01,17.5,64.1,10.6
4004,09.05.2021,8:49:01,19.8,55,10.5
4005,09.05.2021,9:49:01,21.6,50.4,10.8
4006,09.05.2021,10:49:01,22.2,45.9,10
4007,09.05.2021,11:49:01,21.3,69.7,15.5
4008,09.05.2021,12:49:01,22.1,57,13.1
4009,09.05.2021,13:49:01,22.8,49.4,11.6
4010,09.05.2021,14:49:01,23.1,46.5,11
4011,09.05.2021,15:49:01,23.5,44,10.5
4012,09.05.2021,16:49:01,23.4,43.6,10.3
4013,09.05.2021,17:49:01,20.2,48.3,8.9
4014,09.05.2021,18:49:01,18.9,50.9,8.5
4015,09.05.2021,19:49:01,18.4,54.5,9
4016,09.05.2021,20:49:01,18,54.1,8.5
4017,09.05.2021,21:49:01,17.8,52.3,7.9
4018,09.05.2021,22:49:01,17.8,58.5,9.5
4019,09.05.2021,23:49:01,17.8,59.8,9.8
4020,10.05.2021,0:49:01,17.8,60.2,9.9
4021,10.05.2021,1:49:01,17.8,60.2,9.9
4022,10.05.2021,2:49:01,17.8,60.1,9.9
4023,10.05.2021,3:49:01,17.7,60.1,9.8
4024,10.05.2021,4:49:01,17.7,60.2,9.8
4025,10.05.2021,5:49:01,17.6,57.4,9
4026,10.05.2021,6:49:01,17.6,60.7,9.9
4027,10.05.2021,7:49:01,17.4,60.2,9.6
4028,10.05.2021,8:49:01,18.6,81,15.2
4029,10.05.2021,9:49:01,20.8,62.1,13.2
4030,10.05.2021,10:49:01,22,53.4,12
4031,10.05.2021,11:49:01,22.4,49.7,11.3
4032,10.05.2021,12:49:01,22.9,46.9,10.9
4033,10.05.2021,13:49:01,23.2,44.6,10.4
4034,10.05.2021,14:49:01,23.7,42.6,10.2
4035,10.05.2021,15:49:01,23.7,45.9,11.3
4036,10.05.2021,16:49:01,24,43.6,10.8
4037,10.05.2021,17:49:01,20.6,47.5,9
4038,10.05.2021,18:49:01,19.2,50.3,8.6
4039,10.05.2021,19:49:01,18.5,52.2,8.5
4040,10.05.2021,20:49:01,18.1,52.9,8.3
4041,10.05.2021,21:49:01,17.7,53,8
4042,10.05.2021,22:49:01,17.6,52.2,7.6
4043,10.05.2021,23:49:01,17.6,58.5,9.3
4044,11.05.2021,0:49:01,17.4,57.8,9
4045,11.05.2021,1:49:01,17.6,59.8,9.7
4046,11.05.2021,2:49:01,17.5,55.6,8.5
4047,11.05.2021,3:49:01,17.4,60,9.5
4048,11.05.2021,4:49:01,17.5,60.6,9.8
4049,11.05.2021,5:49:01,17.2,59.6,9.2
4050,11.05.2021,6:49:01,17.4,61.2,9.8
4051,11.05.2021,7:49:01,17.2,60.4,9.4
4052,11.05.2021,8:49:01,19.7,50.7,9.1
4053,11.05.2021,9:49:01,21.5,44.7,8.9
4054,11.05.2021,10:49:01,22.3,71.2,16.8
4055,11.05.2021,11:49:01,21.9,65.5,15.1
4056,11.05.2021,12:49:01,22.7,54.8,13.1
4057,11.05.2021,13:49:01,23.2,52.8,13
4058,11.05.2021,14:49:01,23.5,48.9,12.1
4059,11.05.2021,15:49:01,23.8,48.4,12.2
4060,11.05.2021,16:49:01,24.2,47.4,12.3
4061,11.05.2021,17:49:01,20.8,52.1,10.6
4062,11.05.2021,18:49:01,19.3,53.6,9.6
4063,11.05.2021,19:49:01,18.5,54.3,9.1
4064,11.05.2021,20:49:01,18.1,55.7,9.1
4065,11.05.2021,21:49:01,17.8,59.7,9.8
4066,11.05.2021,22:49:01,17.5,58.7,9.3
4067,11.05.2021,23:49:01,17.4,61.5,9.9
4068,12.05.2021,0:49:01,17.4,62.6,10.1
4069,12.05.2021,1:49:01,17.3,63.2,10.2
4070,12.05.2021,2:49:01,17.3,63.6,10.3
4071,12.05.2021,3:49:01,17.2,63.2,10.1
4072,12.05.2021,4:49:01,17.3,60.6,9.6
4073,12.05.2021,5:49:01,17.2,65,10.5
4074,12.05.2021,6:49:01,17.1,64.4,10.3
4075,12.05.2021,7:49:01,17.1,62.1,9.7
4076,12.05.2021,8:49:01,19.4,55.3,10.2
4077,12.05.2021,9:49:01,21.4,49.6,10.4
4078,12.05.2021,10:49:01,21.8,46.9,9.9
4079,12.05.2021,11:49:01,22.5,46.3,10.4
4080,12.05.2021,12:49:01,23.2,47,11.2
4081,12.05.2021,13:49:01,23.6,44.9,10.9
4082,12.05.2021,14:49:01,22.2,78.5,18.2
4083,12.05.2021,15:49:01,23.1,63.6,15.8
4084,12.05.2021,16:49:01,23.8,50.9,13
4085,12.05.2021,17:49:01,20.7,55,11.3
4086,12.05.2021,18:49:01,19.3,55.8,10.2
4087,12.05.2021,19:49:01,18.7,57.7,10.1
4088,12.05.2021,20:49:01,18.2,57.1,9.5
4089,12.05.2021,21:49:01,17.9,56.1,9
4090,12.05.2021,22:49:01,17.7,57.5,9.2
4091,12.05.2021,23:49:01,17.6,62,10.2
4092,13.05.2021,0:49:01,17.5,63,10.3
4093,13.05.2021,1:49:01,17.5,63.7,10.5
4094,13.05.2021,2:49:01,17.4,63.9,10.5
4095,13.05.2021,3:49:01,17.4,58.4,9.1
4096,13.05.2021,4:49:01,17.4,65.3,10.8
4097,13.05.2021,5:49:01,17.2,64.5,10.4
4098,13.05.2021,6:49:01,17.3,59.2,9.2
4099,13.05.2021,7:49:01,17.3,64.6,10.5
4100,13.05.2021,8:49:01,19.5,54,9.9
4101,13.05.2021,9:49:01,19.3,85.7,16.8
4102,13.05.2021,10:49:01,21.1,70.1,15.4
4103,13.05.2021,11:49:01,22.2,54.7,12.6
4104,13.05.2021,12:49:01,22.9,50.3,12
4105,13.05.2021,13:49:01,23,47.6,11.2
4106,13.05.2021,14:49:01,23.7,44.7,10.9
4107,13.05.2021,15:49:01,23.6,45.4,11.1
4108,13.05.2021,16:49:01,23.9,43.7,10.8
4109,13.05.2021,17:49:01,20.7,49.5,9.7
4110,13.05.2021,18:49:01,19.5,52.4,9.5
4111,13.05.2021,19:49:01,18.8,52.8,8.9
4112,13.05.2021,20:49:01,18.3,55,9.1
4113,13.05.2021,21:49:01,18,56.8,9.3
4114,13.05.2021,22:49:01,17.8,57.8,9.3
4115,13.05.2021,23:49:01,17.6,57.7,9.1
4116,14.05.2021,0:49:01,17.5,56.6,8.7
4117,14.05.2021,1:49:01,17.4,55.9,8.5
4118,14.05.2021,2:49:01,17.5,60.2,9.7
4119,14.05.2021,3:49:01,17.3,57.6,8.8
4120,14.05.2021,4:49:01,17.3,61.1,9.7
4121,14.05.2021,5:49:01,17.3,57.3,8.7
4122,14.05.2021,6:49:01,17.2,59,9.1
4123,14.05.2021,7:49:01,17.2,59.9,9.3
4124,14.05.2021,8:49:01,19.4,49.8,8.6
4125,14.05.2021,9:49:01,21.3,47.7,9.7
4126,14.05.2021,10:49:01,22.5,48.7,11.1
4127,14.05.2021,11:49:01,22,75,17.3
4128,14.05.2021,12:49:01,22.6,62.9,15.1
4129,14.05.2021,13:49:01,22.9,57.8,14.1
4130,14.05.2021,14:49:01,23.5,53.5,13.5
4131,14.05.2021,15:49:01,23.7,51.1,12.9
4132,14.05.2021,16:49:01,23.9,48.9,12.5
4133,14.05.2021,17:49:01,20.6,54.2,11
4134,14.05.2021,18:49:01,19,57.4,10.4
4135,14.05.2021,19:49:01,18.4,59.3,10.3
4136,14.05.2021,20:49:01,17.8,59.3,9.7
4137,14.05.2021,21:49:01,17.6,62.8,10.4
4138,14.05.2021,22:49:01,17.3,61.7,9.8
4139,14.05.2021,23:49:01,17.3,64.6,10.5
4140,15.05.2021,0:49:01,17.1,59.1,9
4141,15.05.2021,1:49:01,17,63.3,9.9
4142,15.05.2021,2:49:01,17,64.4,10.2
4143,15.05.2021,3:49:01,16.9,65.1,10.3
4144,15.05.2021,4:49:01,16.9,65.2,10.3
4145,15.05.2021,5:49:01,16.9,65.1,10.3
4146,15.05.2021,6:49:01,16.9,64.7,10.2
4147,15.05.2021,7:49:01,16.9,63.9,10
4148,15.05.2021,8:49:01,19.5,56.2,10.5
4149,15.05.2021,9:49:01,21.4,50.2,10.6
4150,15.05.2021,10:49:01,22,66.2,15.4
4151,15.05.2021,11:49:01,22.7,62.2,15
4152,15.05.2021,12:49:01,23.2,56.8,14.1
4153,15.05.2021,13:49:01,23.5,53.3,13.4
4154,15.05.2021,14:49:01,23.7,50.7,12.8
4155,15.05.2021,15:49:01,24,49,12.6
4156,15.05.2021,16:49:01,24.1,48,12.4
4157,15.05.2021,17:49:01,20.9,54.3,11.3
4158,15.05.2021,18:49:01,19.3,56.2,10.3
4159,15.05.2021,19:49:01,18.5,56.4,9.6
4160,15.05.2021,20:49:01,17.9,57.4,9.3
4161,15.05.2021,21:49:01,17.6,58.1,9.2
4162,15.05.2021,22:49:01,17.5,61.7,10
4163,15.05.2021,23:49:01,17.2,61.5,9.7
4164,16.05.2021,0:49:01,17.2,64,10.3
4165,16.05.2021,1:49:01,17.2,62.8,10
4166,16.05.2021,2:49:01,17.1,59.7,9.2
4167,16.05.2021,3:49:01,17,61.1,9.4
4168,16.05.2021,4:49:01,17,61.6,9.5
4169,16.05.2021,5:49:01,17,62.6,9.8
4170,16.05.2021,6:49:01,17,63.3,9.9
4171,16.05.2021,7:49:01,16.9,64.4,10.1
4172,16.05.2021,8:49:01,19.3,76.9,15.1
4173,16.05.2021,9:49:01,20.2,73.9,15.3
4174,16.05.2021,10:49:01,21.6,59.2,13.3
4175,16.05.2021,11:49:01,22.5,52.8,12.3
4176,16.05.2021,12:49:01,22.9,50.3,12
4177,16.05.2021,13:49:01,23.3,48.5,11.8
4178,16.05.2021,14:49:01,23.9,46.3,11.6
4179,16.05.2021,15:49:01,23.9,45.6,11.4
4180,16.05.2021,16:49:01,24,44.6,11.2
4181,16.05.2021,17:49:01,20.7,50.1,9.9
4182,16.05.2021,18:49:01,19.2,52,9.1
4183,16.05.2021,19:49:01,18.4,55.2,9.2
4184,16.05.2021,20:49:01,17.8,57.2,9.2
4185,16.05.2021,21:49:01,17.6,57.9,9.2
4186,16.05.2021,22:49:01,17.3,56.6,8.6
4187,16.05.2021,23:49:01,17.3,60.3,9.5
4188,17.05.2021,0:49:01,17.1,57.6,8.6
4189,17.05.2021,1:49:01,17.1,61.2,9.5
4190,17.05.2021,2:49:01,17.1,62.8,9.9
4191,17.05.2021,3:49:01,17.1,59.3,9.1
4192,17.05.2021,4:49:01,16.9,57.4,8.4
4193,17.05.2021,5:49:01,16.9,59.8,9
4194,17.05.2021,6:49:01,16.9,61.4,9.4
4195,17.05.2021,7:49:01,16.8,62.2,9.5
4196,17.05.2021,8:49:01,19.3,54.8,9.9
4197,17.05.2021,9:49:01,19.9,73.8,15
4198,17.05.2021,10:49:01,21,61.3,13.2
4199,17.05.2021,11:49:01,21.7,56.7,12.7
4200,17.05.2021,12:49:01,22.3,54,12.5
4201,17.05.2021,13:49:01,23.1,51,12.4
4202,17.05.2021,14:49:01,22.8,50.1,11.8
4203,17.05.2021,15:49:01,23.1,48.8,11.7
4204,17.05.2021,16:49:01,23.4,49.7,12.2
4205,17.05.2021,17:49:01,20.2,53.9,10.5
4206,17.05.2021,18:49:01,18.7,55.6,9.6
4207,17.05.2021,19:49:01,18.1,58.8,9.9
4208,17.05.2021,20:49:01,17.6,59.6,9.6
4209,17.05.2021,21:49:01,17.3,58.6,9.1
4210,17.05.2021,22:49:01,17.2,62.7,10
4211,17.05.2021,23:49:01,17,60.1,9.2
4212,18.05.2021,0:49:01,17,64.2,10.1
4213,18.05.2021,1:49:01,16.9,61.2,9.3
4214,18.05.2021,2:49:01,16.8,62.5,9.6
4215,18.05.2021,3:49:01,16.8,65,10.1
4216,18.05.2021,4:49:01,16.8,66,10.4
4217,18.05.2021,5:49:01,16.9,64.8,10.2
4218,18.05.2021,6:49:01,16.8,62,9.4
4219,18.05.2021,7:49:01,16.8,61.2,9.2
4220,18.05.2021,8:49:01,19.4,55.3,10.2
4221,18.05.2021,9:49:01,20.8,66.8,14.4
4222,18.05.2021,10:49:01,21.6,60.9,13.7
4223,18.05.2021,11:49:01,22.4,57.8,13.6
4224,18.05.2021,12:49:01,22.8,56.3,13.6
4225,18.05.2021,13:49:01,23.1,55.4,13.6
4226,18.05.2021,14:49:01,23.4,54.3,13.6
4227,18.05.2021,15:49:01,23.7,53.8,13.7
4228,18.05.2021,16:49:01,23.9,52.3,13.5
4229,18.05.2021,17:49:01,20.6,58.4,12.1
4230,18.05.2021,18:49:01,19,60.4,11.1
4231,18.05.2021,19:49:01,18.2,60.4,10.4
4232,18.05.2021,20:49:01,17.7,60.9,10
4233,18.05.2021,21:49:01,17.4,61.7,9.9
4234,18.05.2021,22:49:01,17.1,63.4,10.1
4235,18.05.2021,23:49:01,17,66.2,10.6
4236,19.05.2021,0:49:01,16.8,62.8,9.6
4237,19.05.2021,1:49:01,16.8,67.4,10.7
4238,19.05.2021,2:49:01,16.7,63.2,9.6
4239,19.05.2021,3:49:01,16.7,67.2,10.5
4240,19.05.2021,4:49:01,16.7,67.4,10.6
4241,19.05.2021,5:49:01,16.6,63.1,9.5
4242,19.05.2021,6:49:01,16.6,67.4,10.5
4243,19.05.2021,7:49:01,16.6,67.2,10.4
4244,19.05.2021,8:49:01,19.2,56.9,10.4
4245,19.05.2021,9:49:01,21.1,52.6,11
4246,19.05.2021,10:49:01,21.8,50.2,10.9
4247,19.05.2021,11:49:01,22.4,49,11.1
4248,19.05.2021,12:49:01,22.8,49,11.5
4249,19.05.2021,13:49:01,21.8,76.5,17.4
4250,19.05.2021,14:49:01,22.9,63.8,15.6
4251,19.05.2021,15:49:01,23.4,59.2,14.9
4252,19.05.2021,16:49:01,23.6,54.7,13.9
4253,19.05.2021,17:49:01,20.4,59.1,12.1
4254,19.05.2021,18:49:01,18.9,60.1,10.9
4255,19.05.2021,19:49:01,18.1,62.9,10.9
4256,19.05.2021,20:49:01,17.6,62.4,10.3
4257,19.05.2021,21:49:01,17.3,63.1,10.2
4258,19.05.2021,22:49:01,17.1,65.6,10.6
4259,19.05.2021,23:49:01,16.9,65.7,10.4
4260,20.05.2021,0:49:01,16.8,62.8,9.6
4261,20.05.2021,1:49:01,16.8,67.6,10.7
4262,20.05.2021,2:49:01,16.7,62.4,9.4
4263,20.05.2021,3:49:01,16.9,67.5,10.8
4264,20.05.2021,4:49:01,16.8,63.9,9.9
4265,20.05.2021,5:49:01,16.7,65.7,10.2
4266,20.05.2021,6:49:01,16.7,68.9,10.9
4267,20.05.2021,7:49:01,16.7,68,10.7
4268,20.05.2021,8:49:01,19,57.9,10.5
4269,20.05.2021,9:49:01,20.9,53.1,10.9
4270,20.05.2021,10:49:01,21.8,50.3,11
4271,20.05.2021,11:49:01,22.6,48.6,11.2
4272,20.05.2021,12:49:01,22.8,47.5,11
4273,20.05.2021,13:49:01,22.4,74.7,17.6
4274,20.05.2021,14:49:01,22.6,64.1,15.4
4275,20.05.2021,15:49:01,23.2,55.4,13.7
4276,20.05.2021,16:49:01,23.6,51.2,12.9
4277,20.05.2021,17:49:01,20.3,55.6,11.1
4278,20.05.2021,18:49:01,18.9,57.1,10.2
4279,20.05.2021,19:49:01,18.1,60.2,10.2
4280,20.05.2021,20:49:01,17.7,59.2,9.6
4281,20.05.2021,21:49:01,17.4,59.5,9.4
4282,20.05.2021,22:49:01,17.3,62,9.9
4283,20.05.2021,23:49:01,17.1,64.2,10.2
4284,21.05.2021,0:49:01,17,61.2,9.4
4285,21.05.2021,1:49:01,16.9,64.7,10.2
4286,21.05.2021,2:49:01,16.9,67.2,10.7
4287,21.05.2021,3:49:01,17,67.8,11
4288,21.05.2021,4:49:01,16.9,67.9,10.9
4289,21.05.2021,5:49:01,16.9,66.9,10.7
4290,21.05.2021,6:49:01,16.9,67.3,10.8
4291,21.05.2021,7:49:01,16.9,64.8,10.2
4292,21.05.2021,8:49:01,19.3,55.7,10.2
4293,21.05.2021,9:49:01,21.1,52.4,10.9
4294,21.05.2021,10:49:01,22,49,10.8
4295,21.05.2021,11:49:01,22.7,46.4,10.6
4296,21.05.2021,12:49:01,22.8,45.2,10.3
4297,21.05.2021,13:49:01,23.5,43.4,10.3
4298,21.05.2021,14:49:01,22,73.8,17.1
4299,21.05.2021,15:49:01,22.7,59.4,14.3
4300,21.05.2021,16:49:01,23.3,51.2,12.6
4301,21.05.2021,17:49:01,20.2,55,10.8
4302,21.05.2021,18:49:01,18.8,58.1,10.3
4303,21.05.2021,19:49:01,18.1,57.1,9.4
4304,21.05.2021,20:49:01,17.7,58.7,9.5
4305,21.05.2021,21:49:01,17.4,57.7,8.9
4306,21.05.2021,22:49:01,17.3,61,9.7
4307,21.05.2021,23:49:01,17.1,60.2,9.3
4308,22.05.2021,0:49:01,17,63.1,9.9
4309,22.05.2021,1:49:01,17,64.2,10.1
4310,22.05.2021,2:49:01,17,64.4,10.2
4311,22.05.2021,3:49:01,17,64.2,10.1
4312,22.05.2021,4:49:01,16.9,63.7,9.9
4313,22.05.2021,5:49:01,16.9,62.1,9.6
4314,22.05.2021,6:49:01,16.9,61.9,9.5
4315,22.05.2021,7:49:01,16.8,62.9,9.6
4316,22.05.2021,8:49:01,19.2,54.4,9.7
4317,22.05.2021,9:49:01,20.7,48.6,9.4
4318,22.05.2021,10:49:01,21.2,45.1,8.8
4319,22.05.2021,11:49:01,21.5,45.5,9.2
4320,22.05.2021,12:49:01,21.7,48.9,10.4
4321,22.05.2021,13:49:01,22.1,63.6,14.8
4322,22.05.2021,14:49:01,22.9,57.5,14
4323,22.05.2021,15:49:01,23,54.4,13.3
4324,22.05.2021,16:49:01,23.2,52.5,12.9
4325,22.05.2021,17:49:01,20.2,57.1,11.4
4326,22.05.2021,18:49:01,19,58.8,10.7
4327,22.05.2021,19:49:01,18.3,62.1,10.9
4328,22.05.2021,20:49:01,17.9,61.2,10.3
4329,22.05.2021,21:49:01,17.7,60.2,9.8
4330,22.05.2021,22:49:01,17.4,60,9.5
4331,22.05.2021,23:49:01,17.2,62.7,10
4332,23.05.2021,0:49:01,17.1,62.3,9.8
4333,23.05.2021,1:49:01,17,65.3,10.4
4334,23.05.2021,2:49:01,17,63.6,10
4335,23.05.2021,3:49:01,16.9,59.7,9
4336,23.05.2021,4:49:01,16.9,59,8.8
4337,23.05.2021,5:49:01,16.8,61.8,9.4
4338,23.05.2021,6:49:01,16.8,64.2,10
4339,23.05.2021,7:49:01,16.8,65.6,10.3
4340,23.05.2021,8:49:01,19.5,54.1,9.9
4341,23.05.2021,9:49:01,20.9,51.2,10.4
4342,23.05.2021,10:49:01,20.4,84.8,17.7
4343,23.05.2021,11:49:01,21.2,70.4,15.6
4344,23.05.2021,12:49:01,22.7,56.9,13.7
4345,23.05.2021,13:49:01,23.2,51.7,12.7
4346,23.05.2021,14:49:01,23.4,50.2,12.4
4347,23.05.2021,15:49:01,23.7,48.3,12.1
4348,23.05.2021,16:49:01,23.9,46.5,11.7
4349,23.05.2021,17:49:01,20.7,50.8,10.1
4350,23.05.2021,18:49:01,19.1,52.9,9.2
4351,23.05.2021,19:49:01,18.3,54.7,9
4352,23.05.2021,20:49:01,17.8,54.7,8.5
4353,23.05.2021,21:49:01,17.5,56.4,8.7
4354,23.05.2021,22:49:01,17.3,59.2,9.2
4355,23.05.2021,23:49:01,17.2,57,8.6
4356,24.05.2021,0:49:01,17.1,58.3,8.8
4357,24.05.2021,1:49:01,17,61.2,9.4
4358,24.05.2021,2:49:01,17,61.7,9.6
4359,24.05.2021,3:49:01,17,61.7,9.6
4360,24.05.2021,4:49:01,17,61.2,9.4
4361,24.05.2021,5:49:01,16.9,60.2,9.1
4362,24.05.2021,6:49:01,16.9,60.4,9.1
4363,24.05.2021,7:49:01,16.9,61.8,9.5
4364,24.05.2021,8:49:01,19.3,52.2,9.2
4365,24.05.2021,9:49:01,19.3,87.3,17.1
4366,24.05.2021,10:49:01,20.8,74.3,16
4367,24.05.2021,11:49:01,22,62.2,14.4
4368,24.05.2021,12:49:01,22.7,53.2,12.6
4369,24.05.2021,13:49:01,23.2,49.1,11.9
4370,24.05.2021,14:49:01,23.5,48.1,11.8
4371,24.05.2021,15:49:01,23.8,45.8,11.4
4372,24.05.2021,16:49:01,24.2,47.7,12.4
4373,24.05.2021,17:49:01,21.4,53.8,11.6
4374,24.05.2021,18:49:01,20,58,11.4
4375,24.05.2021,19:49:01,18.9,55.8,9.8
4376,24.05.2021,20:49:01,18.2,56.6,9.4
4377,24.05.2021,21:49:01,17.9,57,9.2
4378,24.05.2021,22:49:01,17.6,56.4,8.8
4379,24.05.2021,23:49:01,17.4,58.5,9.1
4380,25.05.2021,0:49:01,17.3,59.9,9.4
4381,25.05.2021,1:49:01,17.2,58.9,9.1
4382,25.05.2021,2:49:01,17.1,58.5,8.9
4383,25.05.2021,3:49:01,17.1,61.8,9.7
4384,25.05.2021,4:49:01,17.1,63.3,10
4385,25.05.2021,5:49:01,17.1,59.5,9.1
4386,25.05.2021,6:49:01,16.9,57.2,8.3
4387,25.05.2021,7:49:01,16.8,59.4,8.8
4388,25.05.2021,8:49:01,19.2,54.5,9.8
4389,25.05.2021,9:49:01,21.2,49.6,10.2
4390,25.05.2021,10:49:01,20.4,82.9,17.3
4391,25.05.2021,11:49:01,22,71.6,16.6
4392,25.05.2021,12:49:01,23.3,59.6,14.9
4393,25.05.2021,13:49:01,23.7,57.2,14.7
4394,25.05.2021,14:49:01,24.1,52.6,13.8
4395,25.05.2021,15:49:01,24.4,50.8,13.5
4396,25.05.2021,16:49:01,24.7,49.7,13.4
4397,25.05.2021,17:49:01,21.5,53.7,11.7
4398,25.05.2021,18:49:01,19.9,55,10.5
4399,25.05.2021,19:49:01,18.9,55.4,9.7
4400,25.05.2021,20:49:01,18.2,55.1,9
4401,25.05.2021,21:49:01,17.8,54.8,8.5
4402,25.05.2021,22:49:01,17.5,55.1,8.3
4403,25.05.2021,23:49:01,17.3,56.5,8.5
4404,26.05.2021,0:49:01,17.2,59.5,9.2
4405,26.05.2021,1:49:01,17,57,8.4
4406,26.05.2021,2:49:01,17,61,9.4
4407,26.05.2021,3:49:01,17,56,8.1
4408,26.05.2021,4:49:01,16.9,59.6,8.9
4409,26.05.2021,5:49:01,16.9,61.7,9.5
4410,26.05.2021,6:49:01,16.9,59.2,8.8
4411,26.05.2021,7:49:01,16.9,56.6,8.2
4412,26.05.2021,8:49:01,19.3,51.7,9.1
4413,26.05.2021,9:49:01,21.2,48.4,9.8
4414,26.05.2021,10:49:01,22.4,45.8,10.1
4415,26.05.2021,11:49:01,22.7,62.2,15
4416,26.05.2021,12:49:01,23.7,55.9,14.3
4417,26.05.2021,13:49:01,23.8,53.4,13.7
4418,26.05.2021,14:49:01,24.4,50.7,13.5
4419,26.05.2021,15:49:01,24.7,49.4,13.3
4420,26.05.2021,16:49:01,24.9,48.2,13.2
4421,26.05.2021,17:49:01,21.5,52.3,11.3
4422,26.05.2021,18:49:01,19.9,54.1,10.3
4423,26.05.2021,19:49:01,18.9,53.1,9.1
4424,26.05.2021,20:49:01,18.3,55.4,9.2
4425,26.05.2021,21:49:01,17.8,55.4,8.7
4426,26.05.2021,22:49:01,17.5,56.3,8.7
4427,26.05.2021,23:49:01,17.3,58.1,8.9
4428,27.05.2021,0:49:01,17.2,57.7,8.7
4429,27.05.2021,1:49:01,17.1,56,8.2
4430,27.05.2021,2:49:01,17.1,60.2,9.3
4431,27.05.2021,3:49:01,17,56.5,8.2
4432,27.05.2021,4:49:01,17,60.9,9.4
4433,27.05.2021,5:49:01,16.9,57.5,8.4
4434,27.05.2021,6:49:01,16.9,59.8,9
4435,27.05.2021,7:49:01,16.9,62.3,9.6
4436,27.05.2021,8:49:01,19.4,48.7,8.3
4437,27.05.2021,9:49:01,21.4,47.4,9.7
4438,27.05.2021,10:49:01,22.2,45.7,9.9
4439,27.05.2021,11:49:01,23.1,49,11.8
4440,27.05.2021,12:49:01,21.9,81.5,18.5
4441,27.05.2021,13:49:01,23.2,69.3,17.2
4442,27.05.2021,14:49:01,24.1,55.6,14.6
4443,27.05.2021,15:49:01,24.6,51.2,13.8
4444,27.05.2021,16:49:01,25.1,48.8,13.5
4445,27.05.2021,17:49:01,21.8,54.3,12.1
4446,27.05.2021,18:49:01,20.3,54.6,10.8
4447,27.05.2021,19:49:01,19.4,56.4,10.5
4448,27.05.2021,20:49:01,18.6,55.5,9.5
4449,27.05.2021,21:49:01,18.2,56.4,9.3
4450,27.05.2021,22:49:01,17.8,57.7,9.3
4451,27.05.2021,23:49:01,17.5,57.6,9
4452,28.05.2021,0:49:01,17.4,58.6,9.2
4453,28.05.2021,1:49:01,17.2,60,9.3
4454,28.05.2021,2:49:01,17.1,59.2,9
4455,28.05.2021,3:49:01,17,58,8.6
4456,28.05.2021,4:49:01,17,61.3,9.5
4457,28.05.2021,5:49:01,16.9,57.7,8.5
4458,28.05.2021,6:49:01,16.9,61.9,9.5
4459,28.05.2021,7:49:01,16.9,58.1,8.6
4460,28.05.2021,8:49:01,19.3,54,9.7
4461,28.05.2021,9:49:01,21.2,48.8,10
4462,28.05.2021,10:49:01,22.3,47.2,10.5
4463,28.05.2021,11:49:01,21.9,82.6,18.8
4464,28.05.2021,12:49:01,22.8,67.3,16.4
4465,28.05.2021,13:49:01,24,55,14.4
4466,28.05.2021,14:49:01,24.3,51.5,13.6
4467,28.05.2021,15:49:01,24.5,50.3,13.4
4468,28.05.2021,16:49:01,24.7,48.2,13
4469,28.05.2021,17:49:01,21.4,52.2,11.2
4470,28.05.2021,18:49:01,19.8,53,9.9
4471,28.05.2021,19:49:01,18.9,53.2,9.1
4472,28.05.2021,20:49:01,18.3,55,9.1
4473,28.05.2021,21:49:01,17.9,54.2,8.5
4474,28.05.2021,22:49:01,17.7,54.1,8.3
4475,28.05.2021,23:49:01,17.4,54.5,8.1
4476,29.05.2021,0:49:01,17.3,55.3,8.2
4477,29.05.2021,1:49:01,17.2,56.8,8.5
4478,29.05.2021,2:49:01,17.2,59.3,9.2
4479,29.05.2021,3:49:01,17,57.8,8.6
4480,29.05.2021,4:49:01,17,56.9,8.4
4481,29.05.2021,5:49:01,17,60.2,9.2
4482,29.05.2021,6:49:01,17,56.2,8.2
4483,29.05.2021,7:49:01,17,61,9.4
4484,29.05.2021,8:49:01,19.4,48.7,8.3
4485,29.05.2021,9:49:01,21.3,47.5,9.6
4486,29.05.2021,10:49:01,22.1,69.3,16.2
4487,29.05.2021,11:49:01,22.5,59.6,14.2
4488,29.05.2021,12:49:01,23.1,56.8,14
4489,29.05.2021,13:49:01,23.6,54.3,13.8
4490,29.05.2021,14:49:01,23.8,52.7,13.5
4491,29.05.2021,15:49:01,24.4,54.7,14.6
4492,29.05.2021,16:49:01,24.5,51.8,13.9
4493,29.05.2021,17:49:01,20.9,56.9,12
4494,29.05.2021,18:49:01,19.4,58.3,11
4495,29.05.2021,19:49:01,18.6,59.5,10.5
4496,29.05.2021,20:49:01,18.2,58.6,9.9
4497,29.05.2021,21:49:01,17.8,59,9.6
4498,29.05.2021,22:49:01,17.5,59.9,9.6
4499,29.05.2021,23:49:01,17.4,59.2,9.3
4500,30.05.2021,0:49:01,17.3,60,9.4
4501,30.05.2021,1:49:01,17.2,62.2,9.9
4502,30.05.2021,2:49:01,17.2,59.5,9.2
4503,30.05.2021,3:49:01,17.1,61.3,9.5
4504,30.05.2021,4:49:01,17.1,63.4,10.1
4505,30.05.2021,5:49:01,17.2,64.3,10.4
4506,30.05.2021,6:49:01,17.2,62.3,9.9
4507,30.05.2021,7:49:01,17.1,58.1,8.8
4508,30.05.2021,8:49:01,19.4,53.4,9.6
4509,30.05.2021,9:49:01,21.1,49.2,10
4510,30.05.2021,10:49:01,21.8,48.5,10.4
4511,30.05.2021,11:49:01,22.4,46.7,10.4
4512,30.05.2021,12:49:01,22.7,46.8,10.7
4513,30.05.2021,13:49:01,23,46.6,10.9
4514,30.05.2021,14:49:01,23.2,46.5,11.1
4515,30.05.2021,15:49:01,23.5,46.1,11.2
4516,30.05.2021,16:49:01,23.6,44.6,10.8
4517,30.05.2021,17:49:01,20.6,50.4,9.9
4518,30.05.2021,18:49:01,19.2,51.1,8.8
4519,30.05.2021,19:49:01,18.5,53.7,8.9
4520,30.05.2021,20:49:01,18.1,52.9,8.3
4521,30.05.2021,21:49:01,17.8,52.9,8
4522,30.05.2021,22:49:01,17.6,55.7,8.6
4523,30.05.2021,23:49:01,17.5,55.6,8.5
4524,31.05.2021,0:49:01,17.5,57.6,9
4525,31.05.2021,1:49:01,17.4,55.3,8.3
4526,31.05.2021,2:49:01,17.3,54.3,7.9
4527,31.05.2021,3:49:01,17.3,54.6,8
4528,31.05.2021,4:49:01,17.2,55,8
4529,31.05.2021,5:49:01,17.2,55.3,8.1
4530,31.05.2021,6:49:01,17.2,54.9,8
4531,31.05.2021,7:49:01,17.2,54.8,8
4532,31.05.2021,8:49:01,19.7,49.7,8.9
4533,31.05.2021,9:49:01,21.3,46,9.2
4534,31.05.2021,10:49:01,22,44.7,9.4
4535,31.05.2021,11:49:01,22.6,45.4,10.2
4536,31.05.2021,12:49:01,23.7,45.8,11.3
4537,31.05.2021,13:49:01,22.8,61.4,14.9
4538,31.05.2021,14:49:01,23.5,55.1,13.9
4539,31.05.2021,15:49:01,23.5,53.1,13.4
4540,31.05.2021,16:49:01,24.2,52.1,13.7
4541,31.05.2021,17:49:01,21.3,58,12.7
4542,31.05.2021,18:49:01,20,60.8,12.2
4543,31.05.2021,19:49:01,18.9,60.1,10.9
4544,31.05.2021,20:49:01,18.3,58.8,10.1
4545,31.05.2021,21:49:01,17.9,61,10.2
4546,31.05.2021,22:49:01,17.7,62.1,10.3
4547,31.05.2021,23:49:01,17.5,62.1,10.1
4548,01.06.2021,0:49:01,17.4,60.7,9.7
4549,01.06.2021,1:49:01,17.4,60.2,9.6
4550,01.06.2021,2:49:01,17.3,63.5,10.3
4551,01.06.2021,3:49:01,17.3,59.6,9.3
4552,01.06.2021,4:49:01,17.2,63.1,10.1
4553,01.06.2021,5:49:01,17.2,63.3,10.1
4554,01.06.2021,6:49:01,17.1,60,9.2
4555,01.06.2021,7:49:01,17.1,64.6,10.3
4556,01.06.2021,8:49:01,19.4,51,9
4557,01.06.2021,9:49:01,21.4,50.3,10.6
4558,01.06.2021,10:49:01,22.1,48.1,10.6
4559,01.06.2021,11:49:01,23.2,47.3,11.3
4560,01.06.2021,12:49:01,23.8,47.3,11.9
4561,01.06.2021,13:49:01,23.5,60.3,15.3
4562,01.06.2021,14:49:01,23.7,55.5,14.2
4563,01.06.2021,15:49:01,23.8,52.5,13.5
4564,01.06.2021,16:49:01,24.1,50.1,13
4565,01.06.2021,17:49:01,20.8,56.5,11.8
4566,01.06.2021,18:49:01,19.4,57.5,10.7
4567,01.06.2021,19:49:01,18.6,57.8,10.1
4568,01.06.2021,20:49:01,18.4,60.1,10.5
4569,01.06.2021,21:49:01,18,59.6,10
4570,01.06.2021,22:49:01,17.7,59.9,9.8
4571,01.06.2021,23:49:01,17.5,61.6,10
4572,02.06.2021,0:49:01,17.4,60.7,9.7
4573,02.06.2021,1:49:01,17.3,57.5,8.8
4574,02.06.2021,2:49:01,17.3,62.9,10.1
4575,02.06.2021,3:49:01,17.1,57.6,8.6
4576,02.06.2021,4:49:01,17.2,63.2,10.1
4577,02.06.2021,5:49:01,17.2,57.3,8.6
4578,02.06.2021,6:49:01,17,61.4,9.5
4579,02.06.2021,7:49:01,17.1,63.3,10
4580,02.06.2021,8:49:01,19.4,50.4,8.8
4581,02.06.2021,9:49:01,21.2,47.4,9.5
4582,02.06.2021,10:49:01,22,45.6,9.7
4583,02.06.2021,11:49:01,21.6,70.7,16
4584,02.06.2021,12:49:01,22.7,57.4,13.8
4585,02.06.2021,13:49:01,23.5,49.7,12.3
4586,02.06.2021,14:49:01,24.1,47.2,12.1
4587,02.06.2021,15:49:01,24.1,45.6,11.6
4588,02.06.2021,16:49:01,24.1,44.2,11.1
4589,02.06.2021,17:49:01,20.8,50.3,10
4590,02.06.2021,18:49:01,19.3,50.3,8.7
4591,02.06.2021,19:49:01,18.6,53,8.8
4592,02.06.2021,20:49:01,18.1,53.9,8.6
4593,02.06.2021,21:49:01,17.7,55,8.5
4594,02.06.2021,22:49:01,17.5,53.2,7.8
4595,02.06.2021,23:49:01,17.5,55.5,8.5
4596,03.06.2021,0:49:01,17.2,54.7,8
4597,03.06.2021,1:49:01,17.3,57.9,8.9
4598,03.06.2021,2:49:01,17.3,57.1,8.7
4599,03.06.2021,3:49:01,17.2,54.3,7.9
4600,03.06.2021,4:49:01,17.2,53.3,7.6
4601,03.06.2021,5:49:01,17.1,53.7,7.6
4602,03.06.2021,6:49:01,17,55.5,8
4603,03.06.2021,7:49:01,17,56.6,8.3
4604,03.06.2021,8:49:01,19.3,50.4,8.7
4605,03.06.2021,9:49:01,21.8,45.4,9.4
4606,03.06.2021,10:49:01,22.6,44,9.7
4607,03.06.2021,11:49:01,22.6,66.7,16
4608,03.06.2021,12:49:01,23.1,58,14.3
4609,03.06.2021,13:49:01,23.4,54.3,13.6
4610,03.06.2021,14:49:01,23.8,54.4,14
4611,03.06.2021,15:49:01,24,51.6,13.4
4612,03.06.2021,16:49:01,24.1,49.9,13
4613,03.06.2021,17:49:01,20.8,55.1,11.4
4614,03.06.2021,18:49:01,19.2,55,9.9
4615,03.06.2021,19:49:01,18.4,59.1,10.2
4616,03.06.2021,20:49:01,17.9,59.2,9.8
4617,03.06.2021,21:49:01,17.6,61.1,10
4618,03.06.2021,22:49:01,17.4,62,10
4619,03.06.2021,23:49:01,17.1,56.8,8.4
4620,04.06.2021,0:49:01,17.1,64.2,10.2
4621,04.06.2021,1:49:01,17,57,8.4
4622,04.06.2021,2:49:01,16.9,63.6,9.9
4623,04.06.2021,3:49:01,17,64.2,10.1
4624,04.06.2021,4:49:01,17,57.4,8.5
4625,04.06.2021,5:49:01,16.9,60,9
4626,04.06.2021,6:49:01,16.9,63.5,9.9
4627,04.06.2021,7:49:01,16.9,64.6,10.1
4628,04.06.2021,8:49:01,19.2,51.8,9
4629,04.06.2021,9:49:01,21.2,47,9.4
4630,04.06.2021,10:49:01,21.9,46.5,9.9
4631,04.06.2021,11:49:01,22.8,47.9,11.1
4632,04.06.2021,12:49:01,22.8,60.6,14.7
4633,04.06.2021,13:49:01,23.4,57.4,14.5
4634,04.06.2021,14:49:01,23.8,53.9,13.9
4635,04.06.2021,15:49:01,24,50.9,13.2
4636,04.06.2021,16:49:01,24.2,49,12.8
4637,04.06.2021,17:49:01,20.9,54.4,11.3
4638,04.06.2021,18:49:01,19.4,56.4,10.5
4639,04.06.2021,19:49:01,18.5,56.3,9.6
4640,04.06.2021,20:49:01,18.1,56.3,9.2
4641,04.06.2021,21:49:01,17.8,56.9,9.1
4642,04.06.2021,22:49:01,17.5,58.7,9.3
4643,04.06.2021,23:49:01,17.3,61.2,9.7
4644,05.06.2021,0:49:01,17.2,57,8.6
4645,05.06.2021,1:49:01,17.2,62.9,10
4646,05.06.2021,2:49:01,17.1,57.1,8.5
4647,05.06.2021,3:49:01,17,62.2,9.7
4648,05.06.2021,4:49:01,17,62.6,9.8
4649,05.06.2021,5:49:01,17,57.2,8.4
4650,05.06.2021,6:49:01,16.9,61.5,9.4
4651,05.06.2021,7:49:01,16.9,63.4,9.9
4652,05.06.2021,8:49:01,19.3,51.1,8.9
4653,05.06.2021,9:49:01,21.4,50.8,10.7
4654,05.06.2021,10:49:01,22.7,49.4,11.5
4655,05.06.2021,11:49:01,23.1,48,11.4
4656,05.06.2021,12:49:01,22.8,64.6,15.7
4657,05.06.2021,13:49:01,23.4,57.1,14.4
4658,05.06.2021,14:49:01,24.2,53.4,14.1
4659,05.06.2021,15:49:01,24,50.9,13.2
4660,05.06.2021,16:49:01,24.3,49,12.9
4661,05.06.2021,17:49:01,21.3,56.2,12.2
4662,05.06.2021,18:49:01,19.6,55.9,10.5
4663,05.06.2021,19:49:01,18.7,56.9,9.9
4664,05.06.2021,20:49:01,18.2,57.3,9.6
4665,05.06.2021,21:49:01,17.8,59.5,9.8
4666,05.06.2021,22:49:01,17.5,59.7,9.5
4667,05.06.2021,23:49:01,17.3,58.3,9
4668,06.06.2021,0:49:01,17.3,58.9,9.1
4669,06.06.2021,1:49:01,17.2,62,9.8
4670,06.06.2021,2:49:01,17.1,57.9,8.7
4671,06.06.2021,3:49:01,17.1,63,10
4672,06.06.2021,4:49:01,17,57.9,8.6
4673,06.06.2021,5:49:01,17,62.5,9.7
4674,06.06.2021,6:49:01,17,61.2,9.4
4675,06.06.2021,7:49:01,16.9,58.8,8.7
4676,06.06.2021,8:49:01,19.4,52.8,9.5
4677,06.06.2021,9:49:01,21.7,47,9.9
4678,06.06.2021,10:49:01,22.5,47.7,10.8
4679,06.06.2021,11:49:01,23,47.6,11.2
4680,06.06.2021,12:49:01,23.7,46.2,11.4
4681,06.06.2021,13:49:01,24.2,65.7,17.3
4682,06.06.2021,14:49:01,24.4,57.2,15.3
4683,06.06.2021,15:49:01,24.4,56.6,15.2
4684,06.06.2021,16:49:01,24.4,53.4,14.3
4685,06.06.2021,17:49:01,21,59.4,12.7
4686,06.06.2021,18:49:01,19.4,61.3,11.7
4687,06.06.2021,19:49:01,18.6,63.2,11.4
4688,06.06.2021,20:49:01,18,63.2,10.9
4689,06.06.2021,21:49:01,17.7,66.5,11.3
4690,06.06.2021,22:49:01,17.5,67.9,11.5
4691,06.06.2021,23:49:01,17.4,68.3,11.5
4692,07.06.2021,0:49:01,17.3,69,11.5
4693,07.06.2021,1:49:01,17.2,69.7,11.6
4694,07.06.2021,2:49:01,17.1,69.9,11.5
4695,07.06.2021,3:49:01,17.1,68.7,11.3
4696,07.06.2021,4:49:01,17.1,66.8,10.8
4697,07.06.2021,5:49:01,17,69.9,11.4
4698,07.06.2021,6:49:01,17,70.1,11.5
4699,07.06.2021,7:49:01,17,67.3,10.9
4700,07.06.2021,8:49:01,19.3,60.8,11.5
4701,07.06.2021,9:49:01,21.6,53.2,11.6
4702,07.06.2021,10:49:01,22.4,55.3,13
4703,07.06.2021,11:49:01,22.7,66.7,16.1
4704,07.06.2021,12:49:01,23.3,62.1,15.6
4705,07.06.2021,13:49:01,23.8,58.9,15.2
4706,07.06.2021,14:49:01,24,56.5,14.8
4707,07.06.2021,15:49:01,24.2,55.8,14.8
4708,07.06.2021,16:49:01,24.3,53.9,14.3
4709,07.06.2021,17:49:01,21.1,60.2,13
4710,07.06.2021,18:49:01,19.5,60.9,11.7
4711,07.06.2021,19:49:01,18.6,62.1,11.2
4712,07.06.2021,20:49:01,18,62.2,10.6
4713,07.06.2021,21:49:01,17.7,65.7,11.2
4714,07.06.2021,22:49:01,17.5,66.1,11.1
4715,07.06.2021,23:49:01,17.3,67.1,11.1
4716,08.06.2021,0:49:01,17.2,66.7,10.9
4717,08.06.2021,1:49:01,17,63.5,10
4718,08.06.2021,2:49:01,17,65.9,10.5
4719,08.06.2021,3:49:01,17,67.9,11
4720,08.06.2021,4:49:01,16.9,64.1,10
4721,08.06.2021,5:49:01,16.9,69,11.1
4722,08.06.2021,6:49:01,16.9,64.7,10.2
4723,08.06.2021,7:49:01,16.9,68.6,11
4724,08.06.2021,8:49:01,19.4,55.4,10.2
4725,08.06.2021,9:49:01,21.1,53.5,11.2
4726,08.06.2021,10:49:01,22,51.1,11.4
4727,08.06.2021,11:49:01,23,51.6,12.5
4728,08.06.2021,12:49:01,23.5,62.8,16
4729,08.06.2021,13:49:01,23.6,58.8,15
4730,08.06.2021,14:49:01,24.2,55.1,14.6
4731,08.06.2021,15:49:01,24.4,54.5,14.6
4732,08.06.2021,16:49:01,24.5,53.1,14.3
4733,08.06.2021,17:49:01,21.1,59.8,12.9
4734,08.06.2021,18:49:01,19.6,60.3,11.7
4735,08.06.2021,19:49:01,18.8,62,11.3
4736,08.06.2021,20:49:01,18.2,61.4,10.6
4737,08.06.2021,21:49:01,17.8,61.6,10.3
4738,08.06.2021,22:49:01,17.6,62.2,10.2
4739,08.06.2021,23:49:01,17.4,63.7,10.4
4740,09.06.2021,0:49:01,17.3,65.9,10.8
4741,09.06.2021,1:49:01,17.2,63.1,10.1
4742,09.06.2021,2:49:01,17.2,64.9,10.5
4743,09.06.2021,3:49:01,17.1,65.8,10.6
4744,09.06.2021,4:49:01,17,64.2,10.1
4745,09.06.2021,5:49:01,17,66.2,10.6
4746,09.06.2021,6:49:01,17,65.8,10.5
4747,09.06.2021,7:49:01,16.9,64.3,10.1
4748,09.06.2021,8:49:01,19.4,56.6,10.5
4749,09.06.2021,9:49:01,21.3,52.1,11
4750,09.06.2021,10:49:01,22.7,74.1,17.8
4751,09.06.2021,11:49:01,22.5,69.7,16.6
4752,09.06.2021,12:49:01,23.2,60.1,15
4753,09.06.2021,13:49:01,23.7,57,14.6
4754,09.06.2021,14:49:01,24.1,53.6,14
4755,09.06.2021,15:49:01,24.5,52.4,14.1
4756,09.06.2021,16:49:01,24.7,51.6,14
4757,09.06.2021,17:49:01,21.3,56.4,12.2
4758,09.06.2021,18:49:01,19.8,58.1,11.3
4759,09.06.2021,19:49:01,18.8,57.7,10.2
4760,09.06.2021,20:49:01,18.3,59.5,10.2
4761,09.06.2021,21:49:01,17.9,59.3,9.8
4762,09.06.2021,22:49:01,17.7,59.5,9.7
4763,09.06.2021,23:49:01,17.5,60.6,9.8
4764,10.06.2021,0:49:01,17.4,63,10.2
4765,10.06.2021,1:49:01,17.3,62.8,10.1
4766,10.06.2021,2:49:01,17.2,60.5,9.4
4767,10.06.2021,3:49:01,17.2,65,10.5
4768,10.06.2021,4:49:01,17.1,61.1,9.5
4769,10.06.2021,5:49:01,17.1,65.8,10.6
4770,10.06.2021,6:49:01,17,61.1,9.4
4771,10.06.2021,7:49:01,17,66,10.6
4772,10.06.2021,8:49:01,19.3,54.1,9.7
4773,10.06.2021,9:49:01,21.3,52.5,11.1
4774,10.06.2021,10:49:01,22.3,57.7,13.5
4775,10.06.2021,11:49:01,23,54.9,13.4
4776,10.06.2021,12:49:01,23.4,53.3,13.3
4777,10.06.2021,13:49:01,23.7,52.4,13.3
4778,10.06.2021,14:49:01,24,50.2,13
4779,10.06.2021,15:49:01,24.2,49.8,13
4780,10.06.2021,16:49:01,24.4,50.1,13.3
4781,10.06.2021,17:49:01,21.2,57.2,12.4
4782,10.06.2021,18:49:01,19.8,57.9,11.2
4783,10.06.2021,19:49:01,19,60,11
4784,10.06.2021,20:49:01,18.6,61,10.9
4785,10.06.2021,21:49:01,18.2,61,10.5
4786,10.06.2021,22:49:01,17.9,59.3,9.8
4787,10.06.2021,23:49:01,17.9,62.9,10.7
4788,11.06.2021,0:49:01,17.7,60,9.8
4789,11.06.2021,1:49:01,17.6,63.3,10.5
4790,11.06.2021,2:49:01,17.5,62.4,10.2
4791,11.06.2021,3:49:01,17.4,61.6,9.9
4792,11.06.2021,4:49:01,17.4,64.8,10.7
4793,11.06.2021,5:49:01,17.4,62.7,10.2
4794,11.06.2021,6:49:01,17.2,62,9.8
4795,11.06.2021,7:49:01,17.2,65.2,10.6
4796,11.06.2021,8:49:01,19.7,53.4,9.9
4797,11.06.2021,9:49:01,21.9,50.4,11.1
4798,11.06.2021,10:49:01,22.8,50.1,11.8
4799,11.06.2021,11:49:01,23.1,58.9,14.6
4800,11.06.2021,12:49:01,23.5,56.1,14.2
4801,11.06.2021,13:49:01,24,54.4,14.2
4802,11.06.2021,14:49:01,24.2,52.8,13.9
4803,11.06.2021,15:49:01,24.5,52.3,14
4804,11.06.2021,16:49:01,25.1,53.9,15.1
4805,11.06.2021,17:49:01,22.1,60.7,14.1
4806,11.06.2021,18:49:01,20.7,63.9,13.6
4807,11.06.2021,19:49:01,19.9,62.1,12.4
4808,11.06.2021,20:49:01,19,61.2,11.3
4809,11.06.2021,21:49:01,18.5,62.2,11.1
4810,11.06.2021,22:49:01,18.2,63.7,11.2
4811,11.06.2021,23:49:01,17.9,64.1,11
4812,12.06.2021,0:49:01,17.7,64,10.8
4813,12.06.2021,1:49:01,17.6,62.2,10.2
4814,12.06.2021,2:49:01,17.5,62.8,10.3
4815,12.06.2021,3:49:01,17.4,65.5,10.8
4816,12.06.2021,4:49:01,17.3,62,9.9
4817,12.06.2021,5:49:01,17.4,66.3,11
4818,12.06.2021,6:49:01,17.3,63.1,10.2
4819,12.06.2021,7:49:01,17.3,67,11.1
4820,12.06.2021,8:49:01,19.7,57.3,11
4821,12.06.2021,9:49:01,21.6,52.2,11.3
4822,12.06.2021,10:49:01,22.5,49,11.2
4823,12.06.2021,11:49:01,21.7,82.2,18.5
4824,12.06.2021,12:49:01,23,64.8,16
4825,12.06.2021,13:49:01,24.4,57,15.3
4826,12.06.2021,14:49:01,25.4,57.2,16.3
4827,12.06.2021,15:49:01,26.4,55.4,16.7
4828,12.06.2021,16:49:01,26.9,54.4,16.9
4829,12.06.2021,17:49:01,23.9,61.4,16
4830,12.06.2021,18:49:01,22.7,63.7,15.4
4831,12.06.2021,19:49:01,22,65.4,15.2
4832,12.06.2021,20:49:01,21.6,66.6,15.1
4833,12.06.2021,21:49:01,21.2,67.6,14.9
4834,12.06.2021,22:49:01,21,68.7,15
4835,12.06.2021,23:49:01,20.7,69.1,14.8
4836,13.06.2021,0:49:01,20.4,69.6,14.6
4837,13.06.2021,1:49:01,20.2,69.9,14.5
4838,13.06.2021,2:49:01,20.1,70.2,14.5
4839,13.06.2021,3:49:01,20,70.7,14.5
4840,13.06.2021,4:49:01,19.9,71.5,14.5
4841,13.06.2021,5:49:01,20,71.5,14.6
4842,13.06.2021,6:49:01,20,71.4,14.6
4843,13.06.2021,7:49:01,20.1,70.7,14.6
4844,13.06.2021,8:49:01,22.9,62.3,15.3
4845,13.06.2021,9:49:01,25.1,57.1,16
4846,13.06.2021,10:49:01,26.4,54,16.3
4847,13.06.2021,11:49:01,27.6,50.6,16.4
4848,13.06.2021,12:49:01,27.3,48.7,15.5
4849,13.06.2021,13:49:01,25.1,79.7,21.3
4850,13.06.2021,14:49:01,25.9,50.1,14.7
4851,13.06.2021,15:49:01,26.5,45.9,13.9
4852,13.06.2021,16:49:01,26.8,43.4,13.3
4853,13.06.2021,17:49:01,23.4,51.5,12.8
4854,13.06.2021,18:49:01,22.5,53.4,12.5
4855,13.06.2021,19:49:01,22.1,58.9,13.6
4856,13.06.2021,20:49:01,21.9,60.6,13.9
4857,13.06.2021,21:49:01,21.8,63,14.4
4858,13.06.2021,22:49:01,21.6,64,14.5
4859,13.06.2021,23:49:01,21.5,64.7,14.5
4860,14.06.2021,0:49:01,21.2,64.8,14.3
4861,14.06.2021,1:49:01,21,65.4,14.2
4862,14.06.2021,2:49:01,20.9,66.4,14.4
4863,14.06.2021,3:49:01,20.9,66.7,14.4
4864,14.06.2021,4:49:01,20.8,67.1,14.4
4865,14.06.2021,5:49:01,20.8,67.5,14.5
4866,14.06.2021,6:49:01,20.8,68,14.6
4867,14.06.2021,7:49:01,21,68.7,15
4868,14.06.2021,8:49:01,23.4,60.9,15.4
4869,14.06.2021,9:49:01,25.4,63.7,18
4870,14.06.2021,10:49:01,25.9,52,15.2
4871,14.06.2021,11:49:01,26.8,56.3,17.3
4872,14.06.2021,12:49:01,26.7,47.2,14.5
4873,14.06.2021,13:49:01,26.5,46.2,14
4874,14.06.2021,14:49:01,27.2,47.6,15.1
4875,14.06.2021,15:49:01,27.3,47.8,15.2
4876,14.06.2021,16:49:01,27.5,46.1,14.8
4877,14.06.2021,17:49:01,24.3,52.6,13.9
4878,14.06.2021,18:49:01,22.8,55.5,13.4
4879,14.06.2021,19:49:01,21.9,58.9,13.5
4880,14.06.2021,20:49:01,21.2,60.9,13.3
4881,14.06.2021,21:49:01,20.7,62.9,13.3
4882,14.06.2021,22:49:01,20.8,63.1,13.5
4883,14.06.2021,23:49:01,20.6,63.4,13.4
4884,15.06.2021,0:49:01,20.4,64.2,13.4
4885,15.06.2021,1:49:01,20.3,64.3,13.3
4886,15.06.2021,2:49:01,20.1,64.2,13.1
4887,15.06.2021,3:49:01,20,65.1,13.2
4888,15.06.2021,4:49:01,19.9,65.5,13.2
4889,15.06.2021,5:49:01,19.8,65.2,13
4890,15.06.2021,6:49:01,19.5,66.3,13
4891,15.06.2021,7:49:01,19.4,66.2,12.9
4892,15.06.2021,8:49:01,22.1,59.1,13.7
4893,15.06.2021,9:49:01,23.9,53.6,13.9
4894,15.06.2021,10:49:01,25.1,51.8,14.4
4895,15.06.2021,11:49:01,25.8,48.9,14.2
4896,15.06.2021,12:49:01,26.4,48,14.5
4897,15.06.2021,13:49:01,24.4,75.9,19.8
4898,15.06.2021,14:49:01,26,60.4,17.7
4899,15.06.2021,15:49:01,26.6,52,15.9
4900,15.06.2021,16:49:01,27,48.5,15.2
4901,15.06.2021,17:49:01,23.7,53.1,13.5
4902,15.06.2021,18:49:01,22.2,55.4,12.8
4903,15.06.2021,19:49:01,21.3,57.9,12.6
4904,15.06.2021,20:49:01,20.8,59.8,12.7
4905,15.06.2021,21:49:01,20.4,60.9,12.6
4906,15.06.2021,22:49:01,20.2,63.1,12.9
4907,15.06.2021,23:49:01,20,63.7,12.9
4908,16.06.2021,0:49:01,19.8,64.4,12.8
4909,16.06.2021,1:49:01,19.6,64.9,12.8
4910,16.06.2021,2:49:01,19.5,65.1,12.7
4911,16.06.2021,3:49:01,19.4,64.9,12.6
4912,16.06.2021,4:49:01,19.3,64.9,12.5
4913,16.06.2021,5:49:01,19.2,64.9,12.4
4914,16.06.2021,6:49:01,19.1,65.3,12.4
4915,16.06.2021,7:49:01,19,65.5,12.3
4916,16.06.2021,8:49:01,21.6,58.2,13
4917,16.06.2021,9:49:01,23.7,54.2,13.9
4918,16.06.2021,10:49:01,24.6,56.8,15.4
4919,16.06.2021,11:49:01,25.4,53.6,15.3
4920,16.06.2021,12:49:01,25.7,49.2,14.2
4921,16.06.2021,13:49:01,25.9,49.1,14.4
4922,16.06.2021,14:49:01,26.3,48.3,14.5
4923,16.06.2021,15:49:01,26.9,45.7,14.2
4924,16.06.2021,16:49:01,26.9,45.1,13.9
4925,16.06.2021,17:49:01,23.5,50.6,12.6
4926,16.06.2021,18:49:01,22,53.4,12
4927,16.06.2021,19:49:01,21.1,55.2,11.7
4928,16.06.2021,20:49:01,20.6,55.9,11.4
4929,16.06.2021,21:49:01,20,56.9,11.2
4930,16.06.2021,22:49:01,19.7,57.5,11
4931,16.06.2021,23:49:01,19.4,57.5,10.7
4932,17.06.2021,0:49:01,19.2,58.5,10.8
4933,17.06.2021,1:49:01,19.1,58.6,10.8
4934,17.06.2021,2:49:01,19,59.2,10.8
4935,17.06.2021,3:49:01,18.8,59.4,10.7
4936,17.06.2021,4:49:01,18.8,59.9,10.8
4937,17.06.2021,5:49:01,18.8,60.2,10.9
4938,17.06.2021,6:49:01,18.7,59.8,10.7
4939,17.06.2021,7:49:01,18.6,60.5,10.8
4940,17.06.2021,8:49:01,21.1,53.5,11.2
4941,17.06.2021,9:49:01,23.7,48.6,12.2
4942,17.06.2021,10:49:01,24.6,53.2,14.4
4943,17.06.2021,11:49:01,25.5,45.5,12.8
4944,17.06.2021,12:49:01,25.8,45.6,13.1
4945,17.06.2021,13:49:01,25.8,49,14.2
4946,17.06.2021,14:49:01,26.7,45.1,13.8
4947,17.06.2021,15:49:01,26.7,43.8,13.3
4948,17.06.2021,16:49:01,27,43.4,13.4
4949,17.06.2021,17:49:01,23.7,48.1,12
4950,17.06.2021,18:49:01,22.1,50.8,11.4
4951,17.06.2021,19:49:01,21.2,53,11.2
4952,17.06.2021,20:49:01,20.5,54.3,10.9
4953,17.06.2021,21:49:01,20.1,54.8,10.7
4954,17.06.2021,22:49:01,19.7,55.5,10.5
4955,17.06.2021,23:49:01,19.5,56,10.4
4956,18.06.2021,0:49:01,19.3,56.7,10.4
4957,18.06.2021,1:49:01,19.2,57.6,10.6
4958,18.06.2021,2:49:01,19,57.8,10.5
4959,18.06.2021,3:49:01,18.9,58.4,10.5
4960,18.06.2021,4:49:01,18.9,57.8,10.4
4961,18.06.2021,5:49:01,18.8,59.3,10.7
4962,18.06.2021,6:49:01,18.7,59.5,10.6
4963,18.06.2021,7:49:01,18.7,59,10.5
4964,18.06.2021,8:49:01,20.9,52.9,10.9
4965,18.06.2021,9:49:01,23.2,49.4,12
4966,18.06.2021,10:49:01,24.5,48.2,12.8
4967,18.06.2021,11:49:01,24.8,50.7,13.8
4968,18.06.2021,12:49:01,25.6,48.2,13.8
4969,18.06.2021,13:49:01,26,46.6,13.6
4970,18.06.2021,14:49:01,26.7,44.7,13.6
4971,18.06.2021,15:49:01,26.7,44,13.4
4972,18.06.2021,16:49:01,26.9,43.5,13.4
4973,18.06.2021,17:49:01,23.6,49.1,12.2
4974,18.06.2021,18:49:01,22.1,51,11.4
4975,18.06.2021,19:49:01,21.2,52.7,11.1
4976,18.06.2021,20:49:01,20.5,54.1,10.9
4977,18.06.2021,21:49:01,20.1,55.3,10.8
4978,18.06.2021,22:49:01,19.8,56.1,10.8
4979,18.06.2021,23:49:01,19.6,58.1,11.1
4980,19.06.2021,0:49:01,19.4,58.2,10.9
4981,19.06.2021,1:49:01,19.3,59.1,11.1
4982,19.06.2021,2:49:01,19.2,59.4,11.1
4983,19.06.2021,3:49:01,19.1,59.4,11
4984,19.06.2021,4:49:01,19,60,11
4985,19.06.2021,5:49:01,19,60.3,11.1
4986,19.06.2021,6:49:01,18.8,60.5,11
4987,19.06.2021,7:49:01,18.8,61.1,11.1
4988,19.06.2021,8:49:01,21.3,53,11.3
4989,19.06.2021,9:49:01,23.6,49.4,12.3
4990,19.06.2021,10:49:01,22.6,84.6,19.8
4991,19.06.2021,11:49:01,24.5,65.3,17.5
4992,19.06.2021,12:49:01,25.9,53.9,15.8
4993,19.06.2021,13:49:01,26.8,49.3,15.2
4994,19.06.2021,14:49:01,27.1,47.3,14.9
4995,19.06.2021,15:49:01,27.3,46.4,14.8
4996,19.06.2021,16:49:01,27.6,45.3,14.7
4997,19.06.2021,17:49:01,24.2,50.9,13.3
4998,19.06.2021,18:49:01,22.8,54.1,13
4999,19.06.2021,19:49:01,21.9,55.9,12.7
5000,19.06.2021,20:49:01,21.2,56.9,12.3
5001,19.06.2021,21:49:01,20.7,57.9,12.1
5002,19.06.2021,22:49:01,20.4,58.9,12
5003,19.06.2021,23:49:01,20.1,59.2,11.8
5004,20.06.2021,0:49:01,19.9,60.3,11.9
5005,20.06.2021,1:49:01,19.7,60.7,11.8
5006,20.06.2021,2:49:01,19.6,61.4,11.9
5007,20.06.2021,3:49:01,19.5,62.2,12
5008,20.06.2021,4:49:01,19.3,62.4,11.9
5009,20.06.2021,5:49:01,19.3,63,12
5010,20.06.2021,6:49:01,19.2,63.3,12
5011,20.06.2021,7:49:01,19.2,63.5,12.1
5012,20.06.2021,8:49:01,21.6,56.7,12.6
5013,20.06.2021,9:49:01,23.9,52.1,13.4
5014,20.06.2021,10:49:01,25.3,49.9,14.1
5015,20.06.2021,11:49:01,26.1,51.5,15.3
5016,20.06.2021,12:49:01,26.9,50.8,15.8
5017,20.06.2021,13:49:01,26.6,66.6,19.8
5018,20.06.2021,14:49:01,26.8,60.6,18.5
5019,20.06.2021,15:49:01,27,57,17.7
5020,20.06.2021,16:49:01,27.1,53.4,16.8
5021,20.06.2021,17:49:01,23.9,57,14.8
5022,20.06.2021,18:49:01,22.3,58.3,13.7
5023,20.06.2021,19:49:01,21.2,58.5,12.7
5024,20.06.2021,20:49:01,20.4,58.1,11.8
5025,20.06.2021,21:49:01,19.8,57.6,11.1
5026,20.06.2021,22:49:01,19.2,57,10.4
5027,20.06.2021,23:49:01,18.9,56.4,10
5028,21.06.2021,0:49:01,18.5,57.1,9.8
5029,21.06.2021,1:49:01,18.3,56.2,9.4
5030,21.06.2021,2:49:01,17.9,56.8,9.2
5031,21.06.2021,3:49:01,17.7,56,8.8
5032,21.06.2021,4:49:01,17.5,56.2,8.6
5033,21.06.2021,5:49:01,17.4,57.2,8.8
5034,21.06.2021,6:49:01,17.3,56.8,8.6
5035,21.06.2021,7:49:01,17.2,56.5,8.4
5036,21.06.2021,8:49:01,19.7,49.6,8.8
5037,21.06.2021,9:49:01,21.6,46.5,9.6
5038,21.06.2021,10:49:01,22.9,46,10.6
5039,21.06.2021,11:49:01,23.9,46.1,11.6
5040,21.06.2021,12:49:01,24.9,46.7,12.7
5041,21.06.2021,13:49:01,24.7,56.7,15.5
5042,21.06.2021,14:49:01,25.3,54.1,15.3
5043,21.06.2021,15:49:01,25.7,52.8,15.3
5044,21.06.2021,16:49:01,26,51.1,15.1
5045,21.06.2021,17:49:01,22.8,56.6,13.7
5046,21.06.2021,18:49:01,21.5,57.8,12.8
5047,21.06.2021,19:49:01,20.4,57.3,11.6
5048,21.06.2021,20:49:01,19.6,56.9,10.8
5049,21.06.2021,21:49:01,19.1,56.3,10.2
5050,21.06.2021,22:49:01,18.6,57.2,9.9
5051,21.06.2021,23:49:01,18.2,56.5,9.4
5052,22.06.2021,0:49:01,17.9,57.1,9.2
5053,22.06.2021,1:49:01,17.6,56.5,8.8
5054,22.06.2021,2:49:01,17.4,58,9
5055,22.06.2021,3:49:01,17.3,57.1,8.7
5056,22.06.2021,4:49:01,17.2,59,9.1
5057,22.06.2021,5:49:01,17.1,58.2,8.8
5058,22.06.2021,6:49:01,17,57.8,8.6
5059,22.06.2021,7:49:01,17,58,8.6
5060,22.06.2021,8:49:01,19.3,50.2,8.6
5061,22.06.2021,9:49:01,21.6,47.7,10
5062,22.06.2021,10:49:01,22.7,46.4,10.6
5063,22.06.2021,11:49:01,23.6,46.3,11.4
5064,22.06.2021,12:49:01,24.2,45.6,11.7
5065,22.06.2021,13:49:01,24.4,59.7,16
5066,22.06.2021,14:49:01,25.1,56.9,15.9
5067,22.06.2021,15:49:01,25.5,55.1,15.8
5068,22.06.2021,16:49:01,25.7,52.7,15.3
5069,22.06.2021,17:49:01,22.6,57.1,13.6
5070,22.06.2021,18:49:01,21.1,57.6,12.4
5071,22.06.2021,19:49:01,20.1,57.8,11.5
5072,22.06.2021,20:49:01,19.4,57.2,10.7
5073,22.06.2021,21:49:01,18.9,56.9,10.1
5074,22.06.2021,22:49:01,18.3,56.4,9.4
5075,22.06.2021,23:49:01,18,57.1,9.3
5076,23.06.2021,0:49:01,17.7,56.6,8.9
5077,23.06.2021,1:49:01,17.5,57.8,9.1
5078,23.06.2021,2:49:01,17.3,57.6,8.8
5079,23.06.2021,3:49:01,17.2,57.1,8.6
5080,23.06.2021,4:49:01,17.2,59,9.1
5081,23.06.2021,5:49:01,17.1,58.8,8.9
5082,23.06.2021,6:49:01,16.9,58.8,8.7
5083,23.06.2021,7:49:01,16.9,58.9,8.8
5084,23.06.2021,8:49:01,19.1,51.3,8.8
5085,23.06.2021,9:49:01,21.3,47.5,9.6
5086,23.06.2021,10:49:01,22.4,47.4,10.6
5087,23.06.2021,11:49:01,23.5,45.8,11.1
5088,23.06.2021,12:49:01,23.5,67.7,17.1
5089,23.06.2021,13:49:01,24.1,61.3,16.1
5090,23.06.2021,14:49:01,24.6,58.9,16
5091,23.06.2021,15:49:01,25,57.8,16.1
5092,23.06.2021,16:49:01,25.6,58.4,16.8
5093,23.06.2021,17:49:01,22.5,61.2,14.6
5094,23.06.2021,18:49:01,21,63.2,13.7
5095,23.06.2021,19:49:01,19.9,62.2,12.4
5096,23.06.2021,20:49:01,19.2,62.3,11.8
5097,23.06.2021,21:49:01,18.6,61.9,11.1
5098,23.06.2021,22:49:01,18.2,61.9,10.7
5099,23.06.2021,23:49:01,17.8,62.4,10.5
5100,24.06.2021,0:49:01,17.6,62.6,10.3
5101,24.06.2021,1:49:01,17.3,61.9,9.9
5102,24.06.2021,2:49:01,17.2,63.6,10.2
5103,24.06.2021,3:49:01,17,63.4,10
5104,24.06.2021,4:49:01,17,62.9,9.8
5105,24.06.2021,5:49:01,16.9,62.7,9.7
5106,24.06.2021,6:49:01,16.8,62.5,9.6
5107,24.06.2021,7:49:01,16.8,62.9,9.6
5108,24.06.2021,8:49:01,19.2,54,9.6
5109,24.06.2021,9:49:01,21.1,51,10.5
5110,24.06.2021,10:49:01,22.3,51,11.6
5111,24.06.2021,11:49:01,23.2,49.9,12.1
5112,24.06.2021,12:49:01,23.9,49.4,12.6
5113,24.06.2021,13:49:01,24.9,51.9,14.3
5114,24.06.2021,14:49:01,25.3,50.5,14.2
5115,24.06.2021,15:49:01,24.9,66.7,18.2
5116,24.06.2021,16:49:01,25.2,60.4,16.9
5117,24.06.2021,17:49:01,22.4,64,15.2
5118,24.06.2021,18:49:01,21.1,67.3,14.8
5119,24.06.2021,19:49:01,20.2,63.8,13.1
5120,24.06.2021,20:49:01,19.4,62.8,12.1
5121,24.06.2021,21:49:01,18.8,62.6,11.5
5122,24.06.2021,22:49:01,18.5,64.3,11.6
5123,24.06.2021,23:49:01,18.1,63.7,11.1
5124,25.06.2021,0:49:01,17.8,63,10.6
5125,25.06.2021,1:49:01,17.5,62.5,10.2
5126,25.06.2021,2:49:01,17.3,63.2,10.2
5127,25.06.2021,3:49:01,17.1,63.3,10
5128,25.06.2021,4:49:01,17,62.7,9.8
5129,25.06.2021,5:49:01,16.9,63.4,9.9
5130,25.06.2021,6:49:01,16.9,64.2,10
5131,25.06.2021,7:49:01,16.8,63.2,9.7
5132,25.06.2021,8:49:01,19,53.7,9.4
5133,25.06.2021,9:49:01,21.1,51.4,10.6
5134,25.06.2021,10:49:01,22.5,51.6,12
5135,25.06.2021,11:49:01,23.3,50.9,12.5
5136,25.06.2021,12:49:01,23.8,63.2,16.3
5137,25.06.2021,13:49:01,24.3,60.1,16
5138,25.06.2021,14:49:01,24.6,58.2,15.8
5139,25.06.2021,15:49:01,25.2,56.8,16
5140,25.06.2021,16:49:01,25.8,55.5,16.2
5141,25.06.2021,17:49:01,22.4,60.8,14.4
5142,25.06.2021,18:49:01,20.9,62.3,13.4
5143,25.06.2021,19:49:01,20,63.3,12.8
5144,25.06.2021,20:49:01,19.2,63,11.9
5145,25.06.2021,21:49:01,18.6,62.4,11.2
5146,25.06.2021,22:49:01,18.2,63.6,11.1
5147,25.06.2021,23:49:01,17.9,63.3,10.8
5148,26.06.2021,0:49:01,17.6,62.8,10.4
5149,26.06.2021,1:49:01,17.3,63.1,10.2
5150,26.06.2021,2:49:01,17.2,64.1,10.3
5151,26.06.2021,3:49:01,17.1,64.2,10.2
5152,26.06.2021,4:49:01,16.9,63.6,9.9
5153,26.06.2021,5:49:01,16.9,64.1,10
5154,26.06.2021,6:49:01,16.8,65.7,10.3
5155,26.06.2021,7:49:01,16.8,66,10.4
5156,26.06.2021,8:49:01,19.1,55.5,9.9
5157,26.06.2021,9:49:01,21.2,52.9,11.2
5158,26.06.2021,10:49:01,22.3,51.5,11.8
5159,26.06.2021,11:49:01,23.1,51.3,12.5
5160,26.06.2021,12:49:01,23.8,51.6,13.2
5161,26.06.2021,13:49:01,24.4,50.5,13.4
5162,26.06.2021,14:49:01,24.7,50.1,13.6
5163,26.06.2021,15:49:01,25.2,49.7,13.9
5164,26.06.2021,16:49:01,25.4,64.6,18.2
5165,26.06.2021,17:49:01,22.2,66.4,15.6
5166,26.06.2021,18:49:01,20.8,64.7,13.9
5167,26.06.2021,19:49:01,19.8,64.4,12.8
5168,26.06.2021,20:49:01,19.2,63.9,12.2
5169,26.06.2021,21:49:01,18.6,63.5,11.5
5170,26.06.2021,22:49:01,18.2,62.9,11
5171,26.06.2021,23:49:01,17.8,62.4,10.5
5172,27.06.2021,0:49:01,17.6,63.4,10.5
5173,27.06.2021,1:49:01,17.3,62.7,10.1
5174,27.06.2021,2:49:01,17.1,64,10.2
5175,27.06.2021,3:49:01,17,63.5,10
5176,27.06.2021,4:49:01,17,63.1,9.9
5177,27.06.2021,5:49:01,16.9,64.4,10.1
5178,27.06.2021,6:49:01,16.8,64.4,10
5179,27.06.2021,7:49:01,16.7,64,9.8
5180,27.06.2021,8:49:01,19,55.7,9.9
5181,27.06.2021,9:49:01,21.3,52.7,11.2
5182,27.06.2021,10:49:01,22.6,52.6,12.4
5183,27.06.2021,11:49:01,23.4,51.2,12.7
5184,27.06.2021,12:49:01,24.3,50.9,13.4
5185,27.06.2021,13:49:01,24.8,51.1,14
5186,27.06.2021,14:49:01,25.3,50.9,14.4
5187,27.06.2021,15:49:01,25.7,49.8,14.4
5188,27.06.2021,16:49:01,25.1,61.9,17.2
5189,27.06.2021,17:49:01,22.3,64.2,15.2
5190,27.06.2021,18:49:01,20.9,64.4,13.9
5191,27.06.2021,19:49:01,19.9,63.6,12.7
5192,27.06.2021,20:49:01,19.2,62.9,11.9
5193,27.06.2021,21:49:01,18.7,63.7,11.6
5194,27.06.2021,22:49:01,18.3,62.7,11
5195,27.06.2021,23:49:01,17.9,63.4,10.8
5196,28.06.2021,0:49:01,17.6,62.6,10.3
5197,28.06.2021,1:49:01,17.4,63.2,10.3
5198,28.06.2021,2:49:01,17.2,62.9,10
5199,28.06.2021,3:49:01,17.1,63.5,10.1
5200,28.06.2021,4:49:01,16.9,64.1,10
5201,28.06.2021,5:49:01,16.9,64,10
5202,28.06.2021,6:49:01,16.8,62.9,9.6
5203,28.06.2021,7:49:01,16.8,63.4,9.8
5204,28.06.2021,8:49:01,19,56.1,10
5205,28.06.2021,9:49:01,21.4,53,11.4
5206,28.06.2021,10:49:01,22.6,53,12.5
5207,28.06.2021,11:49:01,23.3,50.9,12.5
5208,28.06.2021,12:49:01,24.1,53,13.9
5209,28.06.2021,13:49:01,25,55.9,15.5
5210,28.06.2021,14:49:01,26,57.3,16.9
5211,28.06.2021,15:49:01,26.2,67.6,19.7
5212,28.06.2021,16:49:01,26.7,63.1,19
5213,28.06.2021,17:49:01,23.4,66.7,16.8
5214,28.06.2021,18:49:01,21.7,67.8,15.4
5215,28.06.2021,19:49:01,20.6,67.4,14.3
5216,28.06.2021,20:49:01,19.8,67,13.4
5217,28.06.2021,21:49:01,19.2,66.6,12.8
5218,28.06.2021,22:49:01,18.7,66.9,12.4
5219,28.06.2021,23:49:01,18.3,67.3,12.1
5220,29.06.2021,0:49:01,18,67,11.7
5221,29.06.2021,1:49:01,17.8,66.7,11.5
5222,29.06.2021,2:49:01,17.5,66.5,11.1
5223,29.06.2021,3:49:01,17.3,67.1,11.1
5224,29.06.2021,4:49:01,17.2,67.9,11.2
5225,29.06.2021,5:49:01,17.1,67.3,10.9
5226,29.06.2021,6:49:01,17,66.5,10.7
5227,29.06.2021,7:49:01,17,67.6,10.9
5228,29.06.2021,8:49:01,19.2,58.4,10.8
5229,29.06.2021,9:49:01,21.2,56.2,12.1
5230,29.06.2021,10:49:01,22.5,55,13
5231,29.06.2021,11:49:01,23.4,55.5,13.9
5232,29.06.2021,12:49:01,23.9,64.5,16.7
5233,29.06.2021,13:49:01,24.4,61,16.3
5234,29.06.2021,14:49:01,24.9,59.6,16.4
5235,29.06.2021,15:49:01,25.4,58.6,16.6
5236,29.06.2021,16:49:01,25.5,57.3,16.4
5237,29.06.2021,17:49:01,22.2,62,14.5
5238,29.06.2021,18:49:01,20.7,63.6,13.5
5239,29.06.2021,19:49:01,19.7,63.9,12.6
5240,29.06.2021,20:49:01,19.1,64.1,12.1
5241,29.06.2021,21:49:01,18.5,64.1,11.5
5242,29.06.2021,22:49:01,18,64,11
5243,29.06.2021,23:49:01,17.7,64.3,10.8
5244,30.06.2021,0:49:01,17.4,64.6,10.6
5245,30.06.2021,1:49:01,17.3,65.8,10.8
5246,30.06.2021,2:49:01,17.2,66.6,10.9
5247,30.06.2021,3:49:01,17,64.9,10.3
5248,30.06.2021,4:49:01,17,67,10.8
5249,30.06.2021,5:49:01,16.9,65.6,10.4
5250,30.06.2021,6:49:01,16.9,67,10.7
5251,30.06.2021,7:49:01,16.9,65.3,10.3
5252,30.06.2021,8:49:01,19.2,56.7,10.4
5253,30.06.2021,9:49:01,21.2,54.2,11.5
5254,30.06.2021,10:49:01,22.3,53.3,12.3
5255,30.06.2021,11:49:01,21.2,82.4,18
5256,30.06.2021,12:49:01,22.9,66.4,16.3
5257,30.06.2021,13:49:01,24.4,63,16.8
5258,30.06.2021,14:49:01,24.9,61.5,16.9
5259,30.06.2021,15:49:01,25.6,58.9,16.9
5260,30.06.2021,16:49:01,25.9,57.5,16.8
5261,30.06.2021,17:49:01,22.8,64.1,15.6
5262,30.06.2021,18:49:01,21.3,64.3,14.2
5263,30.06.2021,19:49:01,20.2,64.8,13.3
5264,30.06.2021,20:49:01,19.4,64.1,12.4
5265,30.06.2021,21:49:01,19,64.2,12
5266,30.06.2021,22:49:01,18.6,64.3,11.7
5267,30.06.2021,23:49:01,18.2,64.5,11.4
5268,01.07.2021,0:49:01,18,64.7,11.2
5269,01.07.2021,1:49:01,17.8,64.7,11
5270,01.07.2021,2:49:01,17.6,64.9,10.9
5271,01.07.2021,3:49:01,17.5,65,10.8
5272,01.07.2021,4:49:01,17.4,65.4,10.8
5273,01.07.2021,5:49:01,17.3,66,10.8
5274,01.07.2021,6:49:01,17.2,65.6,10.7
5275,01.07.2021,7:49:01,17.2,64.8,10.5
5276,01.07.2021,8:49:01,19.5,57.3,10.8
5277,01.07.2021,9:49:01,21.9,54.3,12.2
5278,01.07.2021,10:49:01,23,53.6,13
5279,01.07.2021,11:49:01,23.8,53.3,13.7
5280,01.07.2021,12:49:01,24.3,67.2,17.8
5281,01.07.2021,13:49:01,25,64.2,17.7
5282,01.07.2021,14:49:01,25.5,60.6,17.3
5283,01.07.2021,15:49:01,25.8,59.8,17.3
5284,01.07.2021,16:49:01,26.1,59.5,17.5
5285,01.07.2021,17:49:01,22.9,65.8,16.1
5286,01.07.2021,18:49:01,21.4,66.9,14.9
5287,01.07.2021,19:49:01,20.4,66.2,13.8
5288,01.07.2021,20:49:01,19.7,67,13.4
5289,01.07.2021,21:49:01,19.1,65.7,12.5
5290,01.07.2021,22:49:01,18.6,65.7,12
5291,01.07.2021,23:49:01,18.4,66,11.9
5292,02.07.2021,0:49:01,18,66.4,11.6
5293,02.07.2021,1:49:01,17.8,66.5,11.4
5294,02.07.2021,2:49:01,17.6,66.6,11.3
5295,02.07.2021,3:49:01,17.5,67.5,11.4
5296,02.07.2021,4:49:01,17.3,68.3,11.4
5297,02.07.2021,5:49:01,17.2,68.7,11.4
5298,02.07.2021,6:49:01,17.1,66.3,10.7
5299,02.07.2021,7:49:01,17.1,66.5,10.8
5300,02.07.2021,8:49:01,19.5,58.3,11.1
5301,02.07.2021,9:49:01,21.5,56.2,12.4
5302,02.07.2021,10:49:01,22.8,54.1,13
5303,02.07.2021,11:49:01,23.7,53.7,13.7
5304,02.07.2021,12:49:01,24.4,53.2,14.2
5305,02.07.2021,13:49:01,25.1,56.4,15.8
5306,02.07.2021,14:49:01,25.7,57,16.5
5307,02.07.2021,15:49:01,26.1,56.9,16.8
5308,02.07.2021,16:49:01,26.4,55.5,16.7
5309,02.07.2021,17:49:01,23.1,62,15.4
5310,02.07.2021,18:49:01,21.5,63.6,14.3
5311,02.07.2021,19:49:01,20.5,64.6,13.6
5312,02.07.2021,20:49:01,19.7,63.7,12.6
5313,02.07.2021,21:49:01,19.1,64.2,12.1
5314,02.07.2021,22:49:01,18.7,64.4,11.8
5315,02.07.2021,23:49:01,18.3,64.5,11.4
5316,03.07.2021,0:49:01,18,64.6,11.2
5317,03.07.2021,1:49:01,17.7,64.5,10.9
5318,03.07.2021,2:49:01,17.6,64.2,10.7
5319,03.07.2021,3:49:01,17.4,64.9,10.7
5320,03.07.2021,4:49:01,17.3,65.8,10.8
5321,03.07.2021,5:49:01,17.3,66.8,11
5322,03.07.2021,6:49:01,17.2,65.6,10.7
5323,03.07.2021,7:49:01,17.1,64.5,10.3
5324,03.07.2021,8:49:01,19.5,56.4,10.6
5325,03.07.2021,9:49:01,21.6,54.2,11.9
5326,03.07.2021,10:49:01,22.9,52.2,12.5
5327,03.07.2021,11:49:01,23.8,52.2,13.4
5328,03.07.2021,12:49:01,24.5,52.6,14.1
5329,03.07.2021,13:49:01,25.1,51.9,14.5
5330,03.07.2021,14:49:01,25.4,51.5,14.6
5331,03.07.2021,15:49:01,25.8,51.3,14.9
5332,03.07.2021,16:49:01,26.2,50.6,15.1
5333,03.07.2021,17:49:01,23.1,59.1,14.6
5334,03.07.2021,18:49:01,21.7,73.4,16.7
5335,03.07.2021,19:49:01,20.8,66.9,14.4
5336,03.07.2021,20:49:01,20.1,67.2,13.8
5337,03.07.2021,21:49:01,19.4,64.6,12.5
5338,03.07.2021,22:49:01,18.9,64,11.9
5339,03.07.2021,23:49:01,18.4,63.8,11.4
5340,04.07.2021,0:49:01,18.1,63.4,11
5341,04.07.2021,1:49:01,17.8,63.3,10.7
5342,04.07.2021,2:49:01,17.5,63.2,10.4
5343,04.07.2021,3:49:01,17.4,63.4,10.3
5344,04.07.2021,4:49:01,17.3,64.1,10.4
5345,04.07.2021,5:49:01,17.2,64.9,10.5
5346,04.07.2021,6:49:01,17.2,66.1,10.8
5347,04.07.2021,7:49:01,17.1,63.4,10.1
5348,04.07.2021,8:49:01,19.3,55.3,10.1
5349,04.07.2021,9:49:01,21.8,54,12
5350,04.07.2021,10:49:01,23,52.5,12.7
5351,04.07.2021,11:49:01,23.8,52.6,13.5
5352,04.07.2021,12:49:01,24.3,70.5,18.5
5353,04.07.2021,13:49:01,24.9,65.1,17.8
5354,04.07.2021,14:49:01,25.4,59.3,16.8
5355,04.07.2021,15:49:01,25.9,57.9,16.9
5356,04.07.2021,16:49:01,26.2,56,16.7
5357,04.07.2021,17:49:01,22.9,62.9,15.4
5358,04.07.2021,18:49:01,21.3,64.5,14.3
5359,04.07.2021,19:49:01,20.4,64.2,13.4
5360,04.07.2021,20:49:01,19.6,64.9,12.8
5361,04.07.2021,21:49:01,19.1,65.2,12.4
5362,04.07.2021,22:49:01,18.7,63.8,11.7
5363,04.07.2021,23:49:01,18.2,64,11.2
5364,05.07.2021,0:49:01,18,63.8,11
5365,05.07.2021,1:49:01,17.7,64,10.8
5366,05.07.2021,2:49:01,17.5,64.1,10.6
5367,05.07.2021,3:49:01,17.3,64.6,10.5
5368,05.07.2021,4:49:01,17.2,65.6,10.7
5369,05.07.2021,5:49:01,17.1,63.3,10
5370,05.07.2021,6:49:01,17.1,64.1,10.2
5371,05.07.2021,7:49:01,17,63.7,10
5372,05.07.2021,8:49:01,19.3,55.2,10
5373,05.07.2021,9:49:01,21.5,52.3,11.3
5374,05.07.2021,10:49:01,22.7,51.1,12
5375,05.07.2021,11:49:01,23.7,51,12.9
5376,05.07.2021,12:49:01,24.7,51.2,13.9
5377,05.07.2021,13:49:01,25.3,57,16.1
5378,05.07.2021,14:49:01,25.7,53,15.4
5379,05.07.2021,15:49:01,25.9,59,17.2
5380,05.07.2021,16:49:01,26.2,55,16.4
5381,05.07.2021,17:49:01,23.3,66.8,16.7
5382,05.07.2021,18:49:01,22.2,67,15.7
5383,05.07.2021,19:49:01,21.5,67.9,15.3
5384,05.07.2021,20:49:01,21,69.4,15.1
5385,05.07.2021,21:49:01,20.7,72.1,15.4
5386,05.07.2021,22:49:01,20.6,72.5,15.4
5387,05.07.2021,23:49:01,20.4,72.4,15.2
5388,06.07.2021,0:49:01,20.2,72,14.9
5389,06.07.2021,1:49:01,20,71.8,14.7
5390,06.07.2021,2:49:01,19.9,72.2,14.7
5391,06.07.2021,3:49:01,19.8,71.9,14.5
5392,06.07.2021,4:49:01,19.7,72.3,14.5
5393,06.07.2021,5:49:01,19.6,72,14.4
5394,06.07.2021,6:49:01,19.6,72.4,14.5
5395,06.07.2021,7:49:01,19.6,73.1,14.6
5396,06.07.2021,8:49:01,22,61.7,14.3
5397,06.07.2021,9:49:01,24,57.3,15
5398,06.07.2021,10:49:01,25,55.1,15.3
5399,06.07.2021,11:49:01,25.7,54.6,15.8
5400,06.07.2021,12:49:01,26.2,61.3,18.1
5401,06.07.2021,13:49:01,26.5,59.1,17.8
5402,06.07.2021,14:49:01,26.7,56.9,17.4
5403,06.07.2021,15:49:01,26.8,53.4,16.5
5404,06.07.2021,16:49:01,27.2,53,16.7
5405,06.07.2021,17:49:01,24.2,63.1,16.7
5406,06.07.2021,18:49:01,22.9,65.8,16.1
5407,06.07.2021,19:49:01,21.9,64,14.7
5408,06.07.2021,20:49:01,21.1,63.9,14
5409,06.07.2021,21:49:01,20.4,63.9,13.3
5410,06.07.2021,22:49:01,19.8,62.8,12.5
5411,06.07.2021,23:49:01,19.4,62.5,12
5412,07.07.2021,0:49:01,19,62.9,11.7
5413,07.07.2021,1:49:01,18.7,63.2,11.5
5414,07.07.2021,2:49:01,18.5,62.1,11.1
5415,07.07.2021,3:49:01,18.3,62.7,11
5416,07.07.2021,4:49:01,18.1,63.4,11
5417,07.07.2021,5:49:01,17.9,63.5,10.8
5418,07.07.2021,6:49:01,17.8,63,10.6
5419,07.07.2021,7:49:01,17.7,63.7,10.7
5420,07.07.2021,8:49:01,19.8,55.5,10.6
5421,07.07.2021,9:49:01,21.9,52.6,11.7
5422,07.07.2021,10:49:01,23.3,51.6,12.7
5423,07.07.2021,11:49:01,24.3,50.3,13.3
5424,07.07.2021,12:49:01,25.1,51.1,14.2
5425,07.07.2021,13:49:01,25.8,51.6,15
5426,07.07.2021,14:49:01,26.6,65.1,19.5
5427,07.07.2021,15:49:01,26.8,57.8,17.7
5428,07.07.2021,16:49:01,27.1,56.1,17.5
5429,07.07.2021,17:49:01,24.2,65.2,17.2
5430,07.07.2021,18:49:01,22.9,64.3,15.8
5431,07.07.2021,19:49:01,21.7,62.5,14.2
5432,07.07.2021,20:49:01,20.9,62.4,13.4
5433,07.07.2021,21:49:01,20.2,61.9,12.6
5434,07.07.2021,22:49:01,19.7,63.1,12.4
5435,07.07.2021,23:49:01,19.3,62.1,11.8
5436,08.07.2021,0:49:01,18.9,62.2,11.5
5437,08.07.2021,1:49:01,18.6,62,11.1
5438,08.07.2021,2:49:01,18.4,62.9,11.2
5439,08.07.2021,3:49:01,18.1,61.2,10.5
5440,08.07.2021,4:49:01,18,62.2,10.6
5441,08.07.2021,5:49:01,17.9,62.7,10.6
5442,08.07.2021,6:49:01,17.8,62.4,10.5
5443,08.07.2021,7:49:01,17.7,62,10.3
5444,08.07.2021,8:49:01,19.8,54,10.2
5445,08.07.2021,9:49:01,22,51.7,11.6
5446,08.07.2021,10:49:01,23.4,51.2,12.7
5447,08.07.2021,11:49:01,24.4,50.9,13.5
5448,08.07.2021,12:49:01,25.3,52.8,14.9
5449,08.07.2021,13:49:01,25.8,59.9,17.4
5450,08.07.2021,14:49:01,26.2,57.1,17
5451,08.07.2021,15:49:01,26.6,54.4,16.6
5452,08.07.2021,16:49:01,27,53.2,16.6
5453,08.07.2021,17:49:01,24,59.9,15.7
5454,08.07.2021,18:49:01,22.4,63.6,15.1
5455,08.07.2021,19:49:01,21.4,63,14
5456,08.07.2021,20:49:01,20.7,63.2,13.4
5457,08.07.2021,21:49:01,20.1,62.7,12.7
5458,08.07.2021,22:49:01,19.6,61.6,12
5459,08.07.2021,23:49:01,19.3,61.4,11.6
5460,09.07.2021,0:49:01,19,61.7,11.4
5461,09.07.2021,1:49:01,18.7,61.5,11.1
5462,09.07.2021,2:49:01,18.5,61.1,10.8
5463,09.07.2021,3:49:01,18.3,61.6,10.8
5464,09.07.2021,4:49:01,18.2,61.7,10.7
5465,09.07.2021,5:49:01,18,61.7,10.5
5466,09.07.2021,6:49:01,17.9,60.9,10.2
5467,09.07.2021,7:49:01,17.9,61.8,10.4
5468,09.07.2021,8:49:01,19.9,55,10.5
5469,09.07.2021,9:49:01,22.1,51.4,11.6
5470,09.07.2021,10:49:01,23.6,50.3,12.6
5471,09.07.2021,11:49:01,24.6,52.1,14.1
5472,09.07.2021,12:49:01,25.4,64.1,18.1
5473,09.07.2021,13:49:01,26,59.4,17.4
5474,09.07.2021,14:49:01,26.6,57.5,17.5
5475,09.07.2021,15:49:01,27,55.8,17.4
5476,09.07.2021,16:49:01,27.3,54.6,17.3
5477,09.07.2021,17:49:01,24.4,60.8,16.3
5478,09.07.2021,18:49:01,22.8,62.3,15.2
5479,09.07.2021,19:49:01,21.7,61.1,13.8
5480,09.07.2021,20:49:01,21,61.2,13.2
5481,09.07.2021,21:49:01,20.3,61.4,12.6
5482,09.07.2021,22:49:01,19.9,61.4,12.2
5483,09.07.2021,23:49:01,19.5,61.2,11.8
5484,10.07.2021,0:49:01,19.1,60.9,11.3
5485,10.07.2021,1:49:01,18.9,61.7,11.3
5486,10.07.2021,2:49:01,18.7,62.1,11.3
5487,10.07.2021,3:49:01,18.5,61.4,10.9
5488,10.07.2021,4:49:01,18.4,62.3,11
5489,10.07.2021,5:49:01,18.2,62.4,10.9
5490,10.07.2021,6:49:01,18,61.6,10.5
5491,10.07.2021,7:49:01,18,61.4,10.4
5492,10.07.2021,8:49:01,20.1,54.2,10.5
5493,10.07.2021,9:49:01,22.3,51.1,11.7
5494,10.07.2021,10:49:01,23.9,54.2,14
5495,10.07.2021,11:49:01,24.6,57.9,15.7
5496,10.07.2021,12:49:01,25.4,55.1,15.7
5497,10.07.2021,13:49:01,25.9,54.4,15.9
5498,10.07.2021,14:49:01,26.4,53.5,16.1
5499,10.07.2021,15:49:01,26.7,52.7,16.2
5500,10.07.2021,16:49:01,27,52.1,16.3
5501,10.07.2021,17:49:01,24,57.7,15.1
5502,10.07.2021,18:49:01,22.5,59.3,14.1
5503,10.07.2021,19:49:01,21.5,59.2,13.2
5504,10.07.2021,20:49:01,20.7,59.8,12.6
5505,10.07.2021,21:49:01,20.1,59.7,12
5506,10.07.2021,22:49:01,19.6,59.4,11.4
5507,10.07.2021,23:49:01,19.4,59.8,11.3
5508,11.07.2021,0:49:01,19.1,60.5,11.2
5509,11.07.2021,1:49:01,18.8,60.9,11.1
5510,11.07.2021,2:49:01,18.7,60.5,10.9
5511,11.07.2021,3:49:01,18.5,60.1,10.6
5512,11.07.2021,4:49:01,18.4,61.6,10.8
5513,11.07.2021,5:49:01,18.2,61.2,10.6
5514,11.07.2021,6:49:01,18.1,60.6,10.3
5515,11.07.2021,7:49:01,18,60.6,10.2
5516,11.07.2021,8:49:01,20.2,53.1,10.3
5517,11.07.2021,9:49:01,22.3,56.6,13.2
5518,11.07.2021,10:49:01,23.7,69.4,17.7
5519,11.07.2021,11:49:01,26,55.9,16.5
5520,11.07.2021,12:49:01,27,52.8,16.5
5521,11.07.2021,13:49:01,27.8,51.5,16.8
5522,11.07.2021,14:49:01,28.4,50.1,17
5523,11.07.2021,15:49:01,28.7,51.3,17.6
5524,11.07.2021,16:49:01,29.1,49.7,17.5
5525,11.07.2021,17:49:01,24.9,59.2,16.3
5526,11.07.2021,18:49:01,23.2,61.7,15.4
5527,11.07.2021,19:49:01,22.1,61.3,14.3
5528,11.07.2021,20:49:01,21.3,61.8,13.6
5529,11.07.2021,21:49:01,20.7,60.5,12.7
5530,11.07.2021,22:49:01,20.3,60.1,12.3
5531,11.07.2021,23:49:01,19.9,60.3,11.9
5532,12.07.2021,0:49:01,19.6,60,11.6
5533,12.07.2021,1:49:01,19.3,60,11.3
5534,12.07.2021,2:49:01,19.2,61.5,11.6
5535,12.07.2021,3:49:01,19,61,11.3
5536,12.07.2021,4:49:01,18.8,60.5,11
5537,12.07.2021,5:49:01,18.7,61,11
5538,12.07.2021,6:49:01,18.6,62.3,11.2
5539,12.07.2021,7:49:01,18.4,62.4,11
5540,12.07.2021,8:49:01,21.8,51.3,11.3
5541,12.07.2021,9:49:01,24.5,52.6,14.1
5542,12.07.2021,10:49:01,25.7,57,16.5
5543,12.07.2021,11:49:01,26.7,52.3,16.1
5544,12.07.2021,12:49:01,27.4,51.7,16.5
5545,12.07.2021,13:49:01,28.1,50.3,16.7
5546,12.07.2021,14:49:01,28.8,52,17.9
5547,12.07.2021,15:49:01,29.4,52.5,18.6
5548,12.07.2021,16:49:01,30,52.5,19.2
5549,12.07.2021,17:49:01,26.2,64.2,18.8
5550,12.07.2021,18:49:01,24.9,67.6,18.4
5551,12.07.2021,19:49:01,24.2,69.1,18.1
5552,12.07.2021,20:49:01,23.5,69.9,17.6
5553,12.07.2021,21:49:01,23.1,70.5,17.4
5554,12.07.2021,22:49:01,22.7,70.8,17.1
5555,12.07.2021,23:49:01,22.4,71,16.8
5556,13.07.2021,0:49:01,22.2,71,16.6
5557,13.07.2021,1:49:01,22,70.5,16.3
5558,13.07.2021,2:49:01,21.8,70.6,16.2
5559,13.07.2021,3:49:01,21.6,70.8,16
5560,13.07.2021,4:49:01,21.5,70.5,15.9
5561,13.07.2021,5:49:01,21.4,70.7,15.8
5562,13.07.2021,6:49:01,21.4,71,15.9
5563,13.07.2021,7:49:01,21.3,71.7,15.9
5564,13.07.2021,8:49:01,24.7,59.1,16.1
5565,13.07.2021,9:49:01,27.1,58,18.1
5566,13.07.2021,10:49:01,27.8,59.4,19.1
5567,13.07.2021,11:49:01,28.7,55.4,18.8
5568,13.07.2021,12:49:01,29.1,54.4,18.9
5569,13.07.2021,13:49:01,29.7,53.6,19.2
5570,13.07.2021,14:49:01,30.1,52.2,19.2
5571,13.07.2021,15:49:01,30.5,51.2,19.2
5572,13.07.2021,16:49:01,30.7,51.1,19.4
5573,13.07.2021,17:49:01,26.5,58.1,17.5
5574,13.07.2021,18:49:01,24.7,60.5,16.5
5575,13.07.2021,19:49:01,23.6,61.1,15.6
5576,13.07.2021,20:49:01,22.8,61.1,14.9
5577,13.07.2021,21:49:01,22.2,62.3,14.6
5578,13.07.2021,22:49:01,21.6,61.6,13.9
5579,13.07.2021,23:49:01,21.3,62.3,13.8
5580,14.07.2021,0:49:01,21,62.8,13.6
5581,14.07.2021,1:49:01,20.7,63.4,13.5
5582,14.07.2021,2:49:01,20.5,63.7,13.3
5583,14.07.2021,3:49:01,20.3,63.6,13.1
5584,14.07.2021,4:49:01,20.1,63.9,13
5585,14.07.2021,5:49:01,19.9,63.5,12.7
5586,14.07.2021,6:49:01,19.8,63.8,12.7
5587,14.07.2021,7:49:01,19.8,64.5,12.9
5588,14.07.2021,8:49:01,23,54.6,13.3
5589,14.07.2021,9:49:01,25.6,49.3,14.1
5590,14.07.2021,10:49:01,26.9,47.5,14.8
5591,14.07.2021,11:49:01,27.7,58.6,18.8
5592,14.07.2021,12:49:01,27.8,58,18.7
5593,14.07.2021,13:49:01,28.5,54.6,18.4
5594,14.07.2021,14:49:01,29.2,51.2,18
5595,14.07.2021,15:49:01,29.2,49.1,17.4
5596,14.07.2021,16:49:01,29.9,50.1,18.3
5597,14.07.2021,17:49:01,25.7,59.7,17.2
5598,14.07.2021,18:49:01,24,60.9,15.9
5599,14.07.2021,19:49:01,22.9,60.1,14.7
5600,14.07.2021,20:49:01,22.2,66.4,15.6
5601,14.07.2021,21:49:01,21.5,65.2,14.6
5602,14.07.2021,22:49:01,21,63.4,13.7
5603,14.07.2021,23:49:01,20.5,63,13.2
5604,15.07.2021,0:49:01,20.2,63.2,12.9
5605,15.07.2021,1:49:01,20,62.6,12.6
5606,15.07.2021,2:49:01,19.8,62.5,12.4
5607,15.07.2021,3:49:01,19.5,63.9,12.4
5608,15.07.2021,4:49:01,19.4,63.7,12.3
5609,15.07.2021,5:49:01,19.2,63,11.9
5610,15.07.2021,6:49:01,19.1,62.7,11.8
5611,15.07.2021,7:49:01,19,63,11.8
5612,15.07.2021,8:49:01,22.3,52.9,12.2
5613,15.07.2021,9:49:01,24.8,48.5,13.2
5614,15.07.2021,10:49:01,26.3,48,14.4
5615,15.07.2021,11:49:01,27.3,47.1,15
5616,15.07.2021,12:49:01,27.2,58.6,18.3
5617,15.07.2021,13:49:01,28.1,53.6,17.7
5618,15.07.2021,14:49:01,28.9,50.4,17.5
5619,15.07.2021,15:49:01,29.3,48.7,17.3
5620,15.07.2021,16:49:01,29.7,48.7,17.7
5621,15.07.2021,17:49:01,25.4,56.6,16.1
5622,15.07.2021,18:49:01,23.6,59,15.1
5623,15.07.2021,19:49:01,22.5,59.6,14.2
5624,15.07.2021,20:49:01,21.6,59.9,13.4
5625,15.07.2021,21:49:01,20.9,60.5,12.9
5626,15.07.2021,22:49:01,20.4,60.4,12.4
5627,15.07.2021,23:49:01,19.9,60.2,11.9
5628,16.07.2021,0:49:01,19.6,61.2,11.9
5629,16.07.2021,1:49:01,19.3,61.1,11.6
5630,16.07.2021,2:49:01,18.9,60.5,11
5631,16.07.2021,3:49:01,18.8,61.9,11.3
5632,16.07.2021,4:49:01,18.6,60.7,10.8
5633,16.07.2021,5:49:01,18.4,62.2,11
5634,16.07.2021,6:49:01,18.3,61.6,10.8
5635,16.07.2021,7:49:01,18.2,61,10.5
5636,16.07.2021,8:49:01,21.5,51.5,11
5637,16.07.2021,9:49:01,24.1,48.1,12.4
5638,16.07.2021,10:49:01,24.1,79.2,20.2
5639,16.07.2021,11:49:01,26.3,59.3,17.7
5640,16.07.2021,12:49:01,27.6,51,16.5
5641,16.07.2021,13:49:01,28.2,51.9,17.3
5642,16.07.2021,14:49:01,28.8,50.2,17.4
5643,16.07.2021,15:49:01,29.2,49.5,17.5
5644,16.07.2021,16:49:01,29.8,48.2,17.6
5645,16.07.2021,17:49:01,25.5,56.9,16.3
5646,16.07.2021,18:49:01,23.7,59.4,15.3
5647,16.07.2021,19:49:01,22.4,59.3,14
5648,16.07.2021,20:49:01,21.6,60.5,13.6
5649,16.07.2021,21:49:01,20.9,61.1,13.1
5650,16.07.2021,22:49:01,20.4,60.3,12.4
5651,16.07.2021,23:49:01,19.8,61.2,12.1
5652,17.07.2021,0:49:01,19.3,61.4,11.6
5653,17.07.2021,1:49:01,19.1,60.9,11.3
5654,17.07.2021,2:49:01,18.7,60.8,10.9
5655,17.07.2021,3:49:01,18.5,62.1,11.1
5656,17.07.2021,4:49:01,18.3,61.4,10.7
5657,17.07.2021,5:49:01,18.2,62.5,10.9
5658,17.07.2021,6:49:01,18,62.7,10.7
5659,17.07.2021,7:49:01,17.9,62.4,10.6
5660,17.07.2021,8:49:01,21.1,51.9,10.8
5661,17.07.2021,9:49:01,23.8,48.2,12.1
5662,17.07.2021,10:49:01,25.4,54.3,15.5
5663,17.07.2021,11:49:01,26.5,57.5,17.4
5664,17.07.2021,12:49:01,27.4,53.2,17
5665,17.07.2021,13:49:01,28,51.8,17.1
5666,17.07.2021,14:49:01,28.4,50.8,17.2
5667,17.07.2021,15:49:01,28.9,49.7,17.3
5668,17.07.2021,16:49:01,29.2,49,17.3
5669,17.07.2021,17:49:01,24.9,58.8,16.2
5670,17.07.2021,18:49:01,23,59.9,14.7
5671,17.07.2021,19:49:01,21.9,60.8,13.9
5672,17.07.2021,20:49:01,21,61,13.1
5673,17.07.2021,21:49:01,20.4,61.2,12.6
5674,17.07.2021,22:49:01,19.8,60.9,12
5675,17.07.2021,23:49:01,19.3,60.7,11.5
5676,18.07.2021,0:49:01,19,62.3,11.6
5677,18.07.2021,1:49:01,18.7,61.6,11.1
5678,18.07.2021,2:49:01,18.4,62.6,11.1
5679,18.07.2021,3:49:01,18.2,62.4,10.9
5680,18.07.2021,4:49:01,18,63.5,10.9
5681,18.07.2021,5:49:01,17.8,62.6,10.5
5682,18.07.2021,6:49:01,17.7,61.9,10.3
5683,18.07.2021,7:49:01,17.6,63.1,10.5
5684,18.07.2021,8:49:01,20.9,51.7,10.5
5685,18.07.2021,9:49:01,23.4,48.6,11.9
5686,18.07.2021,10:49:01,25.2,47.5,13.2
5687,18.07.2021,11:49:01,26.3,46.5,13.9
5688,18.07.2021,12:49:01,27.2,48.1,15.2
5689,18.07.2021,13:49:01,27.7,49.5,16.1
5690,18.07.2021,14:49:01,28.3,51.1,17.2
5691,18.07.2021,15:49:01,29.1,51.9,18.2
5692,18.07.2021,16:49:01,29.3,49.8,17.7
5693,18.07.2021,17:49:01,24.9,57.9,16
5694,18.07.2021,18:49:01,23.1,60.1,14.9
5695,18.07.2021,19:49:01,21.8,60.4,13.7
5696,18.07.2021,20:49:01,20.9,60.3,12.9
5697,18.07.2021,21:49:01,20.2,60.5,12.3
5698,18.07.2021,22:49:01,19.7,62.1,12.2
5699,18.07.2021,23:49:01,19.3,61.7,11.7
5700,19.07.2021,0:49:01,18.9,61.8,11.4
5701,19.07.2021,1:49:01,18.6,62.5,11.3
5702,19.07.2021,2:49:01,18.3,62.9,11.1
5703,19.07.2021,3:49:01,18.1,62.5,10.8
5704,19.07.2021,4:49:01,17.9,63.7,10.9
5705,19.07.2021,5:49:01,17.7,62.6,10.4
5706,19.07.2021,6:49:01,17.6,63.6,10.6
5707,19.07.2021,7:49:01,17.5,63,10.3
5708,19.07.2021,8:49:01,20.8,53.5,11
5709,19.07.2021,9:49:01,23.5,49.5,12.3
5710,19.07.2021,10:49:01,25.1,48.6,13.5
5711,19.07.2021,11:49:01,26.3,47.4,14.2
5712,19.07.2021,12:49:01,27.4,49.7,15.9
5713,19.07.2021,13:49:01,27.3,62.2,19.4
5714,19.07.2021,14:49:01,28.2,56.6,18.7
5715,19.07.2021,15:49:01,28.7,51.3,17.6
5716,19.07.2021,16:49:01,29.1,49,17.2
5717,19.07.2021,17:49:01,24.7,57.4,15.7
5718,19.07.2021,18:49:01,22.8,57.9,14
5719,19.07.2021,19:49:01,21.7,58.4,13.1
5720,19.07.2021,20:49:01,20.7,58.3,12.2
5721,19.07.2021,21:49:01,20,59.5,11.8
5722,19.07.2021,22:49:01,19.5,59.7,11.4
5723,19.07.2021,23:49:01,19,59.1,10.8
5724,20.07.2021,0:49:01,18.7,60.8,10.9
5725,20.07.2021,1:49:01,18.4,59.7,10.4
5726,20.07.2021,2:49:01,18.2,60.6,10.4
5727,20.07.2021,3:49:01,17.9,61.5,10.4
5728,20.07.2021,4:49:01,17.7,60.2,9.8
5729,20.07.2021,5:49:01,17.5,60.4,9.7
5730,20.07.2021,6:49:01,17.4,61.2,9.8
5731,20.07.2021,7:49:01,17.3,59.9,9.4
5732,20.07.2021,8:49:01,20.6,51.3,10.2
5733,20.07.2021,9:49:01,23.2,46.7,11.1
5734,20.07.2021,10:49:01,24.8,45.8,12.3
5735,20.07.2021,11:49:01,25.9,45.5,13.2
5736,20.07.2021,12:49:01,25.9,63.4,18.4
5737,20.07.2021,13:49:01,27.1,56.3,17.6
5738,20.07.2021,14:49:01,27.9,51.3,16.9
5739,20.07.2021,15:49:01,28.5,47.6,16.2
5740,20.07.2021,16:49:01,28.8,45.8,15.9
5741,20.07.2021,17:49:01,24.4,56.8,15.2
5742,20.07.2021,18:49:01,22.5,58.6,13.9
5743,20.07.2021,19:49:01,21.3,58.2,12.7
5744,20.07.2021,20:49:01,20.4,57.3,11.6
5745,20.07.2021,21:49:01,19.7,56.3,10.7
5746,20.07.2021,22:49:01,19.1,56.9,10.3
5747,20.07.2021,23:49:01,18.7,56.9,9.9
5748,21.07.2021,0:49:01,18.3,56.5,9.5
5749,21.07.2021,1:49:01,18,57.7,9.5
5750,21.07.2021,2:49:01,17.8,58.3,9.5
5751,21.07.2021,3:49:01,17.6,57.4,9
5752,21.07.2021,4:49:01,17.3,56.6,8.6
5753,21.07.2021,5:49:01,17.2,57.7,8.7
5754,21.07.2021,6:49:01,17.1,59.3,9.1
5755,21.07.2021,7:49:01,17,57.9,8.6
5756,21.07.2021,8:49:01,20.3,48.3,9
5757,21.07.2021,9:49:01,23.1,44.5,10.3
5758,21.07.2021,10:49:01,24.6,46,12.2
5759,21.07.2021,11:49:01,26,65.4,19
5760,21.07.2021,12:49:01,26.8,56.4,17.3
5761,21.07.2021,13:49:01,27.4,52.3,16.7
5762,21.07.2021,14:49:01,27.9,50.1,16.5
5763,21.07.2021,15:49:01,28.4,49.1,16.6
5764,21.07.2021,16:49:01,28.7,47.4,16.4
5765,21.07.2021,17:49:01,24.3,56,14.9
5766,21.07.2021,18:49:01,22.4,57.6,13.6
5767,21.07.2021,19:49:01,21.1,57.1,12.2
5768,21.07.2021,20:49:01,20.2,56.6,11.3
5769,21.07.2021,21:49:01,19.5,57.4,10.8
5770,21.07.2021,22:49:01,19,58,10.5
5771,21.07.2021,23:49:01,18.4,56.6,9.6
5772,22.07.2021,0:49:01,18.1,56.7,9.3
5773,22.07.2021,1:49:01,17.8,57,9.1
5774,22.07.2021,2:49:01,17.5,57.1,8.9
5775,22.07.2021,3:49:01,17.4,57.8,9
5776,22.07.2021,4:49:01,17.2,58.6,9
5777,22.07.2021,5:49:01,17.2,59.8,9.3
5778,22.07.2021,6:49:01,17,60.3,9.2
5779,22.07.2021,7:49:01,17.1,59.6,9.1
5780,22.07.2021,8:49:01,20.3,49.7,9.4
5781,22.07.2021,9:49:01,22.9,44.6,10.2
5782,22.07.2021,10:49:01,24.4,44.5,11.5
5783,22.07.2021,11:49:01,25.6,67.6,19.1
5784,22.07.2021,12:49:01,26.5,54.4,16.5
5785,22.07.2021,13:49:01,27.2,49.4,15.6
5786,22.07.2021,14:49:01,27.7,47.9,15.6
5787,22.07.2021,15:49:01,28,47,15.6
5788,22.07.2021,16:49:01,28.3,45.2,15.2
5789,22.07.2021,17:49:01,23.8,54.3,14
5790,22.07.2021,18:49:01,22,55.3,12.6
5791,22.07.2021,19:49:01,20.7,56,11.6
5792,22.07.2021,20:49:01,19.8,54.8,10.4
5793,22.07.2021,21:49:01,19.1,55,9.8
5794,22.07.2021,22:49:01,18.6,55.5,9.5
5795,22.07.2021,23:49:01,18.2,55.9,9.2
5796,23.07.2021,0:49:01,17.8,56.6,9
5797,23.07.2021,1:49:01,17.5,57.9,9.1
5798,23.07.2021,2:49:01,17.3,56.5,8.5
5799,23.07.2021,3:49:01,17.2,57.1,8.6
5800,23.07.2021,4:49:01,17.1,60.2,9.3
5801,23.07.2021,5:49:01,17,57,8.4
5802,23.07.2021,6:49:01,17,61,9.4
5803,23.07.2021,7:49:01,16.9,58.2,8.6
5804,23.07.2021,8:49:01,20.2,49.3,9.2
5805,23.07.2021,9:49:01,22.7,45.5,10.3
5806,23.07.2021,10:49:01,24.5,45,11.7
5807,23.07.2021,11:49:01,25.5,44.2,12.4
5808,23.07.2021,12:49:01,26.3,43.9,13
5809,23.07.2021,13:49:01,26.9,43.3,13.3
5810,23.07.2021,14:49:01,27.6,45.3,14.7
5811,23.07.2021,15:49:01,27.9,48.2,15.9
5812,23.07.2021,16:49:01,28.2,45,15.1
5813,23.07.2021,17:49:01,23.7,52.7,13.4
5814,23.07.2021,18:49:01,21.9,53.5,12
5815,23.07.2021,19:49:01,20.7,54.5,11.2
5816,23.07.2021,20:49:01,19.8,53.2,10
5817,23.07.2021,21:49:01,19,53.7,9.4
5818,23.07.2021,22:49:01,18.6,54.1,9.1
5819,23.07.2021,23:49:01,18.1,54.6,8.8
5820,24.07.2021,0:49:01,17.7,55.4,8.6
5821,24.07.2021,1:49:01,17.5,57.2,8.9
5822,24.07.2021,2:49:01,17.3,54.9,8.1
5823,24.07.2021,3:49:01,17.3,56.8,8.6
5824,24.07.2021,4:49:01,17.1,59.3,9.1
5825,24.07.2021,5:49:01,17.1,57.2,8.5
5826,24.07.2021,6:49:01,17,59.7,9.1
5827,24.07.2021,7:49:01,17,58.7,8.8
5828,24.07.2021,8:49:01,20.3,48,8.9
5829,24.07.2021,9:49:01,22.8,43.4,9.7
5830,24.07.2021,10:49:01,24.5,41.4,10.5
5831,24.07.2021,11:49:01,25.4,41.9,11.5
5832,24.07.2021,12:49:01,26.2,42.8,12.5
5833,24.07.2021,13:49:01,26.8,41.5,12.6
5834,24.07.2021,14:49:01,27.5,42.2,13.5
5835,24.07.2021,15:49:01,27.3,53.4,16.9
5836,24.07.2021,16:49:01,27.8,48.1,15.8
5837,24.07.2021,17:49:01,23.4,55.2,13.9
5838,24.07.2021,18:49:01,21.7,55.4,12.3
5839,24.07.2021,19:49:01,20.5,55.5,11.2
5840,24.07.2021,20:49:01,19.5,53.8,9.8
5841,24.07.2021,21:49:01,18.9,54,9.3
5842,24.07.2021,22:49:01,18.3,53.9,8.8
5843,24.07.2021,23:49:01,17.9,54.3,8.5
5844,25.07.2021,0:49:01,17.6,56.1,8.7
5845,25.07.2021,1:49:01,17.4,55,8.2
5846,25.07.2021,2:49:01,17.3,56.1,8.4
5847,25.07.2021,3:49:01,17.2,57.5,8.7
5848,25.07.2021,4:49:01,17.1,56.8,8.4
5849,25.07.2021,5:49:01,17,57.3,8.5
5850,25.07.2021,6:49:01,17,59.1,8.9
5851,25.07.2021,7:49:01,17,57.7,8.6
5852,25.07.2021,8:49:01,20.3,47.2,8.6
5853,25.07.2021,9:49:01,22.7,43.5,9.6
5854,25.07.2021,10:49:01,24.2,42,10.4
5855,25.07.2021,11:49:01,25.3,40.9,11
5856,25.07.2021,12:49:01,24.8,69.6,18.8
5857,25.07.2021,13:49:01,26.4,52,15.7
5858,25.07.2021,14:49:01,27.3,46.2,14.7
5859,25.07.2021,15:49:01,27.7,43.4,14.1
5860,25.07.2021,16:49:01,28,42.6,14.1
5861,25.07.2021,17:49:01,23.6,49.8,12.5
5862,25.07.2021,18:49:01,21.7,51.2,11.1
5863,25.07.2021,19:49:01,20.5,50.8,9.9
5864,25.07.2021,20:49:01,19.7,51.8,9.5
5865,25.07.2021,21:49:01,19,50.7,8.5
5866,25.07.2021,22:49:01,18.5,51.3,8.2
5867,25.07.2021,23:49:01,18,51.7,7.9
5868,26.07.2021,0:49:01,17.7,53,8
5869,26.07.2021,1:49:01,17.5,53.8,8
5870,26.07.2021,2:49:01,17.4,53.8,7.9
5871,26.07.2021,3:49:01,17.2,55.2,8.1
5872,26.07.2021,4:49:01,17.2,55.2,8.1
5873,26.07.2021,5:49:01,17.1,54.2,7.7
5874,26.07.2021,6:49:01,17,54.2,7.6
5875,26.07.2021,7:49:01,16.9,55.5,7.9
5876,26.07.2021,8:49:01,20.2,47.2,8.5
5877,26.07.2021,9:49:01,22.8,43.1,9.6
5878,26.07.2021,10:49:01,24.8,51.3,14
5879,26.07.2021,11:49:01,26.1,48.1,14.2
5880,26.07.2021,12:49:01,26.6,45.4,13.8
5881,26.07.2021,13:49:01,27.1,44.5,13.9
5882,26.07.2021,14:49:01,27.7,42.8,13.9
5883,26.07.2021,15:49:01,28,43.3,14.3
5884,26.07.2021,16:49:01,28.2,41.7,13.9
5885,26.07.2021,17:49:01,23.8,48.9,12.4
5886,26.07.2021,18:49:01,22.1,50.7,11.4
5887,26.07.2021,19:49:01,20.8,50.4,10.1
5888,26.07.2021,20:49:01,20,51.5,9.7
5889,26.07.2021,21:49:01,19.2,51,8.8
5890,26.07.2021,22:49:01,18.7,51.8,8.5
5891,26.07.2021,23:49:01,18.2,51.8,8.1
5892,27.07.2021,0:49:01,17.9,51.6,7.8
5893,27.07.2021,1:49:01,17.6,52.5,7.7
5894,27.07.2021,2:49:01,17.5,54.1,8.1
5895,27.07.2021,3:49:01,17.3,53.7,7.8
5896,27.07.2021,4:49:01,17.2,55.3,8.1
5897,27.07.2021,5:49:01,17.1,54.1,7.7
5898,27.07.2021,6:49:01,17.1,57.4,8.6
5899,27.07.2021,7:49:01,17,57.1,8.4
5900,27.07.2021,8:49:01,20.3,46.6,8.5
5901,27.07.2021,9:49:01,23,42,9.4
5902,27.07.2021,10:49:01,24.5,40.8,10.3
5903,27.07.2021,11:49:01,25.5,57.2,16.4
5904,27.07.2021,12:49:01,26.7,49.7,15.3
5905,27.07.2021,13:49:01,27.2,47,14.9
5906,27.07.2021,14:49:01,27.7,47.9,15.6
5907,27.07.2021,15:49:01,28.2,45.4,15.2
5908,27.07.2021,16:49:01,28.5,43.9,15
5909,27.07.2021,17:49:01,24,51.5,13.3
5910,27.07.2021,18:49:01,22.2,53.2,12.2
5911,27.07.2021,19:49:01,21,52.9,11
5912,27.07.2021,20:49:01,20,52.3,9.9
5913,27.07.2021,21:49:01,19.4,53,9.5
5914,27.07.2021,22:49:01,18.8,52.2,8.8
5915,27.07.2021,23:49:01,18.3,53.1,8.5
5916,28.07.2021,0:49:01,18,53.4,8.3
5917,28.07.2021,1:49:01,17.7,52.5,7.8
5918,28.07.2021,2:49:01,17.4,53.8,7.9
5919,28.07.2021,3:49:01,17.3,55.9,8.4
5920,28.07.2021,4:49:01,17.2,54.6,7.9
5921,28.07.2021,5:49:01,17.1,56.9,8.4
5922,28.07.2021,6:49:01,17.1,56.4,8.3
5923,28.07.2021,7:49:01,17,55.2,7.9
5924,28.07.2021,8:49:01,20.3,47.6,8.8
5925,28.07.2021,9:49:01,22.8,44.7,10.1
5926,28.07.2021,10:49:01,24.3,42.9,10.8
5927,28.07.2021,11:49:01,25.4,51.5,14.6
5928,28.07.2021,12:49:01,26.5,47.3,14.3
5929,28.07.2021,13:49:01,27,45.5,14.2
5930,28.07.2021,14:49:01,27.4,44.9,14.3
5931,28.07.2021,15:49:01,27.8,44.3,14.5
5932,28.07.2021,16:49:01,28.2,44.1,14.8
5933,28.07.2021,17:49:01,23.6,50.9,12.8
5934,28.07.2021,18:49:01,21.8,51.9,11.4
5935,28.07.2021,19:49:01,20.6,53,10.6
5936,28.07.2021,20:49:01,19.8,53.6,10.1
5937,28.07.2021,21:49:01,19.1,54.1,9.6
5938,28.07.2021,22:49:01,18.6,54.4,9.2
5939,28.07.2021,23:49:01,18.2,54.3,8.8
5940,29.07.2021,0:49:01,17.9,55,8.7
5941,29.07.2021,1:49:01,17.6,54.9,8.4
5942,29.07.2021,2:49:01,17.5,56,8.6
5943,29.07.2021,3:49:01,17.4,57.5,8.9
5944,29.07.2021,4:49:01,17.3,56.3,8.5
5945,29.07.2021,5:49:01,17.3,58.2,9
5946,29.07.2021,6:49:01,17.2,57.4,8.7
5947,29.07.2021,7:49:01,17.2,59.5,9.2
5948,29.07.2021,8:49:01,20.4,49.2,9.3
5949,29.07.2021,9:49:01,22.9,45.1,10.3
5950,29.07.2021,10:49:01,24.6,43.8,11.4
5951,29.07.2021,11:49:01,25.5,43,12
5952,29.07.2021,12:49:01,26.5,50.8,15.4
5953,29.07.2021,13:49:01,27.4,49.3,15.8
5954,29.07.2021,14:49:01,27,60.9,18.8
5955,29.07.2021,15:49:01,27.5,53,17
5956,29.07.2021,16:49:01,27.9,51.1,16.8
5957,29.07.2021,17:49:01,23.7,59.2,15.2
5958,29.07.2021,18:49:01,21.8,60.2,13.7
5959,29.07.2021,19:49:01,20.6,60.5,12.6
5960,29.07.2021,20:49:01,19.7,59.6,11.6
5961,29.07.2021,21:49:01,19.1,60.1,11.1
5962,29.07.2021,22:49:01,18.5,59.1,10.3
5963,29.07.2021,23:49:01,18.2,59.3,10.1
5964,30.07.2021,0:49:01,17.8,59.5,9.8
5965,30.07.2021,1:49:01,17.6,59.8,9.7
5966,30.07.2021,2:49:01,17.4,60.9,9.7
5967,30.07.2021,3:49:01,17.3,62.7,10.1
5968,30.07.2021,4:49:01,17.2,60.8,9.5
5969,30.07.2021,5:49:01,17.1,62.4,9.8
5970,30.07.2021,6:49:01,17,61.3,9.5
5971,30.07.2021,7:49:01,17,64.6,10.2
5972,30.07.2021,8:49:01,20.3,52.3,10.2
5973,30.07.2021,9:49:01,22.7,47.5,10.9
5974,30.07.2021,10:49:01,24.3,46.9,12.2
5975,30.07.2021,11:49:01,25.2,54,15.2
5976,30.07.2021,12:49:01,26.8,53,16.4
5977,30.07.2021,13:49:01,27.1,59.3,18.4
5978,30.07.2021,14:49:01,28,53.6,17.7
5979,30.07.2021,15:49:01,27.8,63.9,20.3
5980,30.07.2021,16:49:01,28.5,57.5,19.2
5981,30.07.2021,17:49:01,24,68.6,17.8
5982,30.07.2021,18:49:01,22.3,68.8,16.2
5983,30.07.2021,19:49:01,21.1,66.9,14.7
5984,30.07.2021,20:49:01,20.1,65.6,13.4
5985,30.07.2021,21:49:01,19.4,65.8,12.8
5986,30.07.2021,22:49:01,18.8,66,12.3
5987,30.07.2021,23:49:01,18.3,65.9,11.8
5988,31.07.2021,0:49:01,17.9,66,11.4
5989,31.07.2021,1:49:01,17.6,66.3,11.2
5990,31.07.2021,2:49:01,17.4,66.3,11
5991,31.07.2021,3:49:01,17.2,66.5,10.9
5992,31.07.2021,4:49:01,17.2,66.8,10.9
5993,31.07.2021,5:49:01,17.1,66.9,10.9
5994,31.07.2021,6:49:01,16.9,65,10.2
5995,31.07.2021,7:49:01,17,68.4,11.1
5996,31.07.2021,8:49:01,20,54.6,10.5
5997,31.07.2021,9:49:01,22.9,50.8,12.1
5998,31.07.2021,10:49:01,24.5,49.7,13.3
5999,31.07.2021,11:49:01,25.5,52.2,14.9
6000,31.07.2021,12:49:01,25.9,52.5,15.4
6001,31.07.2021,13:49:01,27.2,50.5,16
6002,31.07.2021,14:49:01,26.8,50,15.5
6003,31.07.2021,15:49:01,27.5,48.6,15.7
6004,31.07.2021,16:49:01,27.5,49.1,15.8
6005,31.07.2021,17:49:01,23.4,56.2,14.1
6006,31.07.2021,18:49:01,21.6,57.3,12.8
6007,31.07.2021,19:49:01,20.4,56.9,11.5
6008,31.07.2021,20:49:01,19.5,57.5,10.8
6009,31.07.2021,21:49:01,18.8,56.8,10
6010,31.07.2021,22:49:01,18.3,57.4,9.7
6011,31.07.2021,23:49:01,17.9,58.2,9.5
6012,01.08.2021,0:49:01,17.6,59.1,9.5
6013,01.08.2021,1:49:01,17.3,57.3,8.7
6014,01.08.2021,2:49:01,17.2,59.1,9.1
6015,01.08.2021,3:49:01,17.1,61.6,9.6
6016,01.08.2021,4:49:01,17,59.1,8.9
6017,01.08.2021,5:49:01,17,62.1,9.6
6018,01.08.2021,6:49:01,16.9,60.9,9.3
6019,01.08.2021,7:49:01,16.9,60.2,9.1
6020,01.08.2021,8:49:01,19.7,52.5,9.7
6021,01.08.2021,9:49:01,22.1,48.6,10.7
6022,01.08.2021,10:49:01,23.7,46.8,11.6
6023,01.08.2021,11:49:01,25.2,46.2,12.8
6024,01.08.2021,12:49:01,23.7,77.1,19.4
6025,01.08.2021,13:49:01,25.9,57.2,16.7
6026,01.08.2021,14:49:01,26.3,52.5,15.8
6027,01.08.2021,15:49:01,26.9,49.6,15.4
6028,01.08.2021,16:49:01,27.1,48.7,15.3
6029,01.08.2021,17:49:01,23.3,55.1,13.7
6030,01.08.2021,18:49:01,21.4,56.5,12.4
6031,01.08.2021,19:49:01,20.3,55.8,11.1
6032,01.08.2021,20:49:01,19.5,56.7,10.6
6033,01.08.2021,21:49:01,18.8,57.6,10.2
6034,01.08.2021,22:49:01,18.3,57.3,9.7
6035,01.08.2021,23:49:01,17.9,57,9.2
6036,02.08.2021,0:49:01,17.6,58.2,9.2
6037,02.08.2021,1:49:01,17.4,59.4,9.4
6038,02.08.2021,2:49:01,17.3,60.8,9.6
6039,02.08.2021,3:49:01,17.2,60.1,9.3
6040,02.08.2021,4:49:01,17.1,62,9.7
6041,02.08.2021,5:49:01,17,60.7,9.3
6042,02.08.2021,6:49:01,16.9,61,9.3
6043,02.08.2021,7:49:01,17,63.1,9.9
6044,02.08.2021,8:49:01,19.8,52.8,9.8
6045,02.08.2021,9:49:01,22.4,49.5,11.3
6046,02.08.2021,10:49:01,23.7,52.2,13.3
6047,02.08.2021,11:49:01,24.7,59.8,16.3
6048,02.08.2021,12:49:01,25.5,57.1,16.3
6049,02.08.2021,13:49:01,26.5,54.5,16.5
6050,02.08.2021,14:49:01,26.9,53.4,16.6
6051,02.08.2021,15:49:01,26.4,54.5,16.4
6052,02.08.2021,16:49:01,27.4,54,17.2
6053,02.08.2021,17:49:01,23.5,62.2,15.8
6054,02.08.2021,18:49:01,21.6,64,14.5
6055,02.08.2021,19:49:01,20.4,62.3,12.9
6056,02.08.2021,20:49:01,19.6,63.3,12.4
6057,02.08.2021,21:49:01,18.9,62.1,11.4
6058,02.08.2021,22:49:01,18.4,62.7,11.1
6059,02.08.2021,23:49:01,18.1,63.1,10.9
6060,03.08.2021,0:49:01,17.7,63.8,10.7
6061,03.08.2021,1:49:01,17.4,64.8,10.7
6062,03.08.2021,2:49:01,17.2,63.6,10.2
6063,03.08.2021,3:49:01,17.1,63.9,10.2
6064,03.08.2021,4:49:01,17,66.3,10.6
6065,03.08.2021,5:49:01,17,63.8,10.1
6066,03.08.2021,6:49:01,16.9,67.1,10.7
6067,03.08.2021,7:49:01,16.9,64.2,10
6068,03.08.2021,8:49:01,19.9,55,10.5
6069,03.08.2021,9:49:01,22.4,50.4,11.5
6070,03.08.2021,10:49:01,24.7,55.2,15.1
6071,03.08.2021,11:49:01,24.3,57.4,15.3
6072,03.08.2021,12:49:01,24.8,55,15.1
6073,03.08.2021,13:49:01,25,50.9,14.1
6074,03.08.2021,14:49:01,25.5,48.9,13.9
6075,03.08.2021,15:49:01,25.8,47.8,13.8
6076,03.08.2021,16:49:01,26,48,14.1
6077,03.08.2021,17:49:01,22.7,53.1,12.6
6078,03.08.2021,18:49:01,21.4,56.6,12.4
6079,03.08.2021,19:49:01,20.8,57.9,12.2
6080,03.08.2021,20:49:01,20.4,61,12.6
6081,03.08.2021,21:49:01,20.1,59.6,11.9
6082,03.08.2021,22:49:01,19.8,60.7,11.9
6083,03.08.2021,23:49:01,19.6,59.1,11.4
6084,04.08.2021,0:49:01,19.4,60.4,11.5
6085,04.08.2021,1:49:01,19.2,58.9,10.9
6086,04.08.2021,2:49:01,19.1,58.6,10.8
6087,04.08.2021,3:49:01,19,59.3,10.8
6088,04.08.2021,4:49:01,18.8,59.4,10.7
6089,04.08.2021,5:49:01,18.7,60.3,10.8
6090,04.08.2021,6:49:01,18.7,58.7,10.4
6091,04.08.2021,7:49:01,18.7,60,10.7
6092,04.08.2021,8:49:01,21.5,52.1,11.2
6093,04.08.2021,9:49:01,23.4,51.8,12.9
6094,04.08.2021,10:49:01,24.5,50,13.3
6095,04.08.2021,11:49:01,25.4,51.9,14.8
6096,04.08.2021,12:49:01,27.1,52.9,16.6
6097,04.08.2021,13:49:01,27.4,52.3,16.7
6098,04.08.2021,14:49:01,27.7,50.7,16.5
6099,04.08.2021,15:49:01,27.9,50,16.5
6100,04.08.2021,16:49:01,28.2,49.5,16.6
6101,04.08.2021,17:49:01,24,55.4,14.5
6102,04.08.2021,18:49:01,22.1,56.1,12.9
6103,04.08.2021,19:49:01,20.8,56.9,11.9
6104,04.08.2021,20:49:01,19.9,57.4,11.2
6105,04.08.2021,21:49:01,19.2,57.6,10.6
6106,04.08.2021,22:49:01,18.7,57.4,10.1
6107,04.08.2021,23:49:01,18.2,57.6,9.7
6108,05.08.2021,0:49:01,17.9,57.9,9.5
6109,05.08.2021,1:49:01,17.6,59.3,9.5
6110,05.08.2021,2:49:01,17.4,60,9.5
6111,05.08.2021,3:49:01,17.2,59.7,9.3
6112,05.08.2021,4:49:01,17.2,59.9,9.3
6113,05.08.2021,5:49:01,17.1,61.7,9.6
6114,05.08.2021,6:49:01,17.1,60.2,9.3
6115,05.08.2021,7:49:01,17.1,62.3,9.8
6116,05.08.2021,8:49:01,20.1,51,9.6
6117,05.08.2021,9:49:01,22.6,48.1,11
6118,05.08.2021,10:49:01,24.4,52.8,14.1
6119,05.08.2021,11:49:01,25.3,51.7,14.6
6120,05.08.2021,12:49:01,26,50.1,14.8
6121,05.08.2021,13:49:01,26.6,49,15
6122,05.08.2021,14:49:01,27,47.9,15
6123,05.08.2021,15:49:01,27.4,47.1,15.1
6124,05.08.2021,16:49:01,27.7,46.4,15.1
6125,05.08.2021,17:49:01,23.5,52.7,13.2
6126,05.08.2021,18:49:01,21.6,53.4,11.7
6127,05.08.2021,19:49:01,20.4,54.3,10.8
6128,05.08.2021,20:49:01,19.5,54.6,10.1
6129,05.08.2021,21:49:01,18.8,54.1,9.3
6130,05.08.2021,22:49:01,18.3,54.8,9
6131,05.08.2021,23:49:01,18,55.3,8.9
6132,06.08.2021,0:49:01,17.7,56.6,8.9
6133,06.08.2021,1:49:01,17.5,57.9,9.1
6134,06.08.2021,2:49:01,17.4,57.4,8.9
6135,06.08.2021,3:49:01,17.2,58.8,9
6136,06.08.2021,4:49:01,17.1,58.9,9
6137,06.08.2021,5:49:01,17.1,59.9,9.2
6138,06.08.2021,6:49:01,17,59.1,8.9
6139,06.08.2021,7:49:01,17,60.7,9.3
6140,06.08.2021,8:49:01,20.2,50.5,9.6
6141,06.08.2021,9:49:01,22.6,55.8,13.3
6142,06.08.2021,10:49:01,24.3,54.1,14.4
6143,06.08.2021,11:49:01,25.2,51.9,14.6
6144,06.08.2021,12:49:01,26,50.2,14.8
6145,06.08.2021,13:49:01,26.6,48.6,14.8
6146,06.08.2021,14:49:01,27.1,49,15.4
6147,06.08.2021,15:49:01,27.5,49,15.8
6148,06.08.2021,16:49:01,27.7,47.8,15.6
6149,06.08.2021,17:49:01,23.5,53.8,13.6
6150,06.08.2021,18:49:01,21.6,55.6,12.3
6151,06.08.2021,19:49:01,20.4,55,11
6152,06.08.2021,20:49:01,19.6,55.3,10.4
6153,06.08.2021,21:49:01,18.8,55.3,9.6
6154,06.08.2021,22:49:01,18.4,55.8,9.4
6155,06.08.2021,23:49:01,18,56.5,9.2
6156,07.08.2021,0:49:01,17.7,57.6,9.2
6157,07.08.2021,1:49:01,17.5,58,9.1
6158,07.08.2021,2:49:01,17.3,59.6,9.3
6159,07.08.2021,3:49:01,17.2,58.7,9
6160,07.08.2021,4:49:01,17.2,60.7,9.5
6161,07.08.2021,5:49:01,17.1,59.5,9.1
6162,07.08.2021,6:49:01,17.1,62,9.7
6163,07.08.2021,7:49:01,17,61.8,9.6
6164,07.08.2021,8:49:01,20.3,51.9,10.1
6165,07.08.2021,9:49:01,22.6,48.2,11.1
6166,07.08.2021,10:49:01,24.1,46.4,11.8
6167,07.08.2021,11:49:01,25.2,45.5,12.5
6168,07.08.2021,12:49:01,26,44.7,13
6169,07.08.2021,13:49:01,26.6,44.2,13.4
6170,07.08.2021,14:49:01,27,52.8,16.5
6171,07.08.2021,15:49:01,27.4,52.1,16.7
6172,07.08.2021,16:49:01,27.5,49.1,15.8
6173,07.08.2021,17:49:01,23.4,55,13.8
6174,07.08.2021,18:49:01,21.5,55.5,12.2
6175,07.08.2021,19:49:01,20.3,56.5,11.3
6176,07.08.2021,20:49:01,19.5,55.5,10.3
6177,07.08.2021,21:49:01,18.9,55.9,9.9
6178,07.08.2021,22:49:01,18.4,56.3,9.5
6179,07.08.2021,23:49:01,17.9,56.1,9
6180,08.08.2021,0:49:01,17.7,57,9
6181,08.08.2021,1:49:01,17.4,57.9,9
6182,08.08.2021,2:49:01,17.3,58.2,9
6183,08.08.2021,3:49:01,17.2,57.9,8.8
6184,08.08.2021,4:49:01,17.1,59.5,9.1
6185,08.08.2021,5:49:01,17.1,58.7,8.9
6186,08.08.2021,6:49:01,16.9,60,9
6187,08.08.2021,7:49:01,17,61.1,9.4
6188,08.08.2021,8:49:01,20.2,50.6,9.6
6189,08.08.2021,9:49:01,22.8,47.2,10.9
6190,08.08.2021,10:49:01,24.3,45.4,11.7
6191,08.08.2021,11:49:01,25.2,53.4,15
6192,08.08.2021,12:49:01,25.9,51.6,15.1
6193,08.08.2021,13:49:01,26.5,49.9,15.2
6194,08.08.2021,14:49:01,27,48.7,15.2
6195,08.08.2021,15:49:01,27.5,48.1,15.5
6196,08.08.2021,16:49:01,27.7,46.7,15.2
6197,08.08.2021,17:49:01,23.6,52.6,13.3
6198,08.08.2021,18:49:01,21.7,53.8,11.9
6199,08.08.2021,19:49:01,20.5,54.2,10.9
6200,08.08.2021,20:49:01,19.6,54.9,10.2
6201,08.08.2021,21:49:01,18.9,54.2,9.4
6202,08.08.2021,22:49:01,18.4,54.4,9
6203,08.08.2021,23:49:01,18,54.9,8.8
6204,09.08.2021,0:49:01,17.7,56.2,8.8
6205,09.08.2021,1:49:01,17.5,58.2,9.2
6206,09.08.2021,2:49:01,17.3,56.9,8.6
6207,09.08.2021,3:49:01,17.3,59.3,9.2
6208,09.08.2021,4:49:01,17.2,58.2,8.9
6209,09.08.2021,5:49:01,17.2,61,9.6
6210,09.08.2021,6:49:01,17.1,60.4,9.3
6211,09.08.2021,7:49:01,17,59.7,9.1
6212,09.08.2021,8:49:01,20.1,50.3,9.4
6213,09.08.2021,9:49:01,21.9,78.6,18
6214,09.08.2021,10:49:01,23.4,67.9,17.1
6215,09.08.2021,11:49:01,24.9,57.7,15.9
6216,09.08.2021,12:49:01,25.9,52.5,15.4
6217,09.08.2021,13:49:01,26.5,49.7,15.1
6218,09.08.2021,14:49:01,27,49.1,15.4
6219,09.08.2021,15:49:01,27.4,47.6,15.2
6220,09.08.2021,16:49:01,27.7,46.6,15.2
6221,09.08.2021,17:49:01,23.7,53,13.5
6222,09.08.2021,18:49:01,21.8,54.2,12.1
6223,09.08.2021,19:49:01,20.5,53.9,10.8
6224,09.08.2021,20:49:01,19.7,53.7,10
6225,09.08.2021,21:49:01,19,54.5,9.6
6226,09.08.2021,22:49:01,18.6,53.7,9
6227,09.08.2021,23:49:01,18.2,54.7,8.9
6228,10.08.2021,0:49:01,17.8,56,8.9
6229,10.08.2021,1:49:01,17.5,55.2,8.4
6230,10.08.2021,2:49:01,17.4,57.2,8.8
6231,10.08.2021,3:49:01,17.3,57,8.7
6232,10.08.2021,4:49:01,17.2,58.6,9
6233,10.08.2021,5:49:01,17.1,58.2,8.8
6234,10.08.2021,6:49:01,17.1,59.2,9
6235,10.08.2021,7:49:01,17.1,59.8,9.2
6236,10.08.2021,8:49:01,20.2,50,9.4
6237,10.08.2021,9:49:01,22.8,46.5,10.7
6238,10.08.2021,10:49:01,24.8,50,13.6
6239,10.08.2021,11:49:01,25.8,55.4,16.1
6240,10.08.2021,12:49:01,26.4,53,16
6241,10.08.2021,13:49:01,26.9,50.9,15.8
6242,10.08.2021,14:49:01,27.3,48.6,15.5
6243,10.08.2021,15:49:01,27.8,47.7,15.6
6244,10.08.2021,16:49:01,28.1,46.1,15.4
6245,10.08.2021,17:49:01,23.9,52.1,13.4
6246,10.08.2021,18:49:01,22,53.4,12
6247,10.08.2021,19:49:01,20.7,54.3,11.1
6248,10.08.2021,20:49:01,19.9,54.5,10.4
6249,10.08.2021,21:49:01,19.3,54.5,9.9
6250,10.08.2021,22:49:01,18.8,54.7,9.4
6251,10.08.2021,23:49:01,18.4,55.7,9.3
6252,11.08.2021,0:49:01,18.1,54.8,8.8
6253,11.08.2021,1:49:01,17.7,55.9,8.7
6254,11.08.2021,2:49:01,17.6,56.8,8.9
6255,11.08.2021,3:49:01,17.4,56.3,8.6
6256,11.08.2021,4:49:01,17.3,57.9,8.9
6257,11.08.2021,5:49:01,17.2,58.2,8.9
6258,11.08.2021,6:49:01,17.1,58.7,8.9
6259,11.08.2021,7:49:01,17.1,57.7,8.7
6260,11.08.2021,8:49:01,20.2,50,9.4
6261,11.08.2021,9:49:01,22.8,46.9,10.8
6262,11.08.2021,10:49:01,24.3,44.8,11.5
6263,11.08.2021,11:49:01,25.4,44.1,12.3
6264,11.08.2021,12:49:01,26.1,53.2,15.8
6265,11.08.2021,13:49:01,26.8,53.1,16.4
6266,11.08.2021,14:49:01,27.3,49.2,15.7
6267,11.08.2021,15:49:01,27.8,47.1,15.4
6268,11.08.2021,16:49:01,27.9,49.6,16.3
6269,11.08.2021,17:49:01,23.7,54.6,14
6270,11.08.2021,18:49:01,21.8,55.1,12.3
6271,11.08.2021,19:49:01,20.6,55.2,11.3
6272,11.08.2021,20:49:01,19.8,54.8,10.4
6273,11.08.2021,21:49:01,19.1,54.9,9.8
6274,11.08.2021,22:49:01,18.6,55.2,9.4
6275,11.08.2021,23:49:01,18.2,55.3,9
6276,12.08.2021,0:49:01,17.9,55.7,8.9
6277,12.08.2021,1:49:01,17.7,56.5,8.9
6278,12.08.2021,2:49:01,17.5,56.7,8.8
6279,12.08.2021,3:49:01,17.3,57,8.7
6280,12.08.2021,4:49:01,17.3,58.2,9
6281,12.08.2021,5:49:01,17.2,57.9,8.8
6282,12.08.2021,6:49:01,17.2,58.6,9
6283,12.08.2021,7:49:01,17.1,58.1,8.8
6284,12.08.2021,8:49:01,20.4,49.7,9.5
6285,12.08.2021,9:49:01,22.9,46.4,10.8
6286,12.08.2021,10:49:01,24.6,52,14
6287,12.08.2021,11:49:01,25.8,55.6,16.2
6288,12.08.2021,12:49:01,27,54.8,17.1
6289,12.08.2021,13:49:01,27.9,53,17.4
6290,12.08.2021,14:49:01,28.4,50,16.9
6291,12.08.2021,15:49:01,28.6,48.4,16.6
6292,12.08.2021,16:49:01,28.7,46.3,16
6293,12.08.2021,17:49:01,24.6,51.9,14
6294,12.08.2021,18:49:01,22.6,53.1,12.5
6295,12.08.2021,19:49:01,21.3,53.7,11.5
6296,12.08.2021,20:49:01,20.3,52.7,10.3
6297,12.08.2021,21:49:01,19.5,52.8,9.6
6298,12.08.2021,22:49:01,19,53.2,9.2
6299,12.08.2021,23:49:01,18.6,53.4,8.9
6300,13.08.2021,0:49:01,18.1,53.6,8.5
6301,13.08.2021,1:49:01,17.9,54.9,8.7
6302,13.08.2021,2:49:01,17.7,55.6,8.7
6303,13.08.2021,3:49:01,17.5,56.5,8.7
6304,13.08.2021,4:49:01,17.4,56.3,8.6
6305,13.08.2021,5:49:01,17.3,56,8.4
6306,13.08.2021,6:49:01,17.3,57.6,8.8
6307,13.08.2021,7:49:01,17.2,56,8.3
6308,13.08.2021,8:49:01,20.7,49.7,9.8
6309,13.08.2021,9:49:01,23.2,49.2,11.9
6310,13.08.2021,10:49:01,24.5,52.1,14
6311,13.08.2021,11:49:01,25.3,50.9,14.4
6312,13.08.2021,12:49:01,26,48.3,14.2
6313,13.08.2021,13:49:01,26.4,46.3,13.9
6314,13.08.2021,14:49:01,26.9,45.1,13.9
6315,13.08.2021,15:49:01,27.4,44,14
6316,13.08.2021,16:49:01,27.6,42.3,13.6
6317,13.08.2021,17:49:01,23.3,48,11.6
6318,13.08.2021,18:49:01,21.5,50,10.6
6319,13.08.2021,19:49:01,20.3,49.5,9.3
6320,13.08.2021,20:49:01,19.4,50.5,8.8
6321,13.08.2021,21:49:01,18.8,50.8,8.4
6322,13.08.2021,22:49:01,18.2,51.3,7.9
6323,13.08.2021,23:49:01,17.9,52.3,7.9
6324,14.08.2021,0:49:01,17.6,52,7.6
6325,14.08.2021,1:49:01,17.5,53.8,8
6326,14.08.2021,2:49:01,17.3,55.5,8.3
6327,14.08.2021,3:49:01,17.2,54.6,7.9
6328,14.08.2021,4:49:01,17.2,56.6,8.5
6329,14.08.2021,5:49:01,17.1,56.3,8.3
6330,14.08.2021,6:49:01,17.1,55.5,8.1
6331,14.08.2021,7:49:01,17,55.4,8
6332,14.08.2021,8:49:01,20.3,47.7,8.8
6333,14.08.2021,9:49:01,22.8,44.2,9.9
6334,14.08.2021,10:49:01,24.2,42.1,10.5
6335,14.08.2021,11:49:01,25.3,42.2,11.5
6336,14.08.2021,12:49:01,26.1,40.9,11.7
6337,14.08.2021,13:49:01,26.4,49.1,14.8
6338,14.08.2021,14:49:01,27.2,51.8,16.4
6339,14.08.2021,15:49:01,27.8,50.1,16.4
6340,14.08.2021,16:49:01,28.7,50.3,17.3
6341,14.08.2021,17:49:01,24.2,52.8,13.9
6342,14.08.2021,18:49:01,22.1,52.7,11.9
6343,14.08.2021,19:49:01,20.8,53.2,10.9
6344,14.08.2021,20:49:01,19.8,52.8,9.8
6345,14.08.2021,21:49:01,19.2,51.6,8.9
6346,14.08.2021,22:49:01,18.6,51.7,8.4
6347,14.08.2021,23:49:01,18.1,52.1,8.1
6348,15.08.2021,0:49:01,17.8,52.5,7.9
6349,15.08.2021,1:49:01,17.6,53.6,8
6350,15.08.2021,2:49:01,17.5,54.9,8.3
6351,15.08.2021,3:49:01,17.4,55.5,8.4
6352,15.08.2021,4:49:01,17.3,54.8,8.1
6353,15.08.2021,5:49:01,17.2,56.1,8.3
6354,15.08.2021,6:49:01,17.2,56.2,8.4
6355,15.08.2021,7:49:01,17.1,55.6,8.1
6356,15.08.2021,8:49:01,20.4,47.9,8.9
6357,15.08.2021,9:49:01,23,43.7,9.9
6358,15.08.2021,10:49:01,24.7,45.9,12.2
6359,15.08.2021,11:49:01,25.8,42.6,12.1
6360,15.08.2021,12:49:01,26.6,41.6,12.4
6361,15.08.2021,13:49:01,27.1,49.6,15.6
6362,15.08.2021,14:49:01,27.5,47.8,15.4
6363,15.08.2021,15:49:01,27.9,44.7,14.7
6364,15.08.2021,16:49:01,28.2,43.7,14.6
6365,15.08.2021,17:49:01,23.9,48.2,12.2
6366,15.08.2021,18:49:01,22,48.9,10.7
6367,15.08.2021,19:49:01,20.8,50.2,10
6368,15.08.2021,20:49:01,19.8,49.6,8.9
6369,15.08.2021,21:49:01,19.2,49.8,8.4
6370,15.08.2021,22:49:01,18.7,50.3,8.1
6371,15.08.2021,23:49:01,18.3,50.9,7.9
6372,16.08.2021,0:49:01,17.9,50,7.3
6373,16.08.2021,1:49:01,17.7,51.4,7.5
6374,16.08.2021,2:49:01,17.6,52.9,7.8
6375,16.08.2021,3:49:01,17.4,51.9,7.4
6376,16.08.2021,4:49:01,17.3,54.4,8
6377,16.08.2021,5:49:01,17.2,53.5,7.6
6378,16.08.2021,6:49:01,17.2,53.9,7.7
6379,16.08.2021,7:49:01,17.2,55.3,8.1
6380,16.08.2021,8:49:01,20.2,46.4,8.3
6381,16.08.2021,9:49:01,22.9,42.4,9.4
6382,16.08.2021,10:49:01,24.5,40.9,10.3
6383,16.08.2021,11:49:01,25.7,54.6,15.8
6384,16.08.2021,12:49:01,26.2,51.4,15.3
6385,16.08.2021,13:49:01,26.7,48.5,14.9
6386,16.08.2021,14:49:01,27.1,44.6,14
6387,16.08.2021,15:49:01,27.5,43.7,14
6388,16.08.2021,16:49:01,27.8,42.3,13.8
6389,16.08.2021,17:49:01,23.7,47.9,12
6390,16.08.2021,18:49:01,21.8,48.5,10.4
6391,16.08.2021,19:49:01,20.5,48.2,9.1
6392,16.08.2021,20:49:01,19.7,49.4,8.8
6393,16.08.2021,21:49:01,18.9,48.5,7.8
6394,16.08.2021,22:49:01,18.5,49,7.5
6395,16.08.2021,23:49:01,18,49.8,7.3
6396,17.08.2021,0:49:01,17.7,50.6,7.3
6397,17.08.2021,1:49:01,17.4,50.9,7.1
6398,17.08.2021,2:49:01,17.3,51.8,7.3
6399,17.08.2021,3:49:01,17.3,52.8,7.5
6400,17.08.2021,4:49:01,17.2,52.6,7.4
6401,17.08.2021,5:49:01,17.1,53,7.4
6402,17.08.2021,6:49:01,17,54.8,7.8
6403,17.08.2021,7:49:01,17.1,55.3,8
6404,17.08.2021,8:49:01,20.1,46.1,8.1
6405,17.08.2021,9:49:01,22.9,44.6,10.2
6406,17.08.2021,10:49:01,24.4,50.7,13.5
6407,17.08.2021,11:49:01,25.5,49,14
6408,17.08.2021,12:49:01,26.4,46.5,14
6409,17.08.2021,13:49:01,27.1,44.8,14
6410,17.08.2021,14:49:01,27.3,42.4,13.4
6411,17.08.2021,15:49:01,27.6,41,13.1
6412,17.08.2021,16:49:01,27.8,40.6,13.1
6413,17.08.2021,17:49:01,23.5,45.1,10.9
6414,17.08.2021,18:49:01,21.6,46.7,9.7
6415,17.08.2021,19:49:01,20.6,47.7,9.1
6416,17.08.2021,20:49:01,19.7,49.5,8.8
6417,17.08.2021,21:49:01,19.3,50.7,8.8
6418,17.08.2021,22:49:01,18.7,50.1,8.1
6419,17.08.2021,23:49:01,18.3,50.4,7.8
6420,18.08.2021,0:49:01,17.9,49.9,7.3
6421,18.08.2021,1:49:01,17.6,51.5,7.4
6422,18.08.2021,2:49:01,17.5,50.5,7.1
6423,18.08.2021,3:49:01,17.4,52.6,7.6
6424,18.08.2021,4:49:01,17.2,52.2,7.3
6425,18.08.2021,5:49:01,17.2,53.5,7.6
6426,18.08.2021,6:49:01,17.1,54.5,7.8
6427,18.08.2021,7:49:01,17.1,54.6,7.8
6428,18.08.2021,8:49:01,20.3,45.9,8.2
6429,18.08.2021,9:49:01,22.8,42.6,9.4
6430,18.08.2021,10:49:01,24.3,53.1,14.1
6431,18.08.2021,11:49:01,25.3,50.9,14.4
6432,18.08.2021,12:49:01,25.9,48.6,14.2
6433,18.08.2021,13:49:01,26.4,45.7,13.7
6434,18.08.2021,14:49:01,26.8,43.9,13.4
6435,18.08.2021,15:49:01,27.2,42.9,13.5
6436,18.08.2021,16:49:01,27.5,42.2,13.5
6437,18.08.2021,17:49:01,23.3,47.6,11.5
6438,18.08.2021,18:49:01,21.5,48.5,10.1
6439,18.08.2021,19:49:01,20.3,49.9,9.5
6440,18.08.2021,20:49:01,19.5,49.7,8.7
6441,18.08.2021,21:49:01,19,49.6,8.2
6442,18.08.2021,22:49:01,18.5,50.1,7.9
6443,18.08.2021,23:49:01,18.1,50.4,7.6
6444,19.08.2021,0:49:01,17.8,51.4,7.6
6445,19.08.2021,1:49:01,17.6,52.6,7.8
6446,19.08.2021,2:49:01,17.5,52.4,7.6
6447,19.08.2021,3:49:01,17.4,54.2,8
6448,19.08.2021,4:49:01,17.3,52.9,7.6
6449,19.08.2021,5:49:01,17.2,55.4,8.1
6450,19.08.2021,6:49:01,17.2,55,8
6451,19.08.2021,7:49:01,17.1,54.1,7.7
6452,19.08.2021,8:49:01,20.3,47.1,8.6
6453,19.08.2021,9:49:01,22.8,44.3,10
6454,19.08.2021,10:49:01,24.9,57.5,15.9
6455,19.08.2021,11:49:01,26,54.8,16.2
6456,19.08.2021,12:49:01,26.3,51.9,15.6
6457,19.08.2021,13:49:01,26.6,49.4,15.1
6458,19.08.2021,14:49:01,26.9,47.5,14.8
6459,19.08.2021,15:49:01,27.3,45.5,14.4
6460,19.08.2021,16:49:01,27.6,43.9,14.2
6461,19.08.2021,17:49:01,23.6,49.6,12.4
6462,19.08.2021,18:49:01,21.8,51.1,11.2
6463,19.08.2021,19:49:01,20.5,50.9,9.9
6464,19.08.2021,20:49:01,19.7,50.3,9
6465,19.08.2021,21:49:01,19,50.1,8.3
6466,19.08.2021,22:49:01,18.5,50.2,7.9
6467,19.08.2021,23:49:01,18,49.6,7.3
6468,20.08.2021,0:49:01,17.7,50,7.1
6469,20.08.2021,1:49:01,17.5,51.1,7.2
6470,20.08.2021,2:49:01,17.3,52.4,7.4
6471,20.08.2021,3:49:01,17.2,50.8,6.9
6472,20.08.2021,4:49:01,17.2,53.7,7.7
6473,20.08.2021,5:49:01,17.1,52,7.1
6474,20.08.2021,6:49:01,17,55.1,7.9
6475,20.08.2021,7:49:01,17,53.7,7.5
6476,20.08.2021,8:49:01,20.3,45.8,8.2
6477,20.08.2021,9:49:01,22.8,41.8,9.1
6478,20.08.2021,10:49:01,23.2,81.6,19.8
6479,20.08.2021,11:49:01,24.1,74,19.1
6480,20.08.2021,12:49:01,25.3,52,14.7
6481,20.08.2021,13:49:01,26.3,45.7,13.6
6482,20.08.2021,14:49:01,26.8,43.5,13.3
6483,20.08.2021,15:49:01,27.2,42.4,13.3
6484,20.08.2021,16:49:01,27.4,40.7,12.8
6485,20.08.2021,17:49:01,23.3,45.6,10.9
6486,20.08.2021,18:49:01,21.5,47.6,9.9
6487,20.08.2021,19:49:01,20.3,47.2,8.6
6488,20.08.2021,20:49:01,19.5,47.9,8.1
6489,20.08.2021,21:49:01,18.9,48.3,7.7
6490,20.08.2021,22:49:01,18.4,48.1,7.2
6491,20.08.2021,23:49:01,18,47.7,6.7
6492,21.08.2021,0:49:01,17.7,48.1,6.5
6493,21.08.2021,1:49:01,17.6,50.3,7.1
6494,21.08.2021,2:49:01,17.4,49,6.5
6495,21.08.2021,3:49:01,17.3,51.4,7.1
6496,21.08.2021,4:49:01,17.2,49.9,6.6
6497,21.08.2021,5:49:01,17.2,52.4,7.3
6498,21.08.2021,6:49:01,17.1,51.8,7.1
6499,21.08.2021,7:49:01,17,51.1,6.8
6500,21.08.2021,8:49:01,20.3,44,7.6
6501,21.08.2021,9:49:01,22.8,41.2,8.9
6502,21.08.2021,10:49:01,24.3,49,12.9
6503,21.08.2021,11:49:01,25.5,50.8,14.5
6504,21.08.2021,12:49:01,26.2,48.5,14.4
6505,21.08.2021,13:49:01,26.7,47.3,14.5
6506,21.08.2021,14:49:01,27.5,46.8,15.1
6507,21.08.2021,15:49:01,28.2,47.5,15.9
6508,21.08.2021,16:49:01,29,47.7,16.7
6509,21.08.2021,17:49:01,25.1,55.3,15.5
6510,21.08.2021,18:49:01,23.6,58.1,14.8
6511,21.08.2021,19:49:01,22.7,58.4,14.1
6512,21.08.2021,20:49:01,22,58.6,13.5
6513,21.08.2021,21:49:01,21.5,59,13.1
6514,21.08.2021,22:49:01,21.1,59.3,12.8
6515,21.08.2021,23:49:01,20.8,59.8,12.7
6516,22.08.2021,0:49:01,20.5,59.5,12.3
6517,22.08.2021,1:49:01,20.3,59.4,12.1
6518,22.08.2021,2:49:01,20.1,59.4,11.9
6519,22.08.2021,3:49:01,19.9,59.4,11.7
6520,22.08.2021,4:49:01,19.8,59.3,11.6
6521,22.08.2021,5:49:01,19.7,59.2,11.5
6522,22.08.2021,6:49:01,19.6,59,11.3
6523,22.08.2021,7:49:01,19.6,58.9,11.3
6524,22.08.2021,8:49:01,23,51.3,12.4
6525,22.08.2021,9:49:01,25.6,56,16.1
6526,22.08.2021,10:49:01,26.7,53.9,16.5
6527,22.08.2021,11:49:01,27.1,48.4,15.2
6528,22.08.2021,12:49:01,27.5,45.4,14.6
6529,22.08.2021,13:49:01,28,45.8,15.2
6530,22.08.2021,14:49:01,28.4,42.9,14.5
6531,22.08.2021,15:49:01,28.6,40.2,13.7
6532,22.08.2021,16:49:01,28.7,39.4,13.5
6533,22.08.2021,17:49:01,24.3,44.5,11.4
6534,22.08.2021,18:49:01,22.4,45.6,10
6535,22.08.2021,19:49:01,21.1,46,9
6536,22.08.2021,20:49:01,20.2,45.6,8
6537,22.08.2021,21:49:01,19.5,45.3,7.3
6538,22.08.2021,22:49:01,18.9,45,6.7
6539,22.08.2021,23:49:01,18.5,44.4,6.1
6540,23.08.2021,0:49:01,18.1,45.1,6
6541,23.08.2021,1:49:01,17.8,45.9,6
6542,23.08.2021,2:49:01,17.6,45.3,5.6
6543,23.08.2021,3:49:01,17.5,46.6,5.9
6544,23.08.2021,4:49:01,17.4,48.1,6.3
6545,23.08.2021,5:49:01,17.2,46.6,5.6
6546,23.08.2021,6:49:01,17.2,49.4,6.5
6547,23.08.2021,7:49:01,17.2,48.6,6.2
6548,23.08.2021,8:49:01,20.3,41.7,6.8
6549,23.08.2021,9:49:01,22.7,38,7.6
6550,23.08.2021,10:49:01,24.2,47.5,12.3
6551,23.08.2021,11:49:01,24.9,44.6,12
6552,23.08.2021,12:49:01,25.6,42.4,11.8
6553,23.08.2021,13:49:01,26.2,39.8,11.4
6554,23.08.2021,14:49:01,26.6,38.6,11.3
6555,23.08.2021,15:49:01,27.1,37.5,11.3
6556,23.08.2021,16:49:01,27.3,36.7,11.2
6557,23.08.2021,17:49:01,23,41.5,9.2
6558,23.08.2021,18:49:01,21.2,43.3,8.2
6559,23.08.2021,19:49:01,20,43.8,7.3
6560,23.08.2021,20:49:01,19.2,44,6.6
6561,23.08.2021,21:49:01,18.5,44.1,6
6562,23.08.2021,22:49:01,18.1,45.1,6
6563,23.08.2021,23:49:01,17.8,45.2,5.7
6564,24.08.2021,0:49:01,17.6,44.9,5.5
6565,24.08.2021,1:49:01,17.5,47.3,6.1
6566,24.08.2021,2:49:01,17.4,46.5,5.8
6567,24.08.2021,3:49:01,17.3,48.7,6.4
6568,24.08.2021,4:49:01,17.3,49.6,6.6
6569,24.08.2021,5:49:01,17.2,49.1,6.4
6570,24.08.2021,6:49:01,17.1,47.6,5.8
6571,24.08.2021,7:49:01,17.1,48.2,6
6572,24.08.2021,8:49:01,20.3,41.9,6.9
6573,24.08.2021,9:49:01,22.7,39.1,8
6574,24.08.2021,10:49:01,24.5,48,12.7
6575,24.08.2021,11:49:01,25.5,44.4,12.4
6576,24.08.2021,12:49:01,26.3,42.7,12.6
6577,24.08.2021,13:49:01,26.7,39.5,11.7
6578,24.08.2021,14:49:01,27,37.8,11.3
6579,24.08.2021,15:49:01,27.2,36.5,11
6580,24.08.2021,16:49:01,27.4,35.9,10.9
6581,24.08.2021,17:49:01,23.1,40.6,8.9
6582,24.08.2021,18:49:01,21.1,42.1,7.7
6583,24.08.2021,19:49:01,19.9,42.7,6.8
6584,24.08.2021,20:49:01,19.1,42.9,6.2
6585,24.08.2021,21:49:01,18.4,43.1,5.6
6586,24.08.2021,22:49:01,18,44.2,5.6
6587,24.08.2021,23:49:01,17.7,44,5.3
6588,25.08.2021,0:49:01,17.6,45.3,5.6
6589,25.08.2021,1:49:01,17.4,45.4,5.4
6590,25.08.2021,2:49:01,17.4,47.9,6.2
6591,25.08.2021,3:49:01,17.3,47.4,6
6592,25.08.2021,4:49:01,17.2,46.8,5.7
6593,25.08.2021,5:49:01,17.1,46.3,5.4
6594,25.08.2021,6:49:01,17,46.4,5.4
6595,25.08.2021,7:49:01,17.1,46.8,5.6
6596,25.08.2021,8:49:01,20.3,40.3,6.3
6597,25.08.2021,9:49:01,22.6,36.9,7.1
6598,25.08.2021,10:49:01,24.3,49.6,13
6599,25.08.2021,11:49:01,25.2,46.4,12.8
6600,25.08.2021,12:49:01,25.9,43,12.3
6601,25.08.2021,13:49:01,26.5,40.1,11.8
6602,25.08.2021,14:49:01,27,38.9,11.8
6603,25.08.2021,15:49:01,27.3,37,11.3
6604,25.08.2021,16:49:01,27.6,36.6,11.4
6605,25.08.2021,17:49:01,23.3,41.3,9.4
6606,25.08.2021,18:49:01,21.4,43.7,8.5
6607,25.08.2021,19:49:01,20.2,44.8,7.8
6608,25.08.2021,20:49:01,19.4,43.9,6.8
6609,25.08.2021,21:49:01,18.6,43.8,6
6610,25.08.2021,22:49:01,18.1,44.6,5.8
6611,25.08.2021,23:49:01,17.8,44,5.3
6612,26.08.2021,0:49:01,17.6,46.4,5.9
6613,26.08.2021,1:49:01,17.4,45.6,5.5
6614,26.08.2021,2:49:01,17.3,47.8,6.1
6615,26.08.2021,3:49:01,17.3,49.1,6.5
6616,26.08.2021,4:49:01,17.2,49,6.4
6617,26.08.2021,5:49:01,17.2,49.1,6.4
6618,26.08.2021,6:49:01,17.1,49.3,6.4
6619,26.08.2021,7:49:01,17.1,49.7,6.5
6620,26.08.2021,8:49:01,20.3,42.4,7.1
6621,26.08.2021,9:49:01,22.6,38.8,7.8
6622,26.08.2021,10:49:01,24,36.5,8.2
6623,26.08.2021,11:49:01,25.1,48.2,13.3
6624,26.08.2021,12:49:01,26.4,48.7,14.7
6625,26.08.2021,13:49:01,27.5,45.1,14.5
6626,26.08.2021,14:49:01,28.5,46.1,15.7
6627,26.08.2021,15:49:01,28.9,41.9,14.6
6628,26.08.2021,16:49:01,29.3,40.6,14.5
6629,26.08.2021,17:49:01,25.2,45.6,12.6
6630,26.08.2021,18:49:01,23.2,47.4,11.3
6631,26.08.2021,19:49:01,21.8,46.1,9.7
6632,26.08.2021,20:49:01,20.6,44.6,8.1
6633,26.08.2021,21:49:01,19.7,44.7,7.3
6634,26.08.2021,22:49:01,19,44.8,6.7
6635,26.08.2021,23:49:01,18.5,44.6,6.2
6636,27.08.2021,0:49:01,18,44.3,5.6
6637,27.08.2021,1:49:01,17.8,45.1,5.7
6638,27.08.2021,2:49:01,17.6,46.6,6
6639,27.08.2021,3:49:01,17.4,47.6,6.1
6640,27.08.2021,4:49:01,17.3,48,6.1
6641,27.08.2021,5:49:01,17.2,47.6,5.9
6642,27.08.2021,6:49:01,17.2,49.8,6.6
6643,27.08.2021,7:49:01,17.2,50.4,6.8
6644,27.08.2021,8:49:01,20.2,42.3,6.9
6645,27.08.2021,9:49:01,23.1,52.5,12.8
6646,27.08.2021,10:49:01,25.2,51.9,14.6
6647,27.08.2021,11:49:01,26.3,47.6,14.2
6648,27.08.2021,12:49:01,27.2,44.8,14.1
6649,27.08.2021,13:49:01,27.9,43.7,14.4
6650,27.08.2021,14:49:01,28.5,42.1,14.3
6651,27.08.2021,15:49:01,29,40.1,14
6652,27.08.2021,16:49:01,29.4,39.3,14.1
6653,27.08.2021,17:49:01,25.4,44.8,12.5
6654,27.08.2021,18:49:01,23.3,45.4,10.8
6655,27.08.2021,19:49:01,21.8,45.5,9.5
6656,27.08.2021,20:49:01,20.7,44.7,8.2
6657,27.08.2021,21:49:01,19.8,44.8,7.4
6658,27.08.2021,22:49:01,19.2,44.8,6.9
6659,27.08.2021,23:49:01,18.7,44.5,6.3
6660,28.08.2021,0:49:01,18.2,44.7,5.9
6661,28.08.2021,1:49:01,17.9,45.6,6
6662,28.08.2021,2:49:01,17.6,44.9,5.5
6663,28.08.2021,3:49:01,17.5,46.3,5.8
6664,28.08.2021,4:49:01,17.4,47.9,6.2
6665,28.08.2021,5:49:01,17.2,47.3,5.8
6666,28.08.2021,6:49:01,17.2,49.2,6.4
6667,28.08.2021,7:49:01,17.2,49.2,6.4
6668,28.08.2021,8:49:01,20.3,41.7,6.8
6669,28.08.2021,9:49:01,23,38.1,7.9
6670,28.08.2021,10:49:01,24.7,37,9
6671,28.08.2021,11:49:01,26.1,36.6,10.1
6672,28.08.2021,12:49:01,27,46,14.3
6673,28.08.2021,13:49:01,27.6,46.5,15.1
6674,28.08.2021,14:49:01,28.2,45.5,15.3
6675,28.08.2021,15:49:01,28.8,42.9,14.9
6676,28.08.2021,16:49:01,29.2,41.5,14.7
6677,28.08.2021,17:49:01,25.2,47.4,13.2
6678,28.08.2021,18:49:01,23.1,47.9,11.4
6679,28.08.2021,19:49:01,21.5,46.4,9.5
6680,28.08.2021,20:49:01,20.5,46.2,8.5
6681,28.08.2021,21:49:01,19.6,46.5,7.8
6682,28.08.2021,22:49:01,19,46.3,7.2
6683,28.08.2021,23:49:01,18.5,45.8,6.6
6684,29.08.2021,0:49:01,18.1,45.3,6
6685,29.08.2021,1:49:01,17.7,45.4,5.7
6686,29.08.2021,2:49:01,17.5,46.2,5.8
6687,29.08.2021,3:49:01,17.3,47.8,6.1
6688,29.08.2021,4:49:01,17.2,47.4,5.9
6689,29.08.2021,5:49:01,17.2,49.6,6.5
6690,29.08.2021,6:49:01,17.1,48.7,6.2
6691,29.08.2021,7:49:01,17.1,48.3,6.1
6692,29.08.2021,8:49:01,20.2,41.3,6.6
6693,29.08.2021,9:49:01,22.9,38.6,8
6694,29.08.2021,10:49:01,24.7,37.4,9.2
6695,29.08.2021,11:49:01,26,37.6,10.4
6696,29.08.2021,12:49:01,27,42.3,13.1
6697,29.08.2021,13:49:01,27.3,40.7,12.7
6698,29.08.2021,14:49:01,27.6,39.5,12.5
6699,29.08.2021,15:49:01,27.7,44.9,14.6
6700,29.08.2021,16:49:01,27,50.8,15.9
6701,29.08.2021,17:49:01,23,52.9,12.8
6702,29.08.2021,18:49:01,21.2,53.4,11.3
6703,29.08.2021,19:49:01,20,51.5,9.7
6704,29.08.2021,20:49:01,19.1,51.6,8.9
6705,29.08.2021,21:49:01,18.6,50,7.9
6706,29.08.2021,22:49:01,18.1,50,7.5
6707,29.08.2021,23:49:01,17.7,50.4,7.2
6708,30.08.2021,0:49:01,17.6,51.9,7.6
6709,30.08.2021,1:49:01,17.3,51,7
6710,30.08.2021,2:49:01,17.3,53.3,7.7
6711,30.08.2021,3:49:01,17.2,51.4,7
6712,30.08.2021,4:49:01,17.2,54.7,8
6713,30.08.2021,5:49:01,17.1,55.1,8
6714,30.08.2021,6:49:01,17.1,54.3,7.8
6715,30.08.2021,7:49:01,17,53.8,7.5
6716,30.08.2021,8:49:01,20.1,46.4,8.2
6717,30.08.2021,9:49:01,22.6,42.7,9.2
6718,30.08.2021,10:49:01,24.1,42.8,10.6
6719,30.08.2021,11:49:01,24.3,55.7,14.8
6720,30.08.2021,12:49:01,25.2,51.2,14.4
6721,30.08.2021,13:49:01,25.8,48.1,13.9
6722,30.08.2021,14:49:01,26,45.7,13.3
6723,30.08.2021,15:49:01,26.2,43.8,12.9
6724,30.08.2021,16:49:01,26.5,42.6,12.7
6725,30.08.2021,17:49:01,22.4,48.7,11
6726,30.08.2021,18:49:01,20.6,50.4,9.9
6727,30.08.2021,19:49:01,19.6,49.8,8.8
6728,30.08.2021,20:49:01,18.8,50.3,8.2
6729,30.08.2021,21:49:01,18.3,50.9,7.9
6730,30.08.2021,22:49:01,17.9,51.7,7.8
6731,30.08.2021,23:49:01,17.6,51.6,7.5
6732,31.08.2021,0:49:01,17.4,52.9,7.7
6733,31.08.2021,1:49:01,17.3,52.6,7.5
6734,31.08.2021,2:49:01,17.2,55.2,8.1
6735,31.08.2021,3:49:01,17.1,54.5,7.8
6736,31.08.2021,4:49:01,17.1,53.7,7.6
6737,31.08.2021,5:49:01,17,54.1,7.6
6738,31.08.2021,6:49:01,17,55.1,7.9
6739,31.08.2021,7:49:01,17,57,8.4
6740,31.08.2021,8:49:01,20.1,46.8,8.3
6741,31.08.2021,9:49:01,22.3,43.1,9.1
6742,31.08.2021,10:49:01,23.6,42,9.9
6743,31.08.2021,11:49:01,24.5,47.1,12.4
6744,31.08.2021,12:49:01,25.4,46.3,13
6745,31.08.2021,13:49:01,26,43.6,12.6
6746,31.08.2021,14:49:01,26.2,42.7,12.5
6747,31.08.2021,15:49:01,26.5,41.3,12.2
6748,31.08.2021,16:49:01,26.7,40.8,12.2
6749,31.08.2021,17:49:01,22.8,46.5,10.7
6750,31.08.2021,18:49:01,21,47.7,9.4
6751,31.08.2021,19:49:01,20,50,9.2
6752,31.08.2021,20:49:01,19.4,50.1,8.7
6753,31.08.2021,21:49:01,18.8,51.3,8.5
6754,31.08.2021,22:49:01,18.5,52.2,8.5
6755,31.08.2021,23:49:01,18.2,51.9,8.1
6756,01.09.2021,0:49:01,17.9,52.5,8
6757,01.09.2021,1:49:01,17.7,53.1,8
6758,01.09.2021,2:49:01,17.6,53.3,7.9
6759,01.09.2021,3:49:01,17.5,54.7,8.2
6760,01.09.2021,4:49:01,17.5,55.3,8.4
6761,01.09.2021,5:49:01,17.4,54.8,8.2
6762,01.09.2021,6:49:01,17.4,56,8.5
6763,01.09.2021,7:49:01,17.3,55.6,8.3
6764,01.09.2021,8:49:01,20.3,47.2,8.6
6765,01.09.2021,9:49:01,22.7,47.7,11
6766,01.09.2021,10:49:01,24,43.7,10.8
6767,01.09.2021,11:49:01,25,43.8,11.8
6768,01.09.2021,12:49:01,25.4,42.4,11.7
6769,01.09.2021,13:49:01,25.8,40.9,11.5
6770,01.09.2021,14:49:01,26.1,41.2,11.8
6771,01.09.2021,15:49:01,26.4,40.1,11.7
6772,01.09.2021,16:49:01,26.6,39.6,11.7
6773,01.09.2021,17:49:01,22.4,44.3,9.6
6774,01.09.2021,18:49:01,20.6,44.6,8.1
6775,01.09.2021,19:49:01,19.4,45.9,7.4
6776,01.09.2021,20:49:01,18.6,45.8,6.7
6777,01.09.2021,21:49:01,18.1,47.7,6.8
6778,01.09.2021,22:49:01,17.8,46.5,6.1
6779,01.09.2021,23:49:01,17.6,49.3,6.8
6780,02.09.2021,0:49:01,17.5,50,6.9
6781,02.09.2021,1:49:01,17.4,50,6.8
6782,02.09.2021,2:49:01,17.4,50.3,6.9
6783,02.09.2021,3:49:01,17.4,51.4,7.2
6784,02.09.2021,4:49:01,17.3,52.6,7.5
6785,02.09.2021,5:49:01,17.2,51.7,7.1
6786,02.09.2021,6:49:01,17.2,49.5,6.5
6787,02.09.2021,7:49:01,17.3,52.9,7.6
6788,02.09.2021,8:49:01,20,59.9,11.9
6789,02.09.2021,9:49:01,22.2,48.5,10.8
6790,02.09.2021,10:49:01,23.3,44.8,10.6
6791,02.09.2021,11:49:01,24.4,44.1,11.3
6792,02.09.2021,12:49:01,25.3,43.1,11.8
6793,02.09.2021,13:49:01,26,41.2,11.8
6794,02.09.2021,14:49:01,26.5,38.8,11.3
6795,02.09.2021,15:49:01,27.1,39,11.9
6796,02.09.2021,16:49:01,27.5,37.3,11.6
6797,02.09.2021,17:49:01,23.5,42.5,10
6798,02.09.2021,18:49:01,21.5,42.6,8.2
6799,02.09.2021,19:49:01,20.1,43.4,7.2
6800,02.09.2021,20:49:01,19.2,43.5,6.4
6801,02.09.2021,21:49:01,18.5,43.9,5.9
6802,02.09.2021,22:49:01,18.1,45.7,6.2
6803,02.09.2021,23:49:01,17.8,45.6,5.9
6804,03.09.2021,0:49:01,17.7,47.7,6.4
6805,03.09.2021,1:49:01,17.6,47.7,6.3
6806,03.09.2021,2:49:01,17.4,47.1,6
6807,03.09.2021,3:49:01,17.4,48.1,6.3
6808,03.09.2021,4:49:01,17.4,50.4,6.9
6809,03.09.2021,5:49:01,17.3,49.9,6.7
6810,03.09.2021,6:49:01,17.2,47.4,5.9
6811,03.09.2021,7:49:01,17.3,50.4,6.9
6812,03.09.2021,8:49:01,20.3,42,6.9
6813,03.09.2021,9:49:01,22.6,38.9,7.9
6814,03.09.2021,10:49:01,24.2,37,8.5
6815,03.09.2021,11:49:01,25.4,43.2,11.9
6816,03.09.2021,12:49:01,26.1,40.9,11.7
6817,03.09.2021,13:49:01,26.6,40,11.8
6818,03.09.2021,14:49:01,27.2,39.6,12.2
6819,03.09.2021,15:49:01,27.6,38.2,12
6820,03.09.2021,16:49:01,27.8,37.2,11.8
6821,03.09.2021,17:49:01,23.2,41.5,9.4
6822,03.09.2021,18:49:01,21.1,41.9,7.6
6823,03.09.2021,19:49:01,19.8,43.6,7
6824,03.09.2021,20:49:01,18.9,43,6
6825,03.09.2021,21:49:01,18.3,44.8,6.1
6826,03.09.2021,22:49:01,18,44.8,5.8
6827,03.09.2021,23:49:01,17.8,47.2,6.4
6828,04.09.2021,0:49:01,17.6,47.3,6.2
6829,04.09.2021,1:49:01,17.5,47.6,6.2
6830,04.09.2021,2:49:01,17.5,48.4,6.4
6831,04.09.2021,3:49:01,17.4,49.2,6.6
6832,04.09.2021,4:49:01,17.3,47.5,6
6833,04.09.2021,5:49:01,17.4,50.2,6.9
6834,04.09.2021,6:49:01,17.3,47.2,5.9
6835,04.09.2021,7:49:01,17.3,50.5,6.9
6836,04.09.2021,8:49:01,20.1,63.7,13
6837,04.09.2021,9:49:01,22.3,52.8,12.2
6838,04.09.2021,10:49:01,23.4,47.5,11.6
6839,04.09.2021,11:49:01,24.1,45.2,11.4
6840,04.09.2021,12:49:01,24.7,43.5,11.4
6841,04.09.2021,13:49:01,25.2,42.3,11.4
6842,04.09.2021,14:49:01,25.5,41.5,11.4
6843,04.09.2021,15:49:01,25.9,39.6,11.1
6844,04.09.2021,16:49:01,26.1,38.4,10.8
6845,04.09.2021,17:49:01,21.9,43.6,8.9
6846,04.09.2021,18:49:01,20,44.8,7.6
6847,04.09.2021,19:49:01,18.9,46.8,7.2
6848,04.09.2021,20:49:01,18.3,47.5,6.9
6849,04.09.2021,21:49:01,17.9,48.6,6.9
6850,04.09.2021,22:49:01,17.7,48.5,6.7
6851,04.09.2021,23:49:01,17.6,50,7
6852,05.09.2021,0:49:01,17.5,52,7.5
6853,05.09.2021,1:49:01,17.3,50,6.7
6854,05.09.2021,2:49:01,17.4,53.4,7.8
6855,05.09.2021,3:49:01,17.3,49.8,6.7
6856,05.09.2021,4:49:01,17.2,53,7.5
6857,05.09.2021,5:49:01,17.3,54.5,8
6858,05.09.2021,6:49:01,17.4,51.9,7.4
6859,05.09.2021,7:49:01,17.2,50.2,6.7
6860,05.09.2021,8:49:01,20.2,43,7.2
6861,05.09.2021,9:49:01,22.3,40,8
6862,05.09.2021,10:49:01,23.6,41.5,9.7
6863,05.09.2021,11:49:01,24.5,41.5,10.5
6864,05.09.2021,12:49:01,24.8,39.3,10
6865,05.09.2021,13:49:01,25.2,38.8,10.1
6866,05.09.2021,14:49:01,25.5,37.7,10
6867,05.09.2021,15:49:01,25.8,36.9,9.9
6868,05.09.2021,16:49:01,26,36.1,9.8
6869,05.09.2021,17:49:01,21.8,40.2,7.6
6870,05.09.2021,18:49:01,19.9,40.6,6.1
6871,05.09.2021,19:49:01,18.8,43.2,6
6872,05.09.2021,20:49:01,18.3,44.2,5.9
6873,05.09.2021,21:49:01,18,44.9,5.8
6874,05.09.2021,22:49:01,17.8,47.2,6.4
6875,05.09.2021,23:49:01,17.6,45.2,5.6
6876,06.09.2021,0:49:01,17.5,47.5,6.2
6877,06.09.2021,1:49:01,17.5,48.7,6.5
6878,06.09.2021,2:49:01,17.6,49.3,6.8
6879,06.09.2021,3:49:01,17.5,49.6,6.8
6880,06.09.2021,4:49:01,17.5,49.9,6.9
6881,06.09.2021,5:49:01,17.4,49.9,6.8
6882,06.09.2021,6:49:01,17.4,49.6,6.7
6883,06.09.2021,7:49:01,17.4,49.6,6.7
6884,06.09.2021,8:49:01,20.6,41.7,7.1
6885,06.09.2021,9:49:01,22.6,37.2,7.2
6886,06.09.2021,10:49:01,23.8,42.2,10.1
6887,06.09.2021,11:49:01,24.5,40.4,10.1
6888,06.09.2021,12:49:01,24.9,38.2,9.6
6889,06.09.2021,13:49:01,25.3,36.7,9.4
6890,06.09.2021,14:49:01,25.5,35.7,9.2
6891,06.09.2021,15:49:01,25.8,35.4,9.3
6892,06.09.2021,16:49:01,26,33.6,8.7
6893,06.09.2021,17:49:01,21.8,37.7,6.7
6894,06.09.2021,18:49:01,19.9,38.9,5.5
6895,06.09.2021,19:49:01,18.9,40.5,5.1
6896,06.09.2021,20:49:01,18.4,43.1,5.6
6897,06.09.2021,21:49:01,18.1,44,5.6
6898,06.09.2021,22:49:01,17.9,44.2,5.5
6899,06.09.2021,23:49:01,17.8,46.5,6.1
6900,07.09.2021,0:49:01,17.8,46.8,6.2
6901,07.09.2021,1:49:01,17.5,45.7,5.6
6902,07.09.2021,2:49:01,17.6,48,6.4
6903,07.09.2021,3:49:01,17.6,48.9,6.7
6904,07.09.2021,4:49:01,17.6,49.2,6.8
6905,07.09.2021,5:49:01,17.6,49.7,6.9
6906,07.09.2021,6:49:01,17.6,49.9,7
6907,07.09.2021,7:49:01,17.6,50,7
6908,07.09.2021,8:49:01,20.7,46.7,8.8
6909,07.09.2021,9:49:01,22.8,43.9,9.8
6910,07.09.2021,10:49:01,23.6,41.2,9.6
6911,07.09.2021,11:49:01,24.2,39.7,9.6
6912,07.09.2021,12:49:01,24.7,38.7,9.7
6913,07.09.2021,13:49:01,25,37.7,9.5
6914,07.09.2021,14:49:01,25.3,36.3,9.2
6915,07.09.2021,15:49:01,25.6,35.9,9.3
6916,07.09.2021,16:49:01,25.9,35.7,9.5
6917,07.09.2021,17:49:01,21.8,40.1,7.6
6918,07.09.2021,18:49:01,20,42,6.7
6919,07.09.2021,19:49:01,19.1,43.5,6.4
6920,07.09.2021,20:49:01,18.5,45,6.3
6921,07.09.2021,21:49:01,18.2,45.6,6.2
6922,07.09.2021,22:49:01,18,48.1,6.8
6923,07.09.2021,23:49:01,17.7,47.8,6.5
6924,08.09.2021,0:49:01,17.7,47.9,6.5
6925,08.09.2021,1:49:01,17.5,48.6,6.5
6926,08.09.2021,2:49:01,17.6,50.1,7
6927,08.09.2021,3:49:01,17.5,48.4,6.4
6928,08.09.2021,4:49:01,17.4,48.6,6.4
6929,08.09.2021,5:49:01,17.4,50.1,6.9
6930,08.09.2021,6:49:01,17.4,50.7,7
6931,08.09.2021,7:49:01,17.5,51,7.2
6932,08.09.2021,8:49:01,20.5,44.7,8
6933,08.09.2021,9:49:01,22.5,41.6,8.8
6934,08.09.2021,10:49:01,23.8,40.3,9.5
6935,08.09.2021,11:49:01,24.4,39.1,9.5
6936,08.09.2021,12:49:01,24.9,38.4,9.7
6937,08.09.2021,13:49:01,25.3,37.8,9.8
6938,08.09.2021,14:49:01,25.7,37.6,10.1
6939,08.09.2021,15:49:01,26,36.1,9.8
6940,08.09.2021,16:49:01,26.3,36.1,10
6941,08.09.2021,17:49:01,22.1,40.8,8.1
6942,08.09.2021,18:49:01,20.3,42.3,7
6943,08.09.2021,19:49:01,19.2,44.3,6.7
6944,08.09.2021,20:49:01,18.6,45.1,6.4
6945,08.09.2021,21:49:01,18.2,45.5,6.2
6946,08.09.2021,22:49:01,18,46.6,6.4
6947,08.09.2021,23:49:01,17.9,48.5,6.8
6948,09.09.2021,0:49:01,17.8,50.4,7.3
6949,09.09.2021,1:49:01,17.6,48.9,6.7
6950,09.09.2021,2:49:01,17.7,51.7,7.6
6951,09.09.2021,3:49:01,17.5,49.9,6.9
6952,09.09.2021,4:49:01,17.5,52.2,7.6
6953,09.09.2021,5:49:01,17.5,50.8,7.2
6954,09.09.2021,6:49:01,17.4,52.3,7.5
6955,09.09.2021,7:49:01,17.5,53.4,7.9
6956,09.09.2021,8:49:01,20.7,47.6,9.1
6957,09.09.2021,9:49:01,22.9,44.1,10
6958,09.09.2021,10:49:01,24,42,10.3
6959,09.09.2021,11:49:01,24.8,41.6,10.8
6960,09.09.2021,12:49:01,25.4,39.4,10.5
6961,09.09.2021,13:49:01,25.7,38.1,10.3
6962,09.09.2021,14:49:01,26.1,37.7,10.5
6963,09.09.2021,15:49:01,26.4,36.6,10.3
6964,09.09.2021,16:49:01,26.7,36.3,10.5
6965,09.09.2021,17:49:01,22.4,39.9,8.1
6966,09.09.2021,18:49:01,20.6,40.9,6.8
6967,09.09.2021,19:49:01,19.4,41.3,5.9
6968,09.09.2021,20:49:01,18.7,42.9,5.8
6969,09.09.2021,21:49:01,18.2,43.1,5.4
6970,09.09.2021,22:49:01,17.9,44.8,5.7
6971,09.09.2021,23:49:01,17.7,44.8,5.5
6972,10.09.2021,0:49:01,17.7,47.5,6.4
6973,10.09.2021,1:49:01,17.6,48.1,6.5
6974,10.09.2021,2:49:01,17.6,47.6,6.3
6975,10.09.2021,3:49:01,17.5,49,6.6
6976,10.09.2021,4:49:01,17.5,49.2,6.7
6977,10.09.2021,5:49:01,17.4,49.1,6.6
6978,10.09.2021,6:49:01,17.4,50.3,6.9
6979,10.09.2021,7:49:01,17.4,49.2,6.6
6980,10.09.2021,8:49:01,20.4,42.2,7.1
6981,10.09.2021,9:49:01,22.6,41.9,9
6982,10.09.2021,10:49:01,23.9,44.3,11
6983,10.09.2021,11:49:01,24.6,40.7,10.3
6984,10.09.2021,12:49:01,25,38.9,10
6985,10.09.2021,13:49:01,25.4,38.9,10.4
6986,10.09.2021,14:49:01,25.8,37.3,10.1
6987,10.09.2021,15:49:01,26,36.6,10
6988,10.09.2021,16:49:01,26.4,37.5,10.7
6989,10.09.2021,17:49:01,22.8,42.2,9.2
6990,10.09.2021,18:49:01,21,42.9,7.9
6991,10.09.2021,19:49:01,19.8,43.4,7
6992,10.09.2021,20:49:01,18.9,42.7,5.9
6993,10.09.2021,21:49:01,18.3,44.3,5.9
6994,10.09.2021,22:49:01,18,45.6,6
6995,10.09.2021,23:49:01,17.8,46.1,6
6996,11.09.2021,0:49:01,17.7,47,6.2
6997,11.09.2021,1:49:01,17.5,46.5,5.9
6998,11.09.2021,2:49:01,17.5,46.5,5.9
6999,11.09.2021,3:49:01,17.4,47.6,6.1
7000,11.09.2021,4:49:01,17.5,47.6,6.2
7001,11.09.2021,5:49:01,17.4,47.5,6.1
7002,11.09.2021,6:49:01,17.4,48.6,6.4
7003,11.09.2021,7:49:01,17.4,47.6,6.1
7004,11.09.2021,8:49:01,20.6,45.4,8.3
7005,11.09.2021,9:49:01,23.3,48.2,11.7
7006,11.09.2021,10:49:01,24.4,43.1,11
7007,11.09.2021,11:49:01,24.9,41.5,10.9
7008,11.09.2021,12:49:01,25.2,39.3,10.3
7009,11.09.2021,13:49:01,25.6,38.9,10.5
7010,11.09.2021,14:49:01,25.9,38.3,10.6
7011,11.09.2021,15:49:01,26.3,37.9,10.8
7012,11.09.2021,16:49:01,26.6,36.5,10.5
7013,11.09.2021,17:49:01,22.7,40.2,8.4
7014,11.09.2021,18:49:01,21,45.3,8.7
7015,11.09.2021,19:49:01,20.3,47.5,8.7
7016,11.09.2021,20:49:01,19.7,47.4,8.2
7017,11.09.2021,21:49:01,19.5,47.5,8
7018,11.09.2021,22:49:01,19.1,47.8,7.7
7019,11.09.2021,23:49:01,18.9,48.1,7.6
7020,12.09.2021,0:49:01,18.8,47.8,7.5
7021,12.09.2021,1:49:01,18.6,47.6,7.2
7022,12.09.2021,2:49:01,18.4,47.6,7
7023,12.09.2021,3:49:01,18.3,47.7,7
7024,12.09.2021,4:49:01,18.2,47.8,6.9
7025,12.09.2021,5:49:01,18.2,47.8,6.9
7026,12.09.2021,6:49:01,18.1,47.8,6.8
7027,12.09.2021,7:49:01,18,47.5,6.6
7028,12.09.2021,8:49:01,21.4,42.3,8
7029,12.09.2021,9:49:01,23.7,40,9.3
7030,12.09.2021,10:49:01,24.8,38.2,9.6
7031,12.09.2021,11:49:01,25.5,38.7,10.4
7032,12.09.2021,12:49:01,26.1,42.4,12.3
7033,12.09.2021,13:49:01,26.3,39.9,11.5
7034,12.09.2021,14:49:01,26.6,38.1,11.1
7035,12.09.2021,15:49:01,26.8,38.2,11.3
7036,12.09.2021,16:49:01,27,36.8,10.9
7037,12.09.2021,17:49:01,22.9,40.3,8.7
7038,12.09.2021,18:49:01,21,42,7.6
7039,12.09.2021,19:49:01,19.8,41.1,6.2
7040,12.09.2021,20:49:01,18.9,41.7,5.6
7041,12.09.2021,21:49:01,18.5,43.9,5.9
7042,12.09.2021,22:49:01,18.1,43.8,5.6
7043,12.09.2021,23:49:01,17.8,44.1,5.4
7044,13.09.2021,0:49:01,17.6,44.7,5.4
7045,13.09.2021,1:49:01,17.6,45.6,5.7
7046,13.09.2021,2:49:01,17.6,47.1,6.1
7047,13.09.2021,3:49:01,17.5,48.1,6.4
7048,13.09.2021,4:49:01,17.4,47.8,6.2
7049,13.09.2021,5:49:01,17.4,47.5,6.1
7050,13.09.2021,6:49:01,17.4,49,6.5
7051,13.09.2021,7:49:01,17.3,47.4,6
7052,13.09.2021,8:49:01,20.4,42.8,7.3
7053,13.09.2021,9:49:01,22.4,37.5,7.2
7054,13.09.2021,10:49:01,23.8,37.8,8.5
7055,13.09.2021,11:49:01,24.7,40,10.2
7056,13.09.2021,12:49:01,25.3,41.3,11.2
7057,13.09.2021,13:49:01,25.8,39.9,11.1
7058,13.09.2021,14:49:01,26.2,38.5,10.9
7059,13.09.2021,15:49:01,26.6,38.3,11.2
7060,13.09.2021,16:49:01,26.8,37,10.8
7061,13.09.2021,17:49:01,22.7,41.8,9
7062,13.09.2021,18:49:01,20.8,42.3,7.5
7063,13.09.2021,19:49:01,19.6,42,6.3
7064,13.09.2021,20:49:01,18.7,42.3,5.6
7065,13.09.2021,21:49:01,18.2,44.1,5.7
7066,13.09.2021,22:49:01,17.8,43.8,5.3
7067,13.09.2021,23:49:01,17.6,45.2,5.6
7068,14.09.2021,0:49:01,17.5,45.6,5.6
7069,14.09.2021,1:49:01,17.5,45.1,5.4
7070,14.09.2021,2:49:01,17.5,47.2,6.1
7071,14.09.2021,3:49:01,17.3,46.5,5.7
7072,14.09.2021,4:49:01,17.5,47.1,6.1
7073,14.09.2021,5:49:01,17.2,45.2,5.2
7074,14.09.2021,6:49:01,17.3,46.5,5.7
7075,14.09.2021,7:49:01,17.4,46.9,5.9
7076,14.09.2021,8:49:01,20.4,41.8,6.9
7077,14.09.2021,9:49:01,22.4,38.4,7.5
7078,14.09.2021,10:49:01,23.5,36.9,7.9
7079,14.09.2021,11:49:01,24.2,35.3,7.9
7080,14.09.2021,12:49:01,24.7,34.5,8
7081,14.09.2021,13:49:01,25.1,33.6,7.9
7082,14.09.2021,14:49:01,25.4,32,7.5
7083,14.09.2021,15:49:01,25.8,31.5,7.6
7084,14.09.2021,16:49:01,26,31,7.5
7085,14.09.2021,17:49:01,21.8,34.9,5.6
7086,14.09.2021,18:49:01,20,35.8,4.4
7087,14.09.2021,19:49:01,18.8,37.5,4
7088,14.09.2021,20:49:01,18.3,38,3.7
7089,14.09.2021,21:49:01,17.9,39.4,3.9
7090,14.09.2021,22:49:01,17.8,37.9,3.2
7091,14.09.2021,23:49:01,17.7,39.9,3.9
7092,15.09.2021,0:49:01,17.6,40.6,4
7093,15.09.2021,1:49:01,17.6,41,4.2
7094,15.09.2021,2:49:01,17.7,41.3,4.4
7095,15.09.2021,3:49:01,17.6,41.6,4.4
7096,15.09.2021,4:49:01,17.5,42,4.4
7097,15.09.2021,5:49:01,17.5,42.2,4.5
7098,15.09.2021,6:49:01,17.5,42.4,4.5
7099,15.09.2021,7:49:01,17.4,42.8,4.6
7100,15.09.2021,8:49:01,20.5,41.2,6.8
7101,15.09.2021,9:49:01,22.4,37.5,7.2
7102,15.09.2021,10:49:01,23.5,35.3,7.2
7103,15.09.2021,11:49:01,24.1,34.3,7.3
7104,15.09.2021,12:49:01,24.6,33.8,7.6
7105,15.09.2021,13:49:01,25.1,32.5,7.4
7106,15.09.2021,14:49:01,25.5,32.2,7.6
7107,15.09.2021,15:49:01,25.7,31.7,7.6
7108,15.09.2021,16:49:01,25.9,31.7,7.8
7109,15.09.2021,17:49:01,21.7,35.3,5.7
7110,15.09.2021,18:49:01,19.9,36.3,4.5
7111,15.09.2021,19:49:01,19.2,38.3,4.6
7112,15.09.2021,20:49:01,18.8,41.1,5.3
7113,15.09.2021,21:49:01,18.6,41.5,5.2
7114,15.09.2021,22:49:01,18.6,42.6,5.6
7115,15.09.2021,23:49:01,18.5,44.4,6.1
7116,16.09.2021,0:49:01,18.3,44.7,6
7117,16.09.2021,1:49:01,18.2,44.9,6
7118,16.09.2021,2:49:01,18,44.9,5.8
7119,16.09.2021,3:49:01,17.9,44.6,5.6
7120,16.09.2021,4:49:01,18.1,43.2,5.4
7121,16.09.2021,5:49:01,18.1,45.6,6.1
7122,16.09.2021,6:49:01,17.9,45.8,6
7123,16.09.2021,7:49:01,17.8,45.2,5.7
7124,16.09.2021,8:49:01,20.8,43.9,8
7125,16.09.2021,9:49:01,22.6,38.2,7.6
7126,16.09.2021,10:49:01,23.6,36.3,7.7
7127,16.09.2021,11:49:01,24.2,34.9,7.7
7128,16.09.2021,12:49:01,24.8,35.3,8.4
7129,16.09.2021,13:49:01,25.2,31.8,7.2
7130,16.09.2021,14:49:01,25.5,32.5,7.8
7131,16.09.2021,15:49:01,25.6,32.1,7.7
7132,16.09.2021,16:49:01,25.5,31.9,7.5
7133,16.09.2021,17:49:01,21.3,36.8,5.9
7134,16.09.2021,18:49:01,19.7,39,5.3
7135,16.09.2021,19:49:01,18.6,40.7,4.9
7136,16.09.2021,20:49:01,17.9,42.1,4.8
7137,16.09.2021,21:49:01,17.3,43.5,4.7
7138,16.09.2021,22:49:01,16.8,45,4.8
7139,16.09.2021,23:49:01,16.4,46.3,4.8
7140,17.09.2021,0:49:01,16.1,45.7,4.3
7141,17.09.2021,1:49:01,15.9,44.2,3.7
7142,17.09.2021,2:49:01,15.6,44.8,3.6
7143,17.09.2021,3:49:01,15.5,44.8,3.5
7144,17.09.2021,4:49:01,15.3,45.2,3.5
7145,17.09.2021,5:49:01,15.2,45.4,3.4
7146,17.09.2021,6:49:01,15.1,44.7,3.1
7147,17.09.2021,7:49:01,15,43.7,2.7
7148,17.09.2021,8:49:01,18.6,38.4,4.1
7149,17.09.2021,9:49:01,21.1,31.6,3.6
7150,17.09.2021,10:49:01,22.3,29.6,3.7
7151,17.09.2021,11:49:01,23.2,28.3,3.8
7152,17.09.2021,12:49:01,24,29.8,5.2
7153,17.09.2021,13:49:01,24.4,29.1,5.2
7154,17.09.2021,14:49:01,24.7,28,4.9
7155,17.09.2021,15:49:01,25.4,37.6,9.8
7156,17.09.2021,16:49:01,25.3,34.1,8.3
7157,17.09.2021,17:49:01,21,37.7,6
7158,17.09.2021,18:49:01,19.1,37.8,4.3
7159,17.09.2021,19:49:01,18.1,39.4,4
7160,17.09.2021,20:49:01,17.5,39.2,3.4
7161,17.09.2021,21:49:01,17.3,41.1,3.9
7162,17.09.2021,22:49:01,17,41,3.6
7163,17.09.2021,23:49:01,17.1,42.8,4.3
7164,18.09.2021,0:49:01,17.1,43.7,4.6
7165,18.09.2021,1:49:01,17,42.7,4.2
7166,18.09.2021,2:49:01,17,42.8,4.2
7167,18.09.2021,3:49:01,17,44.7,4.8
7168,18.09.2021,4:49:01,17,44.7,4.8
7169,18.09.2021,5:49:01,16.9,44.2,4.6
7170,18.09.2021,6:49:01,16.8,43.2,4.2
7171,18.09.2021,7:49:01,16.8,41.3,3.5
7172,18.09.2021,8:49:01,20,37.1,4.9
7173,18.09.2021,9:49:01,21.6,32.4,4.3
7174,18.09.2021,10:49:01,22.5,30.6,4.3
7175,18.09.2021,11:49:01,23.3,29.9,4.7
7176,18.09.2021,12:49:01,24.5,41,10.3
7177,18.09.2021,13:49:01,25.3,39.3,10.4
7178,18.09.2021,14:49:01,25.5,36.1,9.3
7179,18.09.2021,15:49:01,25.5,33.5,8.2
7180,18.09.2021,16:49:01,25.4,31.9,7.4
7181,18.09.2021,17:49:01,21.1,34.8,4.9
7182,18.09.2021,18:49:01,19.2,35.2,3.4
7183,18.09.2021,19:49:01,18.2,37.8,3.5
7184,18.09.2021,20:49:01,17.7,38.8,3.5
7185,18.09.2021,21:49:01,17.4,37.1,2.6
7186,18.09.2021,22:49:01,17.2,39.5,3.3
7187,18.09.2021,23:49:01,17.2,40,3.4
7188,19.09.2021,0:49:01,17.1,40.3,3.5
7189,19.09.2021,1:49:01,17.1,40.2,3.4
7190,19.09.2021,2:49:01,17,40.1,3.3
7191,19.09.2021,3:49:01,16.9,39.2,2.9
7192,19.09.2021,4:49:01,17.2,40.2,3.5
7193,19.09.2021,5:49:01,17,40.6,3.5
7194,19.09.2021,6:49:01,16.9,40,3.2
7195,19.09.2021,7:49:01,17.2,40.1,3.5
7196,19.09.2021,8:49:01,20,34.7,3.9
7197,19.09.2021,9:49:01,21.8,31,3.9
7198,19.09.2021,10:49:01,22.7,31.5,4.9
7199,19.09.2021,11:49:01,22.8,54.3,13
7200,19.09.2021,12:49:01,23.1,42.3,9.6
7201,19.09.2021,13:49:01,23.4,40,9
7202,19.09.2021,14:49:01,23.7,39,8.9
7203,19.09.2021,15:49:01,23.9,37.9,8.6
7204,19.09.2021,16:49:01,23.3,37.2,7.8
7205,19.09.2021,17:49:01,19.3,41.3,5.8
7206,19.09.2021,18:49:01,17.9,43.2,5.2
7207,19.09.2021,19:49:01,17.5,43.5,4.9
7208,19.09.2021,20:49:01,17.2,46.8,5.7
7209,19.09.2021,21:49:01,17.1,48.1,6
7210,19.09.2021,22:49:01,16.9,48.9,6
7211,19.09.2021,23:49:01,16.9,48.8,6
7212,20.09.2021,0:49:01,16.9,46.2,5.2
7213,20.09.2021,1:49:01,17.1,52.3,7.2
7214,20.09.2021,2:49:01,17,53.3,7.4
7215,20.09.2021,3:49:01,16.8,50.7,6.5
7216,20.09.2021,4:49:01,17.1,51.2,6.9
7217,20.09.2021,5:49:01,16.9,53.5,7.4
7218,20.09.2021,6:49:01,16.9,47.5,5.6
7219,20.09.2021,7:49:01,17,54.1,7.6
7220,20.09.2021,8:49:01,20,44,7.3
7221,20.09.2021,9:49:01,20.9,38.6,6.2
7222,20.09.2021,10:49:01,21.8,36.9,6.4
7223,20.09.2021,11:49:01,22.6,48.2,11.1
7224,20.09.2021,12:49:01,23.2,44.8,10.5
7225,20.09.2021,13:49:01,23.4,44.3,10.5
7226,20.09.2021,14:49:01,23.6,42.5,10.1
7227,20.09.2021,15:49:01,23.9,40.9,9.8
7228,20.09.2021,16:49:01,23.3,39.4,8.7
7229,20.09.2021,17:49:01,19.3,45.4,7.2
7230,20.09.2021,18:49:01,17.9,47.5,6.5
7231,20.09.2021,19:49:01,17.5,48.6,6.5
7232,20.09.2021,20:49:01,17.2,51,6.9
7233,20.09.2021,21:49:01,17,53.6,7.5
7234,20.09.2021,22:49:01,16.9,54.2,7.5
7235,20.09.2021,23:49:01,16.8,52.1,6.9
7236,21.09.2021,0:49:01,17,53.1,7.3
7237,21.09.2021,1:49:01,16.9,59.1,8.8
7238,21.09.2021,2:49:01,16.8,58.7,8.6
7239,21.09.2021,3:49:01,16.8,52.1,6.9
7240,21.09.2021,4:49:01,16.9,58.9,8.8
7241,21.09.2021,5:49:01,16.8,59.8,8.9
7242,21.09.2021,6:49:01,16.8,52.9,7.1
7243,21.09.2021,7:49:01,16.9,60,9
7244,21.09.2021,8:49:01,20,46.8,8.2
7245,21.09.2021,9:49:01,20.9,40.9,7.1
7246,21.09.2021,10:49:01,21.8,40.4,7.7
7247,21.09.2021,11:49:01,22.7,43,9.4
7248,21.09.2021,12:49:01,23.6,45.4,11.1
7249,21.09.2021,13:49:01,24.2,43.6,11
7250,21.09.2021,14:49:01,24.3,40.4,9.9
7251,21.09.2021,15:49:01,24.4,39.3,9.6
7252,21.09.2021,16:49:01,23.7,38.3,8.6
7253,21.09.2021,17:49:01,19.6,42.4,6.4
7254,21.09.2021,18:49:01,18.2,44.7,5.9
7255,21.09.2021,19:49:01,17.6,45.7,5.7
7256,21.09.2021,20:49:01,17.4,49.9,6.8
7257,21.09.2021,21:49:01,17.3,51.5,7.2
7258,21.09.2021,22:49:01,17.2,53,7.5
7259,21.09.2021,23:49:01,17,53.5,7.4
7260,22.09.2021,0:49:01,17.1,55.5,8.1
7261,22.09.2021,1:49:01,16.9,56,8
7262,22.09.2021,2:49:01,16.8,55.6,7.8
7263,22.09.2021,3:49:01,16.8,50.7,6.5
7264,22.09.2021,4:49:01,17,56.9,8.4
7265,22.09.2021,5:49:01,16.8,55.9,7.9
7266,22.09.2021,6:49:01,17.1,56.3,8.3
7267,22.09.2021,7:49:01,16.8,56.8,8.1
7268,22.09.2021,8:49:01,20,46.1,8
7269,22.09.2021,9:49:01,21,43.7,8.1
7270,22.09.2021,10:49:01,22.1,42,8.5
7271,22.09.2021,11:49:01,22.8,42.1,9.2
7272,22.09.2021,12:49:01,23.4,40.2,9.1
7273,22.09.2021,13:49:01,23.6,38.9,8.8
7274,22.09.2021,14:49:01,24,38.9,9.1
7275,22.09.2021,15:49:01,24.3,37.3,8.8
7276,22.09.2021,16:49:01,23.6,36.4,7.8
7277,22.09.2021,17:49:01,19.5,42.1,6.2
7278,22.09.2021,18:49:01,18.2,45,6
7279,22.09.2021,19:49:01,17.6,45.5,5.6
7280,22.09.2021,20:49:01,17.4,48.4,6.4
7281,22.09.2021,21:49:01,17.3,49.7,6.7
7282,22.09.2021,22:49:01,17.2,50.7,6.8
7283,22.09.2021,23:49:01,17,52,7
7284,23.09.2021,0:49:01,16.9,52,6.9
7285,23.09.2021,1:49:01,16.9,51.4,6.8
7286,23.09.2021,2:49:01,16.9,49.2,6.1
7287,23.09.2021,3:49:01,17.1,52.7,7.3
7288,23.09.2021,4:49:01,17,54.8,7.8
7289,23.09.2021,5:49:01,16.8,54,7.4
7290,23.09.2021,6:49:01,16.8,51.3,6.7
7291,23.09.2021,7:49:01,17,53.6,7.5
7292,23.09.2021,8:49:01,20,52.6,10
7293,23.09.2021,9:49:01,21,47.1,9.2
7294,23.09.2021,10:49:01,22,43.6,9
7295,23.09.2021,11:49:01,22.9,41.2,9
7296,23.09.2021,12:49:01,23.5,41.6,9.7
7297,23.09.2021,13:49:01,24.3,41.9,10.5
7298,23.09.2021,14:49:01,24.7,41.7,10.8
7299,23.09.2021,15:49:01,25.2,42.6,11.5
7300,23.09.2021,16:49:01,24.8,39.5,10.1
7301,23.09.2021,17:49:01,20.3,49.5,9.3
7302,23.09.2021,18:49:01,18.5,48.8,7.5
7303,23.09.2021,19:49:01,17.8,52.2,7.8
7304,23.09.2021,20:49:01,17.4,52.2,7.5
7305,23.09.2021,21:49:01,17.2,51.8,7.2
7306,23.09.2021,22:49:01,17,51.7,6.9
7307,23.09.2021,23:49:01,16.9,52.6,7.1
7308,24.09.2021,0:49:01,16.9,53.4,7.3
7309,24.09.2021,1:49:01,16.9,51.9,6.9
7310,24.09.2021,2:49:01,17.1,53.3,7.5
7311,24.09.2021,3:49:01,17,56.4,8.2
7312,24.09.2021,4:49:01,16.8,55.7,7.9
7313,24.09.2021,5:49:01,17,52.7,7.2
7314,24.09.2021,6:49:01,16.9,55.5,7.9
7315,24.09.2021,7:49:01,16.8,51.7,6.8
7316,24.09.2021,8:49:01,19.9,44.7,7.5
7317,24.09.2021,9:49:01,21,42.6,7.8
7318,24.09.2021,10:49:01,22.4,47,10.5
7319,24.09.2021,11:49:01,23.1,42.7,9.7
7320,24.09.2021,12:49:01,23.5,40.9,9.4
7321,24.09.2021,13:49:01,23.8,40.7,9.6
7322,24.09.2021,14:49:01,24.4,39.6,9.7
7323,24.09.2021,15:49:01,24.7,38.2,9.5
7324,24.09.2021,16:49:01,24.4,39.5,9.7
7325,24.09.2021,17:49:01,20.2,42.4,7
7326,24.09.2021,18:49:01,18.8,44.6,6.4
7327,24.09.2021,19:49:01,17.9,46.3,6.2
7328,24.09.2021,20:49:01,17.5,47.8,6.3
7329,24.09.2021,21:49:01,17.4,48.2,6.3
7330,24.09.2021,22:49:01,17.1,46.7,5.6
7331,24.09.2021,23:49:01,17.1,46.9,5.6
7332,25.09.2021,0:49:01,17.1,48,6
7333,25.09.2021,1:49:01,17.2,50.7,6.8
7334,25.09.2021,2:49:01,17.1,53.2,7.5
7335,25.09.2021,3:49:01,17,52.8,7.3
7336,25.09.2021,4:49:01,16.9,49.5,6.2
7337,25.09.2021,5:49:01,17.1,54.1,7.7
7338,25.09.2021,6:49:01,16.9,53.3,7.3
7339,25.09.2021,7:49:01,17,49.1,6.2
7340,25.09.2021,8:49:01,20,44.7,7.6
7341,25.09.2021,9:49:01,21.1,40.2,7
7342,25.09.2021,10:49:01,20.6,83.8,17.7
7343,25.09.2021,11:49:01,22.3,74.1,17.4
7344,25.09.2021,12:49:01,23.7,56.4,14.5
7345,25.09.2021,13:49:01,24.4,45.6,11.9
7346,25.09.2021,14:49:01,24.8,42.1,11
7347,25.09.2021,15:49:01,26,40,11.3
7348,25.09.2021,16:49:01,24.2,40.3,9.8
7349,25.09.2021,17:49:01,19.8,45.2,7.5
7350,25.09.2021,18:49:01,18.4,47.2,6.9
7351,25.09.2021,19:49:01,17.8,49.1,6.9
7352,25.09.2021,20:49:01,17.5,51.5,7.4
7353,25.09.2021,21:49:01,17.3,51.3,7.1
7354,25.09.2021,22:49:01,17.1,50.6,6.7
7355,25.09.2021,23:49:01,17,52.3,7.1
7356,26.09.2021,0:49:01,17,53.3,7.4
7357,26.09.2021,1:49:01,17,53.9,7.6
7358,26.09.2021,2:49:01,16.9,54.4,7.6
7359,26.09.2021,3:49:01,16.9,53.4,7.3
7360,26.09.2021,4:49:01,17.1,53.8,7.6
7361,26.09.2021,5:49:01,17,57.1,8.4
7362,26.09.2021,6:49:01,17,56.8,8.3
7363,26.09.2021,7:49:01,16.9,55.7,7.9
7364,26.09.2021,8:49:01,20.5,47.5,8.9
7365,26.09.2021,9:49:01,21.4,41.1,7.6
7366,26.09.2021,10:49:01,22.1,51,11.4
7367,26.09.2021,11:49:01,23.3,45.8,10.9
7368,26.09.2021,12:49:01,24.3,44.1,11.3
7369,26.09.2021,13:49:01,24.5,43.4,11.2
7370,26.09.2021,14:49:01,24.8,42.3,11.1
7371,26.09.2021,15:49:01,25.2,41,11
7372,26.09.2021,16:49:01,24.6,40.7,10.3
7373,26.09.2021,17:49:01,20.2,46.7,8.4
7374,26.09.2021,18:49:01,18.8,49,7.8
7375,26.09.2021,19:49:01,18.2,52.9,8.4
7376,26.09.2021,20:49:01,17.7,52.6,7.8
7377,26.09.2021,21:49:01,17.5,53.1,7.8
7378,26.09.2021,22:49:01,17.4,54.4,8.1
7379,26.09.2021,23:49:01,17.3,57,8.7
7380,27.09.2021,0:49:01,17.1,55.5,8.1
7381,27.09.2021,1:49:01,17.1,58.6,8.9
7382,27.09.2021,2:49:01,17.1,55.5,8.1
7383,27.09.2021,3:49:01,17.1,55.8,8.2
7384,27.09.2021,4:49:01,16.9,57.7,8.5
7385,27.09.2021,5:49:01,17,58.4,8.7
7386,27.09.2021,6:49:01,17,58.6,8.8
7387,27.09.2021,7:49:01,16.9,59,8.8
7388,27.09.2021,8:49:01,19.8,48.8,8.7
7389,27.09.2021,9:49:01,19.5,78.5,15.6
7390,27.09.2021,10:49:01,20.9,67,14.5
7391,27.09.2021,11:49:01,19.9,60.4,12
7392,27.09.2021,12:49:01,19.7,57,10.9
7393,27.09.2021,13:49:01,19.9,54.5,10.4
7394,27.09.2021,14:49:01,20.5,57.5,11.8
7395,27.09.2021,15:49:01,21.2,57.7,12.5
7396,27.09.2021,16:49:01,20.5,53.8,10.8
7397,27.09.2021,17:49:01,19,51.1,8.6
7398,27.09.2021,18:49:01,18,50.3,7.5
7399,27.09.2021,19:49:01,17.6,51.3,7.4
7400,27.09.2021,20:49:01,17.4,52.3,7.5
7401,27.09.2021,21:49:01,17.2,52.6,7.4
7402,27.09.2021,22:49:01,17,54.5,7.7
7403,27.09.2021,23:49:01,17,55.1,7.9
7404,28.09.2021,0:49:01,16.9,54.5,7.6
7405,28.09.2021,1:49:01,16.9,52.1,7
7406,28.09.2021,2:49:01,17.2,57.9,8.8
7407,28.09.2021,3:49:01,17,58.1,8.7
7408,28.09.2021,4:49:01,16.9,55.4,7.9
7409,28.09.2021,5:49:01,17.2,57.8,8.8
7410,28.09.2021,6:49:01,16.9,56.3,8.1
7411,28.09.2021,7:49:01,17.2,57.1,8.6
7412,28.09.2021,8:49:01,17.3,54,7.9
7413,28.09.2021,9:49:01,16.7,88.6,14.8
7414,28.09.2021,10:49:01,18.2,91.2,16.7
7415,28.09.2021,11:49:01,19.2,86.9,16.9
7416,28.09.2021,12:49:01,19.7,82.7,16.6
7417,28.09.2021,13:49:01,20.2,80.2,16.6
7418,28.09.2021,14:49:01,20.5,74.3,15.7
7419,28.09.2021,15:49:01,20.5,63.9,13.4
7420,28.09.2021,16:49:01,19.6,55.2,10.3
7421,28.09.2021,17:49:01,18.4,49.9,7.7
7422,28.09.2021,18:49:01,17.7,50.5,7.3
7423,28.09.2021,19:49:01,17.4,51.7,7.3
7424,28.09.2021,20:49:01,17.4,53.5,7.8
7425,28.09.2021,21:49:01,17.3,54.7,8.1
7426,28.09.2021,22:49:01,17.2,55.2,8.1
7427,28.09.2021,23:49:01,17,52.7,7.2
7428,29.09.2021,0:49:01,17.3,55.5,8.3
7429,29.09.2021,1:49:01,17,54.2,7.6
7430,29.09.2021,2:49:01,17.2,55.5,8.2
7431,29.09.2021,3:49:01,17.4,52.6,7.6
7432,29.09.2021,4:49:01,17.1,54.8,7.9
7433,29.09.2021,5:49:01,17.3,54.5,8
7434,29.09.2021,6:49:01,17.2,49.2,6.4
7435,29.09.2021,7:49:01,17.1,55.3,8
7436,29.09.2021,8:49:01,17.3,51.5,7.2
7437,29.09.2021,9:49:01,17.3,49.2,6.5
7438,29.09.2021,10:49:01,18.2,47.7,6.9
7439,29.09.2021,11:49:01,18.9,45.8,6.9
7440,29.09.2021,12:49:01,20.1,72.9,15
7441,29.09.2021,13:49:01,23.3,54,13.4
7442,29.09.2021,14:49:01,23.8,47.3,11.9
7443,29.09.2021,15:49:01,23.8,45,11.1
7444,29.09.2021,16:49:01,23.1,41.8,9.4
7445,29.09.2021,17:49:01,19,47.1,7.4
7446,29.09.2021,18:49:01,17.6,47.9,6.4
7447,29.09.2021,19:49:01,17.2,48.8,6.3
7448,29.09.2021,20:49:01,17,52.9,7.3
7449,29.09.2021,21:49:01,16.9,51.4,6.8
7450,29.09.2021,22:49:01,16.7,50.4,6.3
7451,29.09.2021,23:49:01,16.6,50.6,6.3
7452,30.09.2021,0:49:01,16.7,51.7,6.7
7453,30.09.2021,1:49:01,16.8,54.8,7.6
7454,30.09.2021,2:49:01,16.7,57.5,8.2
7455,30.09.2021,3:49:01,16.6,56.7,7.9
7456,30.09.2021,4:49:01,16.5,53.7,7
7457,30.09.2021,5:49:01,16.8,58,8.4
7458,30.09.2021,6:49:01,16.6,57.2,8.1
7459,30.09.2021,7:49:01,16.5,53.3,6.9
7460,30.09.2021,8:49:01,19.5,46.8,7.8
7461,30.09.2021,9:49:01,20.5,70.7,14.9
7462,30.09.2021,10:49:01,21.2,56.3,12.1
7463,30.09.2021,11:49:01,22.5,53.4,12.5
7464,30.09.2021,12:49:01,23.4,50.2,12.4
7465,30.09.2021,13:49:01,24,47,11.9
7466,30.09.2021,14:49:01,24.5,46.7,12.3
7467,30.09.2021,15:49:01,24.8,46,12.3
7468,30.09.2021,16:49:01,24.3,41.4,10.3
7469,30.09.2021,17:49:01,19.8,45,7.5
7470,30.09.2021,18:49:01,19.2,50.6,8.7
7471,30.09.2021,19:49:01,19.3,55.3,10.1
7472,30.09.2021,20:49:01,18.2,51.5,8
7473,30.09.2021,21:49:01,17.6,51.3,7.4
7474,30.09.2021,22:49:01,17.4,51.7,7.3
7475,30.09.2021,23:49:01,17.2,49.4,6.5
7476,01.10.2021,0:49:01,17.3,55.4,8.2
7477,01.10.2021,1:49:01,17,52.9,7.3
7478,01.10.2021,2:49:01,17.3,55.4,8.2
7479,01.10.2021,3:49:01,16.9,53.9,7.5
7480,01.10.2021,4:49:01,17.1,55.5,8.1
7481,01.10.2021,5:49:01,16.8,51.9,6.8
7482,01.10.2021,6:49:01,17,55.5,8
7483,01.10.2021,7:49:01,17.2,55.6,8.2
7484,01.10.2021,8:49:01,20.1,45.6,8
7485,01.10.2021,9:49:01,21.3,40.4,7.3
7486,01.10.2021,10:49:01,22.8,36.3,7
7487,01.10.2021,11:49:01,22.7,36.4,7
7488,01.10.2021,12:49:01,23.1,36.5,7.4
7489,01.10.2021,13:49:01,23.4,35.9,7.4
7490,01.10.2021,14:49:01,23.9,34.7,7.3
7491,01.10.2021,15:49:01,23.8,33.5,6.7
7492,01.10.2021,16:49:01,23.1,39,8.3
7493,01.10.2021,17:49:01,19.3,45.6,7.2
7494,01.10.2021,18:49:01,18.1,44.6,5.8
7495,01.10.2021,19:49:01,17.8,45.7,5.9
7496,01.10.2021,20:49:01,17.6,48.6,6.6
7497,01.10.2021,21:49:01,17.2,47.5,5.9
7498,01.10.2021,22:49:01,17.3,49.2,6.5
7499,01.10.2021,23:49:01,17.4,50.3,6.9
7500,02.10.2021,0:49:01,17,49.6,6.3
7501,02.10.2021,1:49:01,17.2,50.8,6.9
7502,02.10.2021,2:49:01,17.3,48.4,6.3
7503,02.10.2021,3:49:01,16.9,50.7,6.6
7504,02.10.2021,4:49:01,17.1,51.4,7
7505,02.10.2021,5:49:01,17.2,51.6,7.1
7506,02.10.2021,6:49:01,16.8,49.7,6.2
7507,02.10.2021,7:49:01,17,51.9,7
7508,02.10.2021,8:49:01,19.6,61.8,12
7509,02.10.2021,9:49:01,20.5,51.3,10.1
7510,02.10.2021,10:49:01,21.9,44.6,9.3
7511,02.10.2021,11:49:01,22.7,41.8,9
7512,02.10.2021,12:49:01,22.6,59.9,14.4
7513,02.10.2021,13:49:01,23.2,48.6,11.7
7514,02.10.2021,14:49:01,22.5,45.9,10.2
7515,02.10.2021,15:49:01,18.9,49.7,8.1
7516,02.10.2021,16:49:01,17.7,51.9,7.7
7517,02.10.2021,17:49:01,17.3,50.9,7
7518,02.10.2021,18:49:01,17,51.8,7
7519,02.10.2021,19:49:01,17.1,57.5,8.6
7520,02.10.2021,20:49:01,16.9,57,8.3
7521,02.10.2021,21:49:01,17.1,59,9
7522,02.10.2021,22:49:01,16.7,55.2,7.6
7523,02.10.2021,23:49:01,16.9,58.5,8.7
7524,03.10.2021,0:49:01,17,58.6,8.8
7525,03.10.2021,1:49:01,17.1,58,8.7
7526,03.10.2021,2:49:01,17.1,57.4,8.6
7527,03.10.2021,3:49:01,17.1,56.8,8.4
7528,03.10.2021,4:49:01,17.1,56.4,8.3
7529,03.10.2021,5:49:01,17.1,56.3,8.3
7530,03.10.2021,6:49:01,17.1,56.4,8.3
7531,03.10.2021,7:49:01,17.2,56,8.3
7532,03.10.2021,8:49:01,16.7,53.3,7.1
7533,03.10.2021,9:49:01,16.9,57.3,8.4
7534,03.10.2021,10:49:01,17.7,53.1,8
7535,03.10.2021,11:49:01,20.2,78.3,16.3
7536,03.10.2021,12:49:01,21.3,79.5,17.6
7537,03.10.2021,13:49:01,22.4,69,16.4
7538,03.10.2021,14:49:01,22.3,56.7,13.2
7539,03.10.2021,15:49:01,18.7,59.9,10.7
7540,03.10.2021,16:49:01,17.7,60.8,10
7541,03.10.2021,17:49:01,17.3,64.9,10.6
7542,03.10.2021,18:49:01,17.2,66.7,10.9
7543,03.10.2021,19:49:01,17,66.8,10.7
7544,03.10.2021,20:49:01,17,61.4,9.5
7545,03.10.2021,21:49:01,16.8,67,10.6
7546,03.10.2021,22:49:01,17,67,10.8
7547,03.10.2021,23:49:01,17,64.8,10.3
7548,04.10.2021,0:49:01,16.6,66.3,10.2
7549,04.10.2021,1:49:01,16.9,66.6,10.6
7550,04.10.2021,2:49:01,16.9,66.1,10.5
7551,04.10.2021,3:49:01,17,65.5,10.4
7552,04.10.2021,4:49:01,17,64.9,10.3
7553,04.10.2021,5:49:01,17,64.3,10.2
7554,04.10.2021,6:49:01,16.6,65,9.9
7555,04.10.2021,7:49:01,16.8,66.2,10.4
7556,04.10.2021,8:49:01,16.9,66.9,10.7
7557,04.10.2021,9:49:01,16.6,65.6,10.1
7558,04.10.2021,10:49:01,17.5,58.8,9.3
7559,04.10.2021,11:49:01,21.2,48.7,9.9
7560,04.10.2021,12:49:01,22,45.6,9.7
7561,04.10.2021,13:49:01,22.4,56.6,13.3
7562,04.10.2021,14:49:01,21.9,52.4,11.7
7563,04.10.2021,15:49:01,18.8,57.6,10.2
7564,04.10.2021,16:49:01,17.8,55.1,8.6
7565,04.10.2021,17:49:01,17.3,55.3,8.2
7566,04.10.2021,18:49:01,17.2,61.6,9.7
7567,04.10.2021,19:49:01,17.1,62.5,9.8
7568,04.10.2021,20:49:01,17,61.2,9.4
7569,04.10.2021,21:49:01,17.1,54.3,7.8
7570,04.10.2021,22:49:01,17.1,65.3,10.5
7571,04.10.2021,23:49:01,17,64.2,10.1
7572,05.10.2021,0:49:01,16.9,60.5,9.2
7573,05.10.2021,1:49:01,17.2,65.1,10.5
7574,05.10.2021,2:49:01,17,63.6,10
7575,05.10.2021,3:49:01,17.3,60.8,9.6
7576,05.10.2021,4:49:01,17,63.7,10
7577,05.10.2021,5:49:01,17.3,64.2,10.4
7578,05.10.2021,6:49:01,17.1,62.7,9.9
7579,05.10.2021,7:49:01,17.1,52.4,7.2
7580,05.10.2021,8:49:01,17.2,63.7,10.2
7581,05.10.2021,9:49:01,17.1,63.1,10
7582,05.10.2021,10:49:01,17.7,52.9,7.9
7583,05.10.2021,11:49:01,21.4,45.9,9.2
7584,05.10.2021,12:49:01,21.9,63,14.5
7585,05.10.2021,13:49:01,22.5,49.8,11.5
7586,05.10.2021,14:49:01,22.4,45.5,10
7587,05.10.2021,15:49:01,19.2,48.8,8.1
7588,05.10.2021,16:49:01,18.1,49.9,7.4
7589,05.10.2021,17:49:01,17.7,50.4,7.2
7590,05.10.2021,18:49:01,17.4,56,8.5
7591,05.10.2021,19:49:01,17.4,57.5,8.9
7592,05.10.2021,20:49:01,17.4,55.4,8.3
7593,05.10.2021,21:49:01,17.3,58.4,9
7594,05.10.2021,22:49:01,17.3,58.1,8.9
7595,05.10.2021,23:49:01,17.2,57.6,8.7
7596,06.10.2021,0:49:01,17,55.6,8
7597,06.10.2021,1:49:01,17.1,50.9,6.8
7598,06.10.2021,2:49:01,17.3,58,8.9
7599,06.10.2021,3:49:01,17.2,57.5,8.7
7600,06.10.2021,4:49:01,17.1,56.3,8.3
7601,06.10.2021,5:49:01,17.1,52.8,7.3
7602,06.10.2021,6:49:01,17.4,57.5,8.9
7603,06.10.2021,7:49:01,17.2,57,8.6
7604,06.10.2021,8:49:01,17.1,56.4,8.3
7605,06.10.2021,9:49:01,17.1,55.3,8
7606,06.10.2021,10:49:01,17.8,47.6,6.5
7607,06.10.2021,11:49:01,21.4,41.5,7.7
7608,06.10.2021,12:49:01,22.4,39.8,8
7609,06.10.2021,13:49:01,23.8,37.9,8.5
7610,06.10.2021,14:49:01,22.4,51.6,11.9
7611,06.10.2021,15:49:01,19.2,52.6,9.2
7612,06.10.2021,16:49:01,18,52.4,8.1
7613,06.10.2021,17:49:01,17.7,54.7,8.4
7614,06.10.2021,18:49:01,17.3,57.4,8.8
7615,06.10.2021,19:49:01,17.2,59.9,9.3
7616,06.10.2021,20:49:01,17.1,59.7,9.2
7617,06.10.2021,21:49:01,17.1,58.9,9
7618,06.10.2021,22:49:01,17.1,55.2,8
7619,06.10.2021,23:49:01,17.2,51.6,7.1
7620,07.10.2021,0:49:01,17.2,57.7,8.7
7621,07.10.2021,1:49:01,17,58.4,8.7
7622,07.10.2021,2:49:01,17.2,51,6.9
7623,07.10.2021,3:49:01,17.2,56.9,8.5
7624,07.10.2021,4:49:01,17.4,51.7,7.3
7625,07.10.2021,5:49:01,17.2,56.4,8.4
7626,07.10.2021,6:49:01,17.4,56.9,8.7
7627,07.10.2021,7:49:01,17.1,56.7,8.4
7628,07.10.2021,8:49:01,17,56,8.1
7629,07.10.2021,9:49:01,17,51.6,6.9
7630,07.10.2021,10:49:01,17.6,61.3,10
7631,07.10.2021,11:49:01,21.3,45.6,9
7632,07.10.2021,12:49:01,22.4,41.5,8.6
7633,07.10.2021,13:49:01,22.9,40.5,8.7
7634,07.10.2021,14:49:01,22.6,38.8,7.8
7635,07.10.2021,15:49:01,19.3,42.2,6.1
7636,07.10.2021,16:49:01,18.2,43.5,5.5
7637,07.10.2021,17:49:01,17.8,44.4,5.5
7638,07.10.2021,18:49:01,17.4,49.7,6.7
7639,07.10.2021,19:49:01,17.3,49.9,6.7
7640,07.10.2021,20:49:01,17.2,50.1,6.7
7641,07.10.2021,21:49:01,17.1,48.3,6.1
7642,07.10.2021,22:49:01,17.4,51.5,7.3
7643,07.10.2021,23:49:01,17.1,51.8,7.1
7644,08.10.2021,0:49:01,17,50.1,6.5
7645,08.10.2021,1:49:01,17.3,51.8,7.3
7646,08.10.2021,2:49:01,17,50.2,6.5
7647,08.10.2021,3:49:01,17.3,51.5,7.2
7648,08.10.2021,4:49:01,17.1,48.2,6
7649,08.10.2021,5:49:01,17.3,51.2,7.1
7650,08.10.2021,6:49:01,17.3,45.7,5.4
7651,08.10.2021,7:49:01,17.2,51.6,7.1
7652,08.10.2021,8:49:01,17,50.9,6.7
7653,08.10.2021,9:49:01,17,47.7,5.8
7654,08.10.2021,10:49:01,17.8,46.5,6.1
7655,08.10.2021,11:49:01,22,37.1,6.6
7656,08.10.2021,12:49:01,22.8,35.4,6.7
7657,08.10.2021,13:49:01,23,35.1,6.7
7658,08.10.2021,14:49:01,21.6,65.1,14.7
7659,08.10.2021,15:49:01,18.8,57.7,10.2
7660,08.10.2021,16:49:01,17.8,51.1,7.5
7661,08.10.2021,17:49:01,17.3,53.7,7.8
7662,08.10.2021,18:49:01,17.2,62.6,10
7663,08.10.2021,19:49:01,17.2,61.3,9.6
7664,08.10.2021,20:49:01,17.2,60.2,9.4
7665,08.10.2021,21:49:01,17,58.9,8.9
7666,08.10.2021,22:49:01,16.9,57.8,8.5
7667,08.10.2021,23:49:01,17.1,53.9,7.7
7668,09.10.2021,0:49:01,17.1,60.4,9.3
7669,09.10.2021,1:49:01,16.9,56.2,8.1
7670,09.10.2021,2:49:01,17.2,59.6,9.2
7671,09.10.2021,3:49:01,16.9,56.8,8.2
7672,09.10.2021,4:49:01,17.2,58.2,8.9
7673,09.10.2021,5:49:01,16.9,56.5,8.2
7674,09.10.2021,6:49:01,17.2,57.3,8.6
7675,09.10.2021,7:49:01,16.9,56.9,8.3
7676,09.10.2021,8:49:01,16.8,54.9,7.6
7677,09.10.2021,9:49:01,16.9,52,6.9
7678,09.10.2021,10:49:01,17.8,52.1,7.8
7679,09.10.2021,11:49:01,21.2,42.1,7.8
7680,09.10.2021,12:49:01,22.2,40.1,8
7681,09.10.2021,13:49:01,23,39.1,8.3
7682,09.10.2021,14:49:01,22.7,40.6,8.6
7683,09.10.2021,15:49:01,19.8,46.8,8.1
7684,09.10.2021,16:49:01,18.5,46.7,6.8
7685,09.10.2021,17:49:01,17.8,49.5,7.1
7686,09.10.2021,18:49:01,17.5,48.4,6.4
7687,09.10.2021,19:49:01,17.3,51.4,7.1
7688,09.10.2021,20:49:01,17,51.3,6.8
7689,09.10.2021,21:49:01,17,49.1,6.2
7690,09.10.2021,22:49:01,16.9,52.2,7
7691,09.10.2021,23:49:01,17,51.8,7
7692,10.10.2021,0:49:01,16.9,49.8,6.3
7693,10.10.2021,1:49:01,16.8,53.1,7.2
7694,10.10.2021,2:49:01,16.9,53.8,7.4
7695,10.10.2021,3:49:01,16.8,50.2,6.3
7696,10.10.2021,4:49:01,16.8,50.4,6.4
7697,10.10.2021,5:49:01,16.8,52.7,7
7698,10.10.2021,6:49:01,16.7,54.2,7.4
7699,10.10.2021,7:49:01,16.8,54.6,7.6
7700,10.10.2021,8:49:01,16.9,53.1,7.2
7701,10.10.2021,9:49:01,16.8,50.1,6.3
7702,10.10.2021,10:49:01,18,48.3,6.9
7703,10.10.2021,11:49:01,21.2,40.1,7.1
7704,10.10.2021,12:49:01,22.2,42.1,8.7
7705,10.10.2021,13:49:01,22.7,62.8,15.2
7706,10.10.2021,14:49:01,19.6,57.5,10.9
7707,10.10.2021,15:49:01,18.8,51.3,8.5
7708,10.10.2021,16:49:01,18.3,48.7,7.3
7709,10.10.2021,17:49:01,17.9,46.7,6.3
7710,10.10.2021,18:49:01,17.7,45,5.6
7711,10.10.2021,19:49:01,17.5,44.1,5.1
7712,10.10.2021,20:49:01,17.1,43.7,4.6
7713,10.10.2021,21:49:01,16.9,42.5,4
7714,10.10.2021,22:49:01,16.7,41.9,3.7
7715,10.10.2021,23:49:01,16.5,40.9,3.1
7716,11.10.2021,0:49:01,16.3,40.5,2.8
7717,11.10.2021,1:49:01,16,40,2.4
7718,11.10.2021,2:49:01,15.9,40,2.3
7719,11.10.2021,3:49:01,15.7,40.1,2.1
7720,11.10.2021,4:49:01,15.6,39.9,2
7721,11.10.2021,5:49:01,15.4,40,1.8
7722,11.10.2021,6:49:01,15.3,41.2,2.2
7723,11.10.2021,7:49:01,15.4,45.3,3.6
7724,11.10.2021,8:49:01,15.6,47.7,4.5
7725,11.10.2021,9:49:01,15.8,48.5,4.9
7726,11.10.2021,10:49:01,16.1,48.8,5.3
7727,11.10.2021,11:49:01,18.8,39.1,4.6
7728,11.10.2021,12:49:01,22.1,65.5,15.3
7729,11.10.2021,13:49:01,21.7,46.4,9.7
7730,11.10.2021,14:49:01,18.8,47.2,7.3
7731,11.10.2021,15:49:01,18.2,45.8,6.3
7732,11.10.2021,16:49:01,17.7,47.5,6.4
7733,11.10.2021,17:49:01,17.4,47.2,6
7734,11.10.2021,18:49:01,17.2,48.4,6.2
7735,11.10.2021,19:49:01,17.1,56.7,8.4
7736,11.10.2021,20:49:01,16.9,58.8,8.7
7737,11.10.2021,21:49:01,16.8,56.9,8.2
7738,11.10.2021,22:49:01,16.8,53.6,7.3
7739,11.10.2021,23:49:01,16.8,54.4,7.5
7740,12.10.2021,0:49:01,16.7,52.4,6.9
7741,12.10.2021,1:49:01,16.6,51,6.4
7742,12.10.2021,2:49:01,16.5,48.9,5.7
7743,12.10.2021,3:49:01,16.5,51.5,6.4
7744,12.10.2021,4:49:01,16.4,49.5,5.8
7745,12.10.2021,5:49:01,16.3,45.9,4.6
7746,12.10.2021,6:49:01,16.2,46.7,4.7
7747,12.10.2021,7:49:01,16.1,47.4,4.9
7748,12.10.2021,8:49:01,16.1,50.6,5.8
7749,12.10.2021,9:49:01,16.3,51,6.1
7750,12.10.2021,10:49:01,16.6,52.4,6.8
7751,12.10.2021,11:49:01,18.3,85.8,15.8
7752,12.10.2021,12:49:01,22.1,57.1,13.2
7753,12.10.2021,13:49:01,23,40.4,8.8
7754,12.10.2021,14:49:01,19.6,44.8,7.2
7755,12.10.2021,15:49:01,18.8,44.2,6.3
7756,12.10.2021,16:49:01,18.4,43.3,5.7
7757,12.10.2021,17:49:01,18.2,41.5,4.9
7758,12.10.2021,18:49:01,17.9,40.2,4.1
7759,12.10.2021,19:49:01,17.7,39.9,3.9
7760,12.10.2021,20:49:01,17.6,41.4,4.3
7761,12.10.2021,21:49:01,17.5,40.5,3.9
7762,12.10.2021,22:49:01,17.3,44,4.9
7763,12.10.2021,23:49:01,17.2,43.2,4.5
7764,13.10.2021,0:49:01,17.2,47.1,5.8
7765,13.10.2021,1:49:01,17.1,48.5,6.1
7766,13.10.2021,2:49:01,17.1,49.2,6.3
7767,13.10.2021,3:49:01,17,49.5,6.3
7768,13.10.2021,4:49:01,17,49.8,6.4
7769,13.10.2021,5:49:01,16.9,49.5,6.2
7770,13.10.2021,6:49:01,16.9,50.9,6.6
7771,13.10.2021,7:49:01,16.9,52.1,7
7772,13.10.2021,8:49:01,16.9,53.1,7.2
7773,13.10.2021,9:49:01,16.4,76.1,12.1
7774,13.10.2021,10:49:01,16.8,72.6,11.8
7775,13.10.2021,11:49:01,19.4,60.2,11.4
7776,13.10.2021,12:49:01,23.7,46.2,11.4
7777,13.10.2021,13:49:01,23.7,44,10.7
7778,13.10.2021,14:49:01,20.6,49.4,9.6
7779,13.10.2021,15:49:01,20.1,51.5,9.8
7780,13.10.2021,16:49:01,19.8,56,10.7
7781,13.10.2021,17:49:01,19.4,49.4,8.5
7782,13.10.2021,18:49:01,19.1,48.1,7.8
7783,13.10.2021,19:49:01,18.8,48.6,7.7
7784,13.10.2021,20:49:01,18.7,50.6,8.2
7785,13.10.2021,21:49:01,18.6,53.3,8.9
7786,13.10.2021,22:49:01,18.4,54.3,9
7787,13.10.2021,23:49:01,18.3,54.6,9
7788,14.10.2021,0:49:01,18.2,54.8,8.9
7789,14.10.2021,1:49:01,18.2,55.5,9.1
7790,14.10.2021,2:49:01,18.1,54.9,8.8
7791,14.10.2021,3:49:01,18,54.2,8.6
7792,14.10.2021,4:49:01,18,54.2,8.6
7793,14.10.2021,5:49:01,17.9,53.3,8.2
7794,14.10.2021,6:49:01,17.8,52,7.8
7795,14.10.2021,7:49:01,17.7,52.9,7.9
7796,14.10.2021,8:49:01,17.8,51.8,7.7
7797,14.10.2021,9:49:01,17.8,55,8.6
7798,14.10.2021,10:49:01,17.9,54.1,8.4
7799,14.10.2021,11:49:01,20.4,47.4,8.8
7800,14.10.2021,12:49:01,23.8,41.6,9.9
7801,14.10.2021,13:49:01,23.7,40.2,9.3
7802,14.10.2021,14:49:01,20.3,47.3,8.7
7803,14.10.2021,15:49:01,19.3,48.1,8
7804,14.10.2021,16:49:01,18.8,48.2,7.6
7805,14.10.2021,17:49:01,18.4,48.7,7.4
7806,14.10.2021,18:49:01,18.1,50,7.5
7807,14.10.2021,19:49:01,18.2,50.1,7.6
7808,14.10.2021,20:49:01,17.9,50.4,7.4
7809,14.10.2021,21:49:01,17.7,50.2,7.2
7810,14.10.2021,22:49:01,17.5,50.5,7.1
7811,14.10.2021,23:49:01,17.5,51.5,7.4
7812,15.10.2021,0:49:01,17.3,51.6,7.2
7813,15.10.2021,1:49:01,17.2,50,6.6
7814,15.10.2021,2:49:01,17,48.4,6
7815,15.10.2021,3:49:01,16.8,47.2,5.4
7816,15.10.2021,4:49:01,16.6,47.9,5.5
7817,15.10.2021,5:49:01,16.5,48.1,5.4
7818,15.10.2021,6:49:01,16.4,49,5.6
7819,15.10.2021,7:49:01,16.4,49.4,5.7
7820,15.10.2021,8:49:01,16.3,49.8,5.8
7821,15.10.2021,9:49:01,16.3,50.2,5.9
7822,15.10.2021,10:49:01,16.4,49.1,5.6
7823,15.10.2021,11:49:01,19.3,45.3,7.1
7824,15.10.2021,12:49:01,23.1,37.9,7.9
7825,15.10.2021,13:49:01,22.9,35,6.6
7826,15.10.2021,14:49:01,19.6,40.5,5.8
7827,15.10.2021,15:49:01,18.7,40.1,4.8
7828,15.10.2021,16:49:01,18.2,39.6,4.2
7829,15.10.2021,17:49:01,17.9,40,4.1
7830,15.10.2021,18:49:01,17.6,40.7,4.1
7831,15.10.2021,19:49:01,17.5,40.4,3.9
7832,15.10.2021,20:49:01,17.3,41.3,4
7833,15.10.2021,21:49:01,17.3,43.4,4.7
7834,15.10.2021,22:49:01,17.2,44.5,5
7835,15.10.2021,23:49:01,17.2,45.3,5.2
7836,16.10.2021,0:49:01,17.1,45.9,5.3
7837,16.10.2021,1:49:01,17.1,45.7,5.3
7838,16.10.2021,2:49:01,17.1,47.1,5.7
7839,16.10.2021,3:49:01,17.1,47.7,5.9
7840,16.10.2021,4:49:01,17.1,47.4,5.8
7841,16.10.2021,5:49:01,17.1,48.9,6.2
7842,16.10.2021,6:49:01,17.1,46.8,5.6
7843,16.10.2021,7:49:01,17.1,48.5,6.1
7844,16.10.2021,8:49:01,17.1,47.5,5.8
7845,16.10.2021,9:49:01,17.3,48,6.1
7846,16.10.2021,10:49:01,17.5,46.2,5.8
7847,16.10.2021,11:49:01,20.2,43.7,7.4
7848,16.10.2021,12:49:01,19.2,40.7,5.5
7849,16.10.2021,13:49:01,18.8,40.9,5.2
7850,16.10.2021,14:49:01,18.8,39.5,4.7
7851,16.10.2021,15:49:01,18.7,38.8,4.4
7852,16.10.2021,16:49:01,18.6,43.2,5.8
7853,16.10.2021,17:49:01,18.5,45.7,6.5
7854,16.10.2021,18:49:01,18.2,47,6.7
7855,16.10.2021,19:49:01,18,47.1,6.5
7856,16.10.2021,20:49:01,17.8,46.5,6.1
7857,16.10.2021,21:49:01,17.6,47,6.1
7858,16.10.2021,22:49:01,17.4,46,5.6
7859,16.10.2021,23:49:01,17.3,47,5.8
7860,17.10.2021,0:49:01,17,45,4.9
7861,17.10.2021,1:49:01,16.8,46.1,5.1
7862,17.10.2021,2:49:01,16.7,45.3,4.8
7863,17.10.2021,3:49:01,16.5,45.1,4.5
7864,17.10.2021,4:49:01,16.5,45.5,4.6
7865,17.10.2021,5:49:01,16.3,44.7,4.2
7866,17.10.2021,6:49:01,16.2,45.6,4.4
7867,17.10.2021,7:49:01,16.2,45.7,4.4
7868,17.10.2021,8:49:01,16.3,47,4.9
7869,17.10.2021,9:49:01,16.5,47.5,5.3
7870,17.10.2021,10:49:01,16.6,47.5,5.4
7871,17.10.2021,11:49:01,16.8,46.6,5.3
7872,17.10.2021,12:49:01,17.1,74.8,12.5
7873,17.10.2021,13:49:01,16.9,62.8,9.7
7874,17.10.2021,14:49:01,17.2,57.3,8.6
7875,17.10.2021,15:49:01,17.2,57.5,8.7
7876,17.10.2021,16:49:01,17.2,60.7,9.5
7877,17.10.2021,17:49:01,17.1,58.8,8.9
7878,17.10.2021,18:49:01,17,56.7,8.3
7879,17.10.2021,19:49:01,17,55.7,8
7880,17.10.2021,20:49:01,16.9,54.8,7.7
7881,17.10.2021,21:49:01,16.8,52.5,7
7882,17.10.2021,22:49:01,16.8,49.9,6.3
7883,17.10.2021,23:49:01,16.7,51.9,6.7
7884,18.10.2021,0:49:01,16.6,50.4,6.2
7885,18.10.2021,1:49:01,16.6,49.9,6.1
7886,18.10.2021,2:49:01,16.5,49.7,5.9
7887,18.10.2021,3:49:01,16.5,49.8,5.9
7888,18.10.2021,4:49:01,16.4,49.5,5.8
7889,18.10.2021,5:49:01,16.3,49.2,5.6
7890,18.10.2021,6:49:01,16.2,48.5,5.3
7891,18.10.2021,7:49:01,16.2,48.9,5.4
7892,18.10.2021,8:49:01,16.2,50.8,6
7893,18.10.2021,9:49:01,16.2,48.4,5.3
7894,18.10.2021,10:49:01,16.3,48.8,5.5
7895,18.10.2021,11:49:01,16.1,64.8,9.4
7896,18.10.2021,12:49:01,16.2,56.3,7.5
7897,18.10.2021,13:49:01,16.4,49.8,5.9
7898,18.10.2021,14:49:01,16.5,43.8,4.1
7899,18.10.2021,15:49:01,17,64.1,10.1
7900,18.10.2021,16:49:01,16.9,53.9,7.5
7901,18.10.2021,17:49:01,16.7,50.8,6.4
7902,18.10.2021,18:49:01,16.5,48.6,5.6
7903,18.10.2021,19:49:01,16.2,46.4,4.7
7904,18.10.2021,20:49:01,16,45.5,4.2
7905,18.10.2021,21:49:01,15.8,45.5,4
7906,18.10.2021,22:49:01,15.6,45.8,3.9
7907,18.10.2021,23:49:01,15.5,46.3,4
7908,19.10.2021,0:49:01,15.4,45.3,3.6
7909,19.10.2021,1:49:01,15.3,45.7,3.6
7910,19.10.2021,2:49:01,15.2,45.1,3.3
7911,19.10.2021,3:49:01,15.1,46.3,3.6
7912,19.10.2021,4:49:01,15.1,46.1,3.6
7913,19.10.2021,5:49:01,15,45.2,3.2
7914,19.10.2021,6:49:01,14.9,45.1,3.1
7915,19.10.2021,7:49:01,14.9,45,3
7916,19.10.2021,8:49:01,14.9,45.3,3.1
7917,19.10.2021,9:49:01,15.1,45.6,3.4
7918,19.10.2021,10:49:01,15.3,46,3.7
7919,19.10.2021,11:49:01,15.5,46.1,3.9
7920,19.10.2021,12:49:01,15.8,46.4,4.3
7921,19.10.2021,13:49:01,16,47.8,4.9
7922,19.10.2021,14:49:01,16,47,4.7
7923,19.10.2021,15:49:01,15.9,44,3.6
7924,19.10.2021,16:49:01,15.8,45.5,4
7925,19.10.2021,17:49:01,15.7,43.1,3.2
7926,19.10.2021,18:49:01,15.5,45.2,3.6
7927,19.10.2021,19:49:01,15.3,43.7,3
7928,19.10.2021,20:49:01,15.1,43.9,2.9
7929,19.10.2021,21:49:01,15,43.3,2.6
7930,19.10.2021,22:49:01,14.9,42,2.1
7931,19.10.2021,23:49:01,14.7,41.4,1.7
7932,20.10.2021,0:49:01,14.6,40.4,1.3
7933,20.10.2021,1:49:01,14.4,39.4,0.7
7934,20.10.2021,2:49:01,14.2,39.8,0.7
7935,20.10.2021,3:49:01,14,39.4,0.4
7936,20.10.2021,4:49:01,13.9,38.7,0
7937,20.10.2021,5:49:01,13.7,38.2,-0.2
7938,20.10.2021,6:49:01,13.6,37.7,-0.5
7939,20.10.2021,7:49:01,13.5,37.4,-0.7
7940,20.10.2021,8:49:01,13.6,37.7,-0.5
7941,20.10.2021,9:49:01,13.7,38.5,-0.1
7942,20.10.2021,10:49:01,13.9,38.6,0
7943,20.10.2021,11:49:01,14.2,38.7,0.3
7944,20.10.2021,12:49:01,14.5,38.6,0.5
7945,20.10.2021,13:49:01,14.7,37.6,0.4
7946,20.10.2021,14:49:01,14.9,38.6,0.9
7947,20.10.2021,15:49:01,15.1,39.3,1.3
7948,20.10.2021,16:49:01,15.1,39.5,1.4
7949,20.10.2021,17:49:01,14.9,38.8,1
7950,20.10.2021,18:49:01,14.7,40.7,1.4
7951,20.10.2021,19:49:01,14.5,41.6,1.6
7952,20.10.2021,20:49:01,14.4,42.2,1.7
7953,20.10.2021,21:49:01,14.4,43.2,2
7954,20.10.2021,22:49:01,14.4,45.7,2.8
7955,20.10.2021,23:49:01,14.5,47.2,3.3
7956,21.10.2021,0:49:01,14.6,49.2,4
7957,21.10.2021,1:49:01,14.8,51,4.7
7958,21.10.2021,2:49:01,15,52.7,5.4
7959,21.10.2021,3:49:01,15.2,54.2,6
7960,21.10.2021,4:49:01,15.4,55.6,6.5
7961,21.10.2021,5:49:01,15.6,56.7,7
7962,21.10.2021,6:49:01,15.8,57.3,7.3
7963,21.10.2021,7:49:01,15.9,58,7.6
7964,21.10.2021,8:49:01,16.3,59,8.2
7965,21.10.2021,9:49:01,16.5,59.6,8.6
7966,21.10.2021,10:49:01,16.9,59.8,9
7967,21.10.2021,11:49:01,17.4,60,9.5
7968,21.10.2021,12:49:01,17.7,60.7,10
7969,21.10.2021,13:49:01,18.2,62.2,10.8
7970,21.10.2021,14:49:01,18.4,61.4,10.8
7971,21.10.2021,15:49:01,18.5,60.4,10.6
7972,21.10.2021,16:49:01,18.5,58.8,10.2
7973,21.10.2021,17:49:01,18.4,57.3,9.8
7974,21.10.2021,18:49:01,18.3,56.3,9.4
7975,21.10.2021,19:49:01,18.2,55.3,9
7976,21.10.2021,20:49:01,18.1,54.1,8.6
7977,21.10.2021,21:49:01,18.2,53.3,8.5
7978,21.10.2021,22:49:01,18.1,52.3,8.1
7979,21.10.2021,23:49:01,18,52.4,8.1
7980,22.10.2021,0:49:01,17.9,52.1,7.9
7981,22.10.2021,1:49:01,18,51.7,7.9
7982,22.10.2021,2:49:01,18,51.8,7.9
7983,22.10.2021,3:49:01,18,51.6,7.8
7984,22.10.2021,4:49:01,18,51.9,7.9
7985,22.10.2021,5:49:01,18,51.7,7.9
7986,22.10.2021,6:49:01,18,51.9,7.9
7987,22.10.2021,7:49:01,18,52.1,8
7988,22.10.2021,8:49:01,18.2,51.7,8.1
7989,22.10.2021,9:49:01,18.3,49.3,7.5
7990,22.10.2021,10:49:01,18.5,48.4,7.4
7991,22.10.2021,11:49:01,18.3,60.3,10.4
7992,22.10.2021,12:49:01,18.4,59.8,10.4
7993,22.10.2021,13:49:01,18.3,61.5,10.7
7994,22.10.2021,14:49:01,18.5,57.7,10
7995,22.10.2021,15:49:01,18.4,52.2,8.4
7996,22.10.2021,16:49:01,18.3,50.6,7.8
7997,22.10.2021,17:49:01,18.2,47.2,6.7
7998,22.10.2021,18:49:01,17.9,45.1,5.8
7999,22.10.2021,19:49:01,17.6,43.3,4.9
8000,22.10.2021,20:49:01,17.5,42.6,4.6
8001,22.10.2021,21:49:01,17.2,42.6,4.3
8002,22.10.2021,22:49:01,17.1,42.7,4.3
8003,22.10.2021,23:49:01,17,42,4
8004,23.10.2021,0:49:01,16.9,41.7,3.8
8005,23.10.2021,1:49:01,16.7,41.3,3.5
8006,23.10.2021,2:49:01,16.6,41.9,3.6
8007,23.10.2021,3:49:01,16.5,42,3.5
8008,23.10.2021,4:49:01,16.5,42.5,3.7
8009,23.10.2021,5:49:01,16.5,41.6,3.4
8010,23.10.2021,6:49:01,16.5,41.9,3.5
8011,23.10.2021,7:49:01,16.5,42.2,3.6
8012,23.10.2021,8:49:01,16.6,41.7,3.5
8013,23.10.2021,9:49:01,16.8,41.5,3.6
8014,23.10.2021,10:49:01,17.1,44.1,4.7
8015,23.10.2021,11:49:01,17.6,44.4,5.3
8016,23.10.2021,12:49:01,17.7,44,5.3
8017,23.10.2021,13:49:01,17.9,43.1,5.1
8018,23.10.2021,14:49:01,18,40.1,4.2
8019,23.10.2021,15:49:01,17.8,39.8,3.9
8020,23.10.2021,16:49:01,17.8,39.2,3.7
8021,23.10.2021,17:49:01,17.6,39.4,3.6
8022,23.10.2021,18:49:01,17.3,40.7,3.8
8023,23.10.2021,19:49:01,17,40.9,3.6
8024,23.10.2021,20:49:01,16.7,41.1,3.4
8025,23.10.2021,21:49:01,16.5,41.3,3.3
8026,23.10.2021,22:49:01,16.4,41.8,3.4
8027,23.10.2021,23:49:01,16.2,42.6,3.4
8028,24.10.2021,0:49:01,16.1,42.9,3.4
8029,24.10.2021,1:49:01,16.1,43.6,3.7
8030,24.10.2021,2:49:01,16,44.1,3.7
8031,24.10.2021,3:49:01,16,44.6,3.9
8032,24.10.2021,4:49:01,15.9,45.5,4.1
8033,24.10.2021,5:49:01,15.9,45.4,4.1
8034,24.10.2021,6:49:01,15.8,45.3,3.9
8035,24.10.2021,7:49:01,15.7,44.6,3.6
8036,24.10.2021,8:49:01,15.8,44.9,3.8
8037,24.10.2021,9:49:01,15.8,45.2,3.9
8038,24.10.2021,10:49:01,16.1,45,4.1
8039,24.10.2021,11:49:01,16.4,45.3,4.5
8040,24.10.2021,12:49:01,16.4,44.2,4.1
8041,24.10.2021,13:49:01,16.4,43.5,3.9
8042,24.10.2021,14:49:01,16.5,44,4.2
8043,24.10.2021,15:49:01,16.5,40.6,3
8044,24.10.2021,16:49:01,16.3,40.3,2.7
8045,24.10.2021,17:49:01,16,38.8,1.9
8046,24.10.2021,18:49:01,15.9,37.4,1.3
8047,24.10.2021,19:49:01,15.7,37.9,1.4
8048,24.10.2021,20:49:01,15.4,37.2,0.8
8049,24.10.2021,21:49:01,15.2,37.1,0.6
8050,24.10.2021,22:49:01,14.9,35.9,0
8051,24.10.2021,23:49:01,14.7,35.9,-0.2
8052,25.10.2021,0:49:01,14.5,35.9,-0.4
8053,25.10.2021,1:49:01,14.4,36.1,-0.4
8054,25.10.2021,2:49:01,14.1,36.1,-0.6
8055,25.10.2021,3:49:01,13.9,36.1,-0.8
8056,25.10.2021,4:49:01,13.8,36.1,-0.9
8057,25.10.2021,5:49:01,13.6,36.1,-1.1
8058,25.10.2021,6:49:01,13.5,36.2,-1.1
8059,25.10.2021,7:49:01,13.4,37.1,-0.9
8060,25.10.2021,8:49:01,13.4,37.6,-0.7
8061,25.10.2021,9:49:01,13.5,37.4,-0.7
8062,25.10.2021,10:49:01,13.5,37.3,-0.7
8063,25.10.2021,11:49:01,13.8,36.9,-0.6
8064,25.10.2021,12:49:01,14.1,36,-0.7
8065,25.10.2021,13:49:01,14.4,35.6,-0.6
8066,25.10.2021,14:49:01,14.5,35.4,-0.6
8067,25.10.2021,15:49:01,13.9,72,8.9
8068,25.10.2021,16:49:01,13.7,76.2,9.5
8069,25.10.2021,17:49:01,13.7,69.4,8.2
8070,25.10.2021,18:49:01,13.8,60,6.1
8071,25.10.2021,19:49:01,13.8,53.4,4.5
8072,25.10.2021,20:49:01,13.6,59.2,5.7
8073,25.10.2021,21:49:01,13.5,56.9,5.1
8074,25.10.2021,22:49:01,13.5,50.8,3.5
8075,25.10.2021,23:49:01,13.5,51.6,3.7
8076,26.10.2021,0:49:01,13.5,49.5,3.1
8077,26.10.2021,1:49:01,13.4,49,2.9
8078,26.10.2021,2:49:01,13.4,47.7,2.5
8079,26.10.2021,3:49:01,13.3,48.4,2.6
8080,26.10.2021,4:49:01,13.3,48.5,2.6
8081,26.10.2021,5:49:01,13.2,47.8,2.3
8082,26.10.2021,6:49:01,13.2,47.9,2.4
8083,26.10.2021,7:49:01,13.2,47.6,2.3
8084,26.10.2021,8:49:01,13.3,46.8,2.1
8085,26.10.2021,9:49:01,13.4,45.2,1.7
8086,26.10.2021,10:49:01,13.7,44.8,1.9
8087,26.10.2021,11:49:01,14.1,43.7,1.9
8088,26.10.2021,12:49:01,13.7,86.2,11.4
8089,26.10.2021,13:49:01,13.9,87.6,11.8
8090,26.10.2021,14:49:01,14.2,83.4,11.4
8091,26.10.2021,15:49:01,14.6,76.1,10.4
8092,26.10.2021,16:49:01,15,68.9,9.3
8093,26.10.2021,17:49:01,15.1,55.5,6.2
8094,26.10.2021,18:49:01,15,54.3,5.8
8095,26.10.2021,19:49:01,15,50.7,4.8
8096,26.10.2021,20:49:01,14.9,44.5,2.9
8097,26.10.2021,21:49:01,14.9,43.4,2.5
8098,26.10.2021,22:49:01,14.9,43.3,2.5
8099,26.10.2021,23:49:01,14.8,42.8,2.2
8100,27.10.2021,0:49:01,14.8,42.4,2.1
8101,27.10.2021,1:49:01,14.6,42.2,1.9
8102,27.10.2021,2:49:01,14.6,42.3,1.9
8103,27.10.2021,3:49:01,14.6,42,1.8
8104,27.10.2021,4:49:01,14.5,42,1.7
8105,27.10.2021,5:49:01,14.4,42,1.6
8106,27.10.2021,6:49:01,14.3,42.3,1.6
8107,27.10.2021,7:49:01,14.3,42.1,1.6
8108,27.10.2021,8:49:01,14.5,42.3,1.8
8109,27.10.2021,9:49:01,14.8,42.5,2.1
8110,27.10.2021,10:49:01,15,42.3,2.3
8111,27.10.2021,11:49:01,15.3,42.9,2.7
8112,27.10.2021,12:49:01,15.7,48.4,4.8
8113,27.10.2021,13:49:01,15.9,48.5,5
8114,27.10.2021,14:49:01,16.2,47.6,5
8115,27.10.2021,15:49:01,16.3,46.3,4.7
8116,27.10.2021,16:49:01,16.2,47.4,5
8117,27.10.2021,17:49:01,16,46,4.3
8118,27.10.2021,18:49:01,15.9,46.5,4.4
8119,27.10.2021,19:49:01,15.8,47.1,4.5
8120,27.10.2021,20:49:01,15.7,47.7,4.6
8121,27.10.2021,21:49:01,15.7,48.2,4.7
8122,27.10.2021,22:49:01,15.7,48.7,4.9
8123,27.10.2021,23:49:01,15.6,48.9,4.9
8124,28.10.2021,0:49:01,15.6,49,4.9
8125,28.10.2021,1:49:01,15.6,49.2,4.9
8126,28.10.2021,2:49:01,15.6,49.4,5
8127,28.10.2021,3:49:01,15.5,49.7,5
8128,28.10.2021,4:49:01,15.5,49.8,5
8129,28.10.2021,5:49:01,15.5,50.7,5.3
8130,28.10.2021,6:49:01,15.5,51.5,5.5
8131,28.10.2021,7:49:01,15.5,52.2,5.7
8132,28.10.2021,8:49:01,15.7,53.1,6.1
8133,28.10.2021,9:49:01,16,54.5,6.8
8134,28.10.2021,10:49:01,16.3,55,7.2
8135,28.10.2021,11:49:01,16.3,85.7,13.9
8136,28.10.2021,12:49:01,16.4,88,14.4
8137,28.10.2021,13:49:01,16.5,86.5,14.2
8138,28.10.2021,14:49:01,16.5,80.7,13.1
8139,28.10.2021,15:49:01,16.9,71.6,11.7
8140,28.10.2021,16:49:01,17.1,65.4,10.5
8141,28.10.2021,17:49:01,17.1,57.5,8.6
8142,28.10.2021,18:49:01,16.9,53.9,7.5
8143,28.10.2021,19:49:01,16.6,52.4,6.8
8144,28.10.2021,20:49:01,16.5,53.7,7
8145,28.10.2021,21:49:01,16.4,52.6,6.6
8146,28.10.2021,22:49:01,16.3,51.5,6.2
8147,28.10.2021,23:49:01,16.2,50.9,6
8148,29.10.2021,0:49:01,16.2,51,6
8149,29.10.2021,1:49:01,16.2,50.7,5.9
8150,29.10.2021,2:49:01,16.1,50.6,5.8
8151,29.10.2021,3:49:01,16.1,50.2,5.7
8152,29.10.2021,4:49:01,16,50.2,5.6
8153,29.10.2021,5:49:01,15.9,49.5,5.3
8154,29.10.2021,6:49:01,15.8,48.5,4.9
8155,29.10.2021,7:49:01,15.9,48.2,4.9
8156,29.10.2021,8:49:01,16,48.2,5
8157,29.10.2021,9:49:01,16.2,48.2,5.2
8158,29.10.2021,10:49:01,16.5,50.6,6.2
8159,29.10.2021,11:49:01,17.1,50.2,6.6
8160,29.10.2021,12:49:01,17.1,79.4,13.5
8161,29.10.2021,13:49:01,17.2,71,11.8
8162,29.10.2021,14:49:01,17.4,74.9,12.9
8163,29.10.2021,15:49:01,17.5,74.7,12.9
8164,29.10.2021,16:49:01,17.6,71.5,12.3
8165,29.10.2021,17:49:01,17.5,69.1,11.7
8166,29.10.2021,18:49:01,17.5,66.4,11.1
8167,29.10.2021,19:49:01,17.3,65.1,10.6
8168,29.10.2021,20:49:01,17.4,63.9,10.5
8169,29.10.2021,21:49:01,17.5,62.3,10.2
8170,29.10.2021,22:49:01,17.4,62.1,10
8171,29.10.2021,23:49:01,17.4,61.9,10
8172,30.10.2021,0:49:01,17.4,62.2,10
8173,30.10.2021,1:49:01,17.4,62.7,10.2
8174,30.10.2021,2:49:01,17.4,62.1,10
8175,30.10.2021,3:49:01,17.3,61.7,9.8
8176,30.10.2021,4:49:01,17.3,61.4,9.8
8177,30.10.2021,5:49:01,17.4,61.6,9.9
8178,30.10.2021,6:49:01,17.4,61.8,10
8179,30.10.2021,7:49:01,17.4,61.1,9.8
8180,30.10.2021,8:49:01,17.6,62.1,10.2
8181,30.10.2021,9:49:01,17.8,62.3,10.5
8182,30.10.2021,10:49:01,18.1,64.6,11.3
8183,30.10.2021,11:49:01,18.4,64.2,11.5
8184,30.10.2021,12:49:01,18.7,61.2,11
8185,30.10.2021,13:49:01,19,59.2,10.8
8186,30.10.2021,14:49:01,19.2,64.5,12.3
8187,30.10.2021,15:49:01,18.3,54.9,9
8188,30.10.2021,16:49:01,17.6,55.9,8.7
8189,30.10.2021,17:49:01,17,53.4,7.4
8190,30.10.2021,18:49:01,16.8,56.3,8
8191,30.10.2021,19:49:01,17.3,57.3,8.7
8192,30.10.2021,20:49:01,17.3,56.8,8.6
8193,30.10.2021,21:49:01,17.3,56.3,8.5
8194,30.10.2021,22:49:01,17.2,56,8.3
8195,30.10.2021,23:49:01,17.2,55.2,8.1
8196,31.10.2021,0:49:01,17.1,55,7.9
8197,31.10.2021,1:49:01,17,54.5,7.7
8198,31.10.2021,2:49:01,16.9,53.3,7.3
8199,31.10.2021,3:49:01,16.8,52.5,7
8200,31.10.2021,4:49:01,16.7,51.9,6.7
8201,31.10.2021,5:49:01,16.6,51.5,6.5
8202,31.10.2021,6:49:01,16.5,50.4,6.1
8203,31.10.2021,7:49:01,16.5,50.4,6.1
8204,31.10.2021,8:49:01,16.5,50.4,6.1
8205,31.10.2021,9:49:01,16.7,50.3,6.3
8206,31.10.2021,10:49:01,16.5,72.5,11.5
8207,31.10.2021,11:49:01,16.7,64.1,9.8
8208,31.10.2021,12:49:01,16.8,67.1,10.6
8209,31.10.2021,13:49:01,17.1,62.8,9.9
8210,31.10.2021,14:49:01,17.3,61.5,9.8
8211,31.10.2021,15:49:01,17.4,57.5,8.9
8212,31.10.2021,16:49:01,17.4,58.9,9.2
8213,31.10.2021,17:49:01,17.4,52.8,7.6
8214,31.10.2021,18:49:01,17.2,51.3,7
8215,31.10.2021,19:49:01,17,52,7
8216,31.10.2021,20:49:01,16.9,51.9,6.9
8217,31.10.2021,21:49:01,16.9,52.4,7.1
8218,31.10.2021,22:49:01,16.8,52.3,6.9
8219,31.10.2021,23:49:01,16.7,52,6.8
8220,01.11.2021,0:49:01,16.7,52.2,6.8
8221,01.11.2021,1:49:01,16.6,52,6.7
8222,01.11.2021,2:49:01,16.4,51.5,6.3
8223,01.11.2021,3:49:01,16.4,51.3,6.3
8224,01.11.2021,4:49:01,16.3,51,6.1
8225,01.11.2021,5:49:01,16.1,50.6,5.8
8226,01.11.2021,6:49:01,16,49.8,5.5
8227,01.11.2021,7:49:01,16,49,5.3
8228,01.11.2021,8:49:01,16.2,49.1,5.5
8229,01.11.2021,9:49:01,16.5,49.7,5.9
8230,01.11.2021,10:49:01,16.8,49.4,6.1
8231,01.11.2021,11:49:01,17.2,53.1,7.5
8232,01.11.2021,12:49:01,17.4,51.9,7.4
8233,01.11.2021,13:49:01,17.8,51,7.5
8234,01.11.2021,14:49:01,18.1,50.6,7.6
8235,01.11.2021,15:49:01,18.1,49,7.2
8236,01.11.2021,16:49:01,17.9,49.8,7.2
8237,01.11.2021,17:49:01,17.7,47.8,6.5
8238,01.11.2021,18:49:01,17.4,48.4,6.4
8239,01.11.2021,19:49:01,17.2,48.3,6.1
8240,01.11.2021,20:49:01,16.9,47.5,5.6
8241,01.11.2021,21:49:01,16.6,47,5.2
8242,01.11.2021,22:49:01,16.4,46.2,4.8
8243,01.11.2021,23:49:01,16.1,45.1,4.2
8244,02.11.2021,0:49:01,15.8,44.2,3.6
8245,02.11.2021,1:49:01,15.7,43.4,3.3
8246,02.11.2021,2:49:01,15.4,43.5,3
8247,02.11.2021,3:49:01,15.3,42.5,2.6
8248,02.11.2021,4:49:01,15.2,43.5,2.8
8249,02.11.2021,5:49:01,15.2,44.4,3.1
8250,02.11.2021,6:49:01,15,43.9,2.8
8251,02.11.2021,7:49:01,14.9,44.2,2.8
8252,02.11.2021,8:49:01,14.8,45,2.9
8253,02.11.2021,9:49:01,14.8,45.8,3.2
8254,02.11.2021,10:49:01,14.9,46.1,3.4
8255,02.11.2021,11:49:01,14.9,77.6,11
8256,02.11.2021,12:49:01,14.3,81.7,11.2
8257,02.11.2021,13:49:01,14.4,75.7,10.1
8258,02.11.2021,14:49:01,14.6,62.7,7.5
8259,02.11.2021,15:49:01,14.7,55.6,5.9
8260,02.11.2021,16:49:01,14.9,53.8,5.6
8261,02.11.2021,17:49:01,15,52.8,5.4
8262,02.11.2021,18:49:01,15.1,51.4,5.1
8263,02.11.2021,19:49:01,15,50.2,4.7
8264,02.11.2021,20:49:01,14.8,49.6,4.3
8265,02.11.2021,21:49:01,14.8,48.7,4.1
8266,02.11.2021,22:49:01,14.8,48.6,4
8267,02.11.2021,23:49:01,14.7,49,4.1
8268,03.11.2021,0:49:01,14.7,49.1,4.1
8269,03.11.2021,1:49:01,14.7,49.1,4.1
8270,03.11.2021,2:49:01,14.7,49.2,4.1
8271,03.11.2021,3:49:01,14.8,49.6,4.3
8272,03.11.2021,4:49:01,14.7,50.1,4.4
8273,03.11.2021,5:49:01,14.8,50.1,4.5
8274,03.11.2021,6:49:01,14.8,50.4,4.6
8275,03.11.2021,7:49:01,14.9,50.5,4.7
8276,03.11.2021,8:49:01,15.1,50.6,4.9
8277,03.11.2021,9:49:01,15,71.4,9.8
8278,03.11.2021,10:49:01,15.2,67,9.1
8279,03.11.2021,11:49:01,15.4,64.4,8.7
8280,03.11.2021,12:49:01,15.8,69.6,10.2
8281,03.11.2021,13:49:01,16,68.5,10.2
8282,03.11.2021,14:49:01,16.2,66.3,9.9
8283,03.11.2021,15:49:01,16.3,61.7,8.9
8284,03.11.2021,16:49:01,16.2,60.6,8.5
8285,03.11.2021,17:49:01,16.2,59.6,8.3
8286,03.11.2021,18:49:01,16.1,59,8
8287,03.11.2021,19:49:01,16.2,58.9,8.1
8288,03.11.2021,20:49:01,16.1,59.2,8.1
8289,03.11.2021,21:49:01,16.2,59.5,8.3
8290,03.11.2021,22:49:01,16.2,58.9,8.1
8291,03.11.2021,23:49:01,16.2,58.3,8
8292,04.11.2021,0:49:01,16.2,57.9,7.9
8293,04.11.2021,1:49:01,16.2,57.9,7.9
8294,04.11.2021,2:49:01,16.3,58.3,8.1
8295,04.11.2021,3:49:01,16.3,58.4,8.1
8296,04.11.2021,4:49:01,16.3,58.5,8.1
8297,04.11.2021,5:49:01,16.4,58.3,8.1
8298,04.11.2021,6:49:01,16.4,57.8,8
8299,04.11.2021,7:49:01,16.4,57.2,7.9
8300,04.11.2021,8:49:01,16.5,57.1,7.9
8301,04.11.2021,9:49:01,16.6,56.7,7.9
8302,04.11.2021,10:49:01,16.8,56.5,8.1
8303,04.11.2021,11:49:01,17,55.9,8.1
8304,04.11.2021,12:49:01,16.7,81.8,13.5
8305,04.11.2021,13:49:01,17,75.7,12.6
8306,04.11.2021,14:49:01,17.2,69.2,11.5
8307,04.11.2021,15:49:01,17.3,66.3,10.9
8308,04.11.2021,16:49:01,17.3,64.3,10.5
8309,04.11.2021,17:49:01,17.1,59.1,9
8310,04.11.2021,18:49:01,17,55.8,8.1
8311,04.11.2021,19:49:01,16.9,55.1,7.8
8312,04.11.2021,20:49:01,16.7,55.2,7.6
8313,04.11.2021,21:49:01,16.7,54.9,7.5
8314,04.11.2021,22:49:01,16.6,54.4,7.3
8315,04.11.2021,23:49:01,16.5,54.1,7.1
8316,05.11.2021,0:49:01,16.5,54.3,7.2
8317,05.11.2021,1:49:01,16.4,54.7,7.2
8318,05.11.2021,2:49:01,16.4,55.7,7.5
8319,05.11.2021,3:49:01,16.4,57,7.8
8320,05.11.2021,4:49:01,16.6,58,8.3
8321,05.11.2021,5:49:01,16.6,58.6,8.4
8322,05.11.2021,6:49:01,16.8,59.2,8.8
8323,05.11.2021,7:49:01,16.9,59.1,8.8
8324,05.11.2021,8:49:01,17,59.6,9
8325,05.11.2021,9:49:01,17.4,62.6,10.1
8326,05.11.2021,10:49:01,17.4,74.9,12.9
8327,05.11.2021,11:49:01,17.6,80.8,14.2
8328,05.11.2021,12:49:01,18.1,76.5,13.9
8329,05.11.2021,13:49:01,17.9,66.8,11.6
8330,05.11.2021,14:49:01,17.4,62.1,10
8331,05.11.2021,15:49:01,17.4,62.1,10
8332,05.11.2021,16:49:01,17.2,61.2,9.6
8333,05.11.2021,17:49:01,17.2,59.2,9.1
8334,05.11.2021,18:49:01,17.2,64.1,10.3
8335,05.11.2021,19:49:01,17.1,64.7,10.4
8336,05.11.2021,20:49:01,17.5,64.4,10.7
8337,05.11.2021,21:49:01,17.7,63.8,10.7
8338,05.11.2021,22:49:01,17.8,63.6,10.8
8339,05.11.2021,23:49:01,18,63.2,10.9
8340,06.11.2021,0:49:01,17.9,62.3,10.5
8341,06.11.2021,1:49:01,17.9,60.8,10.2
8342,06.11.2021,2:49:01,17.9,60.3,10.1
8343,06.11.2021,3:49:01,18,59.1,9.9
8344,06.11.2021,4:49:01,17.9,52.4,8
8345,06.11.2021,5:49:01,17.6,49.5,6.9
8346,06.11.2021,6:49:01,17.4,48.1,6.3
8347,06.11.2021,7:49:01,17.3,47.2,5.9
8348,06.11.2021,8:49:01,17.2,47.1,5.8
8349,06.11.2021,9:49:01,17.2,47.8,6
8350,06.11.2021,10:49:01,17.3,48,6.1
8351,06.11.2021,11:49:01,17.5,50.3,7
8352,06.11.2021,12:49:01,15.5,83.4,12.7
8353,06.11.2021,13:49:01,15.9,74.7,11.4
8354,06.11.2021,14:49:01,16,76.1,11.7
8355,06.11.2021,15:49:01,16.2,67.7,10.2
8356,06.11.2021,16:49:01,16.3,56.4,7.6
8357,06.11.2021,17:49:01,16.5,60.2,8.7
8358,06.11.2021,18:49:01,16.6,57.5,8.1
8359,06.11.2021,19:49:01,16.6,55.6,7.6
8360,06.11.2021,20:49:01,16.5,54.4,7.2
8361,06.11.2021,21:49:01,16.6,54,7.2
8362,06.11.2021,22:49:01,16.6,53.5,7.1
8363,06.11.2021,23:49:01,16.6,52.8,6.9
8364,07.11.2021,0:49:01,16.6,52.8,6.9
8365,07.11.2021,1:49:01,16.5,51.3,6.4
8366,07.11.2021,2:49:01,16.5,50.7,6.2
8367,07.11.2021,3:49:01,16.4,49.2,5.7
8368,07.11.2021,4:49:01,16.3,47.4,5.1
8369,07.11.2021,5:49:01,16.1,45.8,4.4
8370,07.11.2021,6:49:01,16,46.7,4.6
8371,07.11.2021,7:49:01,16,45.6,4.2
8372,07.11.2021,8:49:01,16.1,46.1,4.5
8373,07.11.2021,9:49:01,16,45.6,4.2
8374,07.11.2021,10:49:01,16.3,47.3,5
8375,07.11.2021,11:49:01,16.5,45.8,4.7
8376,07.11.2021,12:49:01,16.8,46.1,5.1
8377,07.11.2021,13:49:01,16.4,46.8,5
8378,07.11.2021,14:49:01,16.4,44.6,4.3
8379,07.11.2021,15:49:01,16.5,46,4.8
8380,07.11.2021,16:49:01,16.6,46.9,5.2
8381,07.11.2021,17:49:01,16.5,47.8,5.4
8382,07.11.2021,18:49:01,16.5,49,5.7
8383,07.11.2021,19:49:01,16.5,50.1,6
8384,07.11.2021,20:49:01,16.5,50.7,6.2
8385,07.11.2021,21:49:01,16.5,50.9,6.3
8386,07.11.2021,22:49:01,16.5,51,6.3
8387,07.11.2021,23:49:01,16.5,50.6,6.2
8388,08.11.2021,0:49:01,16.5,49.3,5.8
8389,08.11.2021,1:49:01,16.4,49,5.6
8390,08.11.2021,2:49:01,16.4,48.1,5.4
8391,08.11.2021,3:49:01,16.3,47.7,5.1
8392,08.11.2021,4:49:01,16.3,47.2,5
8393,08.11.2021,5:49:01,16.3,46.8,4.9
8394,08.11.2021,6:49:01,16.3,46.7,4.8
8395,08.11.2021,7:49:01,16.3,47.6,5.1
8396,08.11.2021,8:49:01,16.2,47.5,5
8397,08.11.2021,9:49:01,16.2,48.2,5.2
8398,08.11.2021,10:49:01,16.4,48.9,5.6
8399,08.11.2021,11:49:01,16.6,48.9,5.8
8400,08.11.2021,12:49:01,16.8,49.2,6
8401,08.11.2021,13:49:01,16.7,45,4.7
8402,08.11.2021,14:49:01,16.7,49,5.9
8403,08.11.2021,15:49:01,16.9,48.5,5.9
8404,08.11.2021,16:49:01,16.8,48.6,5.9
8405,08.11.2021,17:49:01,16.8,48.3,5.8
8406,08.11.2021,18:49:01,16.7,48.6,5.8
8407,08.11.2021,19:49:01,16.6,48.4,5.6
8408,08.11.2021,20:49:01,16.6,47.9,5.5
8409,08.11.2021,21:49:01,16.5,45.8,4.7
8410,08.11.2021,22:49:01,16.3,42.9,3.6
8411,08.11.2021,23:49:01,16.1,42.5,3.3
8412,09.11.2021,0:49:01,16,42.3,3.2
8413,09.11.2021,1:49:01,15.9,42.6,3.2
8414,09.11.2021,2:49:01,15.8,43.3,3.3
8415,09.11.2021,3:49:01,15.7,43.3,3.2
8416,09.11.2021,4:49:01,15.5,42.5,2.8
8417,09.11.2021,5:49:01,15.3,42.1,2.5
8418,09.11.2021,6:49:01,15.2,40.9,2
8419,09.11.2021,7:49:01,15.1,39.6,1.4
8420,09.11.2021,8:49:01,15,38.7,1
8421,09.11.2021,9:49:01,14.5,73,9.7
8422,09.11.2021,10:49:01,14,73.6,9.3
8423,09.11.2021,11:49:01,14.2,64.7,7.6
8424,09.11.2021,12:49:01,14.4,46.2,3
8425,09.11.2021,13:49:01,14.6,42.2,1.9
8426,09.11.2021,14:49:01,14.6,39.9,1.1
8427,09.11.2021,15:49:01,14.5,37.1,0
8428,09.11.2021,16:49:01,14.4,36.9,-0.1
8429,09.11.2021,17:49:01,14.3,36,-0.5
8430,09.11.2021,18:49:01,14.1,34.5,-1.3
8431,09.11.2021,19:49:01,14.1,34.4,-1.3
8432,09.11.2021,20:49:01,13.9,33,-2
8433,09.11.2021,21:49:01,13.8,32.3,-2.4
8434,09.11.2021,22:49:01,13.7,32.5,-2.4
8435,09.11.2021,23:49:01,13.6,31.8,-2.8
8436,10.11.2021,0:49:01,13.5,31.3,-3.1
8437,10.11.2021,1:49:01,13.4,31.7,-3
8438,10.11.2021,2:49:01,13.3,31.5,-3.2
8439,10.11.2021,3:49:01,13.2,31.8,-3.1
8440,10.11.2021,4:49:01,13.2,32.1,-3
8441,10.11.2021,5:49:01,13.1,32,-3.1
8442,10.11.2021,6:49:01,13.1,31.9,-3.2
8443,10.11.2021,7:49:01,13.1,32.4,-3
8444,10.11.2021,8:49:01,13.1,32.2,-3.1
8445,10.11.2021,9:49:01,13.2,32.5,-2.9
8446,10.11.2021,10:49:01,13.4,33.6,-2.2
8447,10.11.2021,11:49:01,13.7,35,-1.4
8448,10.11.2021,12:49:01,13.9,34.2,-1.6
8449,10.11.2021,13:49:01,14,33.6,-1.7
8450,10.11.2021,14:49:01,14,33.6,-1.7
8451,10.11.2021,15:49:01,14.1,33.1,-1.8
8452,10.11.2021,16:49:01,13.9,32.8,-2.1
8453,10.11.2021,17:49:01,13.8,31.9,-2.6
8454,10.11.2021,18:49:01,13.6,31.5,-2.9
8455,10.11.2021,19:49:01,13.4,31.2,-3.2
8456,10.11.2021,20:49:01,13.3,31,-3.4
8457,10.11.2021,21:49:01,13.2,30.7,-3.6
8458,10.11.2021,22:49:01,13.1,31.4,-3.4
8459,10.11.2021,23:49:01,13.1,34.3,-2.2
8460,11.11.2021,0:49:01,13,35.5,-1.8
8461,11.11.2021,1:49:01,13,35.9,-1.7
8462,11.11.2021,2:49:01,13,35.9,-1.7
8463,11.11.2021,3:49:01,13,35.4,-1.9
8464,11.11.2021,4:49:01,13,34.9,-2.1
8465,11.11.2021,5:49:01,13.1,34.4,-2.2
8466,11.11.2021,6:49:01,13.1,34.3,-2.2
8467,11.11.2021,7:49:01,13.1,34.2,-2.3
8468,11.11.2021,8:49:01,13.2,35.8,-1.5
8469,11.11.2021,9:49:01,13.3,37.4,-0.9
8470,11.11.2021,10:49:01,13.5,39.1,-0.1
8471,11.11.2021,11:49:01,13.8,39.2,0.1
8472,11.11.2021,12:49:01,13.9,39.7,0.4
8473,11.11.2021,13:49:01,14.1,40.4,0.8
8474,11.11.2021,14:49:01,14.2,40.7,1
8475,11.11.2021,15:49:01,14.2,40.3,0.9
8476,11.11.2021,16:49:01,14,40.4,0.7
8477,11.11.2021,17:49:01,14.1,40.4,0.8
8478,11.11.2021,18:49:01,13.9,40.6,0.7
8479,11.11.2021,19:49:01,13.9,40.6,0.7
8480,11.11.2021,20:49:01,13.8,41,0.7
8481,11.11.2021,21:49:01,13.8,40.9,0.7
8482,11.11.2021,22:49:01,13.7,40.7,0.6
8483,11.11.2021,23:49:01,13.7,40.4,0.4
8484,12.11.2021,0:49:01,13.6,39.5,0
8485,12.11.2021,1:49:01,13.5,38.9,-0.2
8486,12.11.2021,2:49:01,13.6,38,-0.4
8487,12.11.2021,3:49:01,13.5,37.8,-0.5
8488,12.11.2021,4:49:01,13.5,38.3,-0.4
8489,12.11.2021,5:49:01,13.4,38.8,-0.3
8490,12.11.2021,6:49:01,13.3,39.2,-0.2
8491,12.11.2021,7:49:01,13.3,39.8,0
8492,12.11.2021,8:49:01,13.2,40.1,0
8493,12.11.2021,9:49:01,13.2,40.7,0.1
8494,12.11.2021,10:49:01,13.4,41.9,0.7
8495,12.11.2021,11:49:01,13.7,43,1.3
8496,12.11.2021,12:49:01,14,43.9,1.9
8497,12.11.2021,13:49:01,14.3,63.8,7.5
8498,12.11.2021,14:49:01,14.4,65.4,8
8499,12.11.2021,15:49:01,14.5,65.4,8
8500,12.11.2021,16:49:01,14.3,60.5,6.7
8501,12.11.2021,17:49:01,14.2,58.2,6.1
8502,12.11.2021,18:49:01,14.2,56.8,5.7
8503,12.11.2021,19:49:01,14.2,55.1,5.3
8504,12.11.2021,20:49:01,14.2,52.9,4.7
8505,12.11.2021,21:49:01,14.2,52.4,4.6
8506,12.11.2021,22:49:01,14.2,51.5,4.3
8507,12.11.2021,23:49:01,14.2,50.3,4
8508,13.11.2021,0:49:01,14.2,49.7,3.8
8509,13.11.2021,1:49:01,14.2,49,3.6
8510,13.11.2021,2:49:01,14.2,49.2,3.7
8511,13.11.2021,3:49:01,14.2,48.3,3.4
8512,13.11.2021,4:49:01,14.2,47.6,3.2
8513,13.11.2021,5:49:01,14.1,47.5,3.1
8514,13.11.2021,6:49:01,14.1,47.3,3
8515,13.11.2021,7:49:01,14.1,46.9,2.9
8516,13.11.2021,8:49:01,14.1,47.3,3
8517,13.11.2021,9:49:01,14.2,47.3,3.1
8518,13.11.2021,10:49:01,14.2,47.5,3.2
8519,13.11.2021,11:49:01,14.5,47.7,3.5
8520,13.11.2021,12:49:01,14.8,74.4,10.2
8521,13.11.2021,13:49:01,14.4,62.9,7.4
8522,13.11.2021,14:49:01,14.3,57.7,6
8523,13.11.2021,15:49:01,14.2,67.9,8.3
8524,13.11.2021,16:49:01,14.1,65.1,7.6
8525,13.11.2021,17:49:01,14.1,62.7,7.1
8526,13.11.2021,18:49:01,14,59.4,6.2
8527,13.11.2021,19:49:01,14,58.6,6
8528,13.11.2021,20:49:01,13.9,56.9,5.5
8529,13.11.2021,21:49:01,13.8,54.2,4.7
8530,13.11.2021,22:49:01,13.8,53.4,4.5
8531,13.11.2021,23:49:01,13.8,52.2,4.1
8532,14.11.2021,0:49:01,13.7,52.5,4.1
8533,14.11.2021,1:49:01,13.7,51.3,3.8
8534,14.11.2021,2:49:01,13.6,50.6,3.5
8535,14.11.2021,3:49:01,13.6,50.9,3.6
8536,14.11.2021,4:49:01,13.5,50.4,3.4
8537,14.11.2021,5:49:01,13.5,50.6,3.4
8538,14.11.2021,6:49:01,13.5,49.6,3.1
8539,14.11.2021,7:49:01,13.4,48.1,2.6
8540,14.11.2021,8:49:01,13.4,48.9,2.8
8541,14.11.2021,9:49:01,13.4,48.6,2.8
8542,14.11.2021,10:49:01,13.4,49,2.9
8543,14.11.2021,11:49:01,13.6,48.3,2.8
8544,14.11.2021,12:49:01,13.6,48.4,2.9
8545,14.11.2021,13:49:01,13.7,47.9,2.8
8546,14.11.2021,14:49:01,13,70.3,7.7
8547,14.11.2021,15:49:01,13.3,68.2,7.5
8548,14.11.2021,16:49:01,13.2,64.4,6.6
8549,14.11.2021,17:49:01,13.3,61.8,6.1
8550,14.11.2021,18:49:01,13.3,59.5,5.5
8551,14.11.2021,19:49:01,13.3,57.6,5.1
8552,14.11.2021,20:49:01,13.3,54.8,4.4
8553,14.11.2021,21:49:01,13.3,55.5,4.5
8554,14.11.2021,22:49:01,13.3,53.6,4
8555,14.11.2021,23:49:01,13.2,53,3.8
8556,15.11.2021,0:49:01,13.2,50.7,3.2
8557,15.11.2021,1:49:01,13.1,49.8,2.8
8558,15.11.2021,2:49:01,13,48.8,2.4
8559,15.11.2021,3:49:01,12.9,47.6,2
8560,15.11.2021,4:49:01,12.9,47.3,1.9
8561,15.11.2021,5:49:01,12.8,46.2,1.5
8562,15.11.2021,6:49:01,12.8,45.5,1.3
8563,15.11.2021,7:49:01,12.7,44.1,0.8
8564,15.11.2021,8:49:01,12.7,45.7,1.3
8565,15.11.2021,9:49:01,12.6,45.6,1.1
8566,15.11.2021,10:49:01,12.7,44.9,1
8567,15.11.2021,11:49:01,12.8,45.1,1.2
8568,15.11.2021,12:49:01,12.9,45,1.2
8569,15.11.2021,13:49:01,12.9,44.4,1
8570,15.11.2021,14:49:01,12.9,43.5,0.7
8571,15.11.2021,15:49:01,12.9,56.4,4.4
8572,15.11.2021,16:49:01,12.4,61.9,5.3
8573,15.11.2021,17:49:01,12.2,60.9,4.8
8574,15.11.2021,18:49:01,12.3,53.5,3.1
8575,15.11.2021,19:49:01,12.3,47,1.3
8576,15.11.2021,20:49:01,12.2,49.2,1.8
8577,15.11.2021,21:49:01,12.2,49.2,1.8
8578,15.11.2021,22:49:01,12.1,48.4,1.5
8579,15.11.2021,23:49:01,12.1,48.7,1.6
8580,16.11.2021,0:49:01,12,47.4,1.1
8581,16.11.2021,1:49:01,11.9,46.7,0.8
8582,16.11.2021,2:49:01,11.8,45.3,0.3
8583,16.11.2021,3:49:01,11.7,44.3,0
8584,16.11.2021,4:49:01,11.7,43.9,-0.1
8585,16.11.2021,5:49:01,11.7,43.8,-0.1
8586,16.11.2021,6:49:01,11.6,42.2,-0.7
8587,16.11.2021,7:49:01,11.6,42.3,-0.7
8588,16.11.2021,8:49:01,11.6,41.7,-0.9
8589,16.11.2021,9:49:01,11.7,43.4,-0.3
8590,16.11.2021,10:49:01,11.5,74.2,7
8591,16.11.2021,11:49:01,11.4,79.8,8
8592,16.11.2021,12:49:01,11.6,75.2,7.3
8593,16.11.2021,13:49:01,11.7,65.8,5.5
8594,16.11.2021,14:49:01,11.9,54.7,3
8595,16.11.2021,15:49:01,12,52.2,2.5
8596,16.11.2021,16:49:01,12,47.6,1.2
8597,16.11.2021,17:49:01,12,47.2,1.1
8598,16.11.2021,18:49:01,11.9,45.4,0.4
8599,16.11.2021,19:49:01,11.8,44.4,0
8600,16.11.2021,20:49:01,11.7,44.3,0
8601,16.11.2021,21:49:01,11.6,43.3,-0.4
8602,16.11.2021,22:49:01,11.5,43.5,-0.4
8603,16.11.2021,23:49:01,11.5,42.9,-0.6
8604,17.11.2021,0:49:01,11.4,43.3,-0.6
8605,17.11.2021,1:49:01,11.4,43.6,-0.5
8606,17.11.2021,2:49:01,11.3,43.3,-0.7
8607,17.11.2021,3:49:01,11.3,43.8,-0.5
8608,17.11.2021,4:49:01,11.4,43.5,-0.5
8609,17.11.2021,5:49:01,11.4,43.6,-0.5
8610,17.11.2021,6:49:01,11.4,43.4,-0.5
8611,17.11.2021,7:49:01,11.3,43.3,-0.7
8612,17.11.2021,8:49:01,11.4,43.4,-0.5
8613,17.11.2021,9:49:01,11.4,43.3,-0.6
8614,17.11.2021,10:49:01,11,83.3,8.2
8615,17.11.2021,11:49:01,11,84.1,8.4
8616,17.11.2021,12:49:01,11.1,82.2,8.1
8617,17.11.2021,13:49:01,11.2,76.8,7.2
8618,17.11.2021,14:49:01,11.4,76.2,7.3
8619,17.11.2021,15:49:01,11.5,69,6
8620,17.11.2021,16:49:01,11.7,59.2,4
8621,17.11.2021,17:49:01,11.7,57.2,3.5
8622,17.11.2021,18:49:01,11.8,58.7,3.9
8623,17.11.2021,19:49:01,11.8,55.8,3.2
8624,17.11.2021,20:49:01,11.8,55.9,3.2
8625,17.11.2021,21:49:01,11.9,55.1,3.1
8626,17.11.2021,22:49:01,11.9,54.5,3
8627,17.11.2021,23:49:01,11.9,54.3,2.9
8628,18.11.2021,0:49:01,11.9,54.3,2.9
8629,18.11.2021,1:49:01,11.9,54.2,2.9
8630,18.11.2021,2:49:01,11.9,55.6,3.3
8631,18.11.2021,3:49:01,11.8,55.2,3.1
8632,18.11.2021,4:49:01,11.7,51.7,2.1
8633,18.11.2021,5:49:01,11.7,48.7,1.2
8634,18.11.2021,6:49:01,11.5,46.9,0.5
8635,18.11.2021,7:49:01,11.4,46,0.2
8636,18.11.2021,8:49:01,11.2,45,-0.2
8637,18.11.2021,9:49:01,11.2,45.4,-0.1
8638,18.11.2021,10:49:01,11.3,44.8,-0.2
8639,18.11.2021,11:49:01,11,76.2,6.9
8640,18.11.2021,12:49:01,11.1,64.3,4.6
8641,18.11.2021,13:49:01,11.3,53.6,2.2
8642,18.11.2021,14:49:01,11.4,52,1.9
8643,18.11.2021,15:49:01,11.6,51.5,1.9
8644,18.11.2021,16:49:01,11.5,50,1.4
8645,18.11.2021,17:49:01,11.6,50,1.5
8646,18.11.2021,18:49:01,11.6,49.5,1.4
8647,18.11.2021,19:49:01,11.6,49.8,1.4
8648,18.11.2021,20:49:01,11.6,50.1,1.5
8649,18.11.2021,21:49:01,11.7,50.3,1.7
8650,18.11.2021,22:49:01,11.7,50.9,1.8
8651,18.11.2021,23:49:01,11.7,51.3,1.9
8652,19.11.2021,0:49:01,11.8,51.2,2
8653,19.11.2021,1:49:01,11.9,51.2,2.1
8654,19.11.2021,2:49:01,12,51.8,2.4
8655,19.11.2021,3:49:01,12,51.6,2.3
8656,19.11.2021,4:49:01,12.1,51.8,2.5
8657,19.11.2021,5:49:01,12.1,51.8,2.5
8658,19.11.2021,6:49:01,12.2,51.9,2.6
8659,19.11.2021,7:49:01,12.2,51.9,2.6
8660,19.11.2021,8:49:01,12.3,52.3,2.8
8661,19.11.2021,9:49:01,12.4,52.2,2.8
8662,19.11.2021,10:49:01,12.5,52.6,3
8663,19.11.2021,11:49:01,12.7,52.3,3.1
8664,19.11.2021,12:49:01,12.8,53.3,3.5
8665,19.11.2021,13:49:01,12.8,53.9,3.7
8666,19.11.2021,14:49:01,12.9,54.5,3.9
8667,19.11.2021,15:49:01,13,54.1,3.9
8668,19.11.2021,16:49:01,12,87.8,10
8669,19.11.2021,17:49:01,12,87.4,9.9
8670,19.11.2021,18:49:01,12.1,87.7,10.1
8671,19.11.2021,19:49:01,12,86.1,9.7
8672,19.11.2021,20:49:01,12.1,84.8,9.6
8673,19.11.2021,21:49:01,12.1,81,8.9
8674,19.11.2021,22:49:01,12.2,73.2,7.5
8675,19.11.2021,23:49:01,12.3,68.4,6.6
8676,20.11.2021,0:49:01,12.3,63.8,5.6
8677,20.11.2021,1:49:01,12.4,63.5,5.6
8678,20.11.2021,2:49:01,12.4,65.1,6
8679,20.11.2021,3:49:01,12.3,64.2,5.7
8680,20.11.2021,4:49:01,12.3,62.2,5.2
8681,20.11.2021,5:49:01,12.2,60.8,4.8
8682,20.11.2021,6:49:01,12.2,59.9,4.6
8683,20.11.2021,7:49:01,12.2,59.1,4.4
8684,20.11.2021,8:49:01,12.3,60.9,4.9
8685,20.11.2021,9:49:01,12.4,61.9,5.3
8686,20.11.2021,10:49:01,12.5,63,5.6
8687,20.11.2021,11:49:01,12.7,61.8,5.5
8688,20.11.2021,12:49:01,12.6,60.7,5.2
8689,20.11.2021,13:49:01,12.7,59.1,4.9
8690,20.11.2021,14:49:01,12.7,59.3,4.9
8691,20.11.2021,15:49:01,12.4,83.6,9.7
8692,20.11.2021,16:49:01,12.3,79.9,8.9
8693,20.11.2021,17:49:01,12.3,77.4,8.4
8694,20.11.2021,18:49:01,12.2,74.4,7.7
8695,20.11.2021,19:49:01,12.2,70.1,6.9
8696,20.11.2021,20:49:01,12.2,69.9,6.8
8697,20.11.2021,21:49:01,12.2,66.1,6
8698,20.11.2021,22:49:01,12.2,67.1,6.2
8699,20.11.2021,23:49:01,12.3,63.6,5.6
8700,21.11.2021,0:49:01,12.3,63.4,5.5
8701,21.11.2021,1:49:01,12.4,62,5.3
8702,21.11.2021,2:49:01,12.4,60.2,4.9
8703,21.11.2021,3:49:01,12.4,60.7,5
8704,21.11.2021,4:49:01,12.4,60.6,5
8705,21.11.2021,5:49:01,12.3,59.6,4.6
8706,21.11.2021,6:49:01,12.3,60.3,4.8
8707,21.11.2021,7:49:01,12.3,59.5,4.6
8708,21.11.2021,8:49:01,12.3,57,4
8709,21.11.2021,9:49:01,12.4,56.7,4
8710,21.11.2021,10:49:01,12.4,55.2,3.6
8711,21.11.2021,11:49:01,12.5,55,3.7
8712,21.11.2021,12:49:01,12.5,56.4,4
8713,21.11.2021,13:49:01,12.5,55.9,3.9
8714,21.11.2021,14:49:01,12.6,73.5,7.9
8715,21.11.2021,15:49:01,12.4,69.3,6.9
8716,21.11.2021,16:49:01,12.5,65.5,6.2
8717,21.11.2021,17:49:01,12.5,63.1,5.6
8718,21.11.2021,18:49:01,12.6,61.4,5.3
8719,21.11.2021,19:49:01,12.5,61,5.1
8720,21.11.2021,20:49:01,12.5,59.9,4.9
8721,21.11.2021,21:49:01,12.6,60,5
8722,21.11.2021,22:49:01,12.5,58.8,4.6
8723,21.11.2021,23:49:01,12.5,57.8,4.4
8724,22.11.2021,0:49:01,12.4,57.4,4.2
8725,22.11.2021,1:49:01,12.3,56.9,4
8726,22.11.2021,2:49:01,12.3,55.1,3.5
8727,22.11.2021,3:49:01,12.3,54.3,3.3
8728,22.11.2021,4:49:01,12.2,54.7,3.3
8729,22.11.2021,5:49:01,12.2,53.2,2.9
8730,22.11.2021,6:49:01,12.1,51.8,2.5
8731,22.11.2021,7:49:01,12.1,52.2,2.6
8732,22.11.2021,8:49:01,12,50.7,2.1
8733,22.11.2021,9:49:01,11.8,50.6,1.8
8734,22.11.2021,10:49:01,10.8,84.6,8.3
8735,22.11.2021,11:49:01,10.9,77.8,7.1
8736,22.11.2021,12:49:01,11.4,58.3,3.5
8737,22.11.2021,13:49:01,11.5,48.8,1.1
8738,22.11.2021,14:49:01,11.5,47.3,0.6
8739,22.11.2021,15:49:01,11.4,45.7,0.1
8740,22.11.2021,16:49:01,11.4,43.9,-0.4
8741,22.11.2021,17:49:01,11.3,43.3,-0.7
8742,22.11.2021,18:49:01,11.2,42.8,-0.9
8743,22.11.2021,19:49:01,11.1,42.3,-1.2
8744,22.11.2021,20:49:01,11.1,42.3,-1.2
8745,22.11.2021,21:49:01,11,41.3,-1.6
8746,22.11.2021,22:49:01,11,41.1,-1.6
8747,22.11.2021,23:49:01,10.9,41.4,-1.6
8748,23.11.2021,0:49:01,10.7,41.5,-1.8
8749,23.11.2021,1:49:01,10.6,41.2,-2
8750,23.11.2021,2:49:01,10.6,41.8,-1.8
8751,23.11.2021,3:49:01,10.4,40.9,-2.2
8752,23.11.2021,4:49:01,10.4,40.7,-2.3
8753,23.11.2021,5:49:01,10.3,40.6,-2.4
8754,23.11.2021,6:49:01,10.2,41.1,-2.4
8755,23.11.2021,7:49:01,10.2,41.6,-2.2
8756,23.11.2021,8:49:01,10.2,42.4,-1.9
8757,23.11.2021,9:49:01,10.5,44.7,-1
8758,23.11.2021,10:49:01,10.5,44.2,-1.1
8759,23.11.2021,11:49:01,10.3,45,-1
8760,23.11.2021,12:49:01,10.4,44.7,-1
8761,23.11.2021,13:49:01,10.5,44.5,-1
8762,23.11.2021,14:49:01,10.5,44.6,-1
8763,23.11.2021,15:49:01,10.5,43.4,-1.4
8764,23.11.2021,16:49:01,10.5,43.1,-1.5
8765,23.11.2021,17:49:01,10.5,43.9,-1.2
8766,23.11.2021,18:49:01,10.5,43.2,-1.4
8767,23.11.2021,19:49:01,10.5,43,-1.5
8768,23.11.2021,20:49:01,10.3,42.4,-1.9
8769,23.11.2021,21:49:01,10.3,41.6,-2.1
8770,23.11.2021,22:49:01,10.2,41.3,-2.3
8771,23.11.2021,23:49:01,10.1,40.6,-2.6
8772,24.11.2021,0:49:01,10,41.2,-2.5
8773,24.11.2021,1:49:01,9.9,40.7,-2.8
8774,24.11.2021,2:49:01,9.8,40.1,-3.1
8775,24.11.2021,3:49:01,9.7,40,-3.2
8776,24.11.2021,4:49:01,9.6,40.1,-3.2
8777,24.11.2021,5:49:01,9.4,39.7,-3.5
8778,24.11.2021,6:49:01,9.4,40.2,-3.4
8779,24.11.2021,7:49:01,9.3,40.8,-3.3
8780,24.11.2021,8:49:01,9.4,40.9,-3.1
8781,24.11.2021,9:49:01,9.5,40.7,-3.1
8782,24.11.2021,10:49:01,9.1,86.7,7
8783,24.11.2021,11:49:01,8.8,85,6.4
8784,24.11.2021,12:49:01,9.1,82,6.1
8785,24.11.2021,13:49:01,9.3,78.9,5.8
8786,24.11.2021,14:49:01,9.5,74,5.1
8787,24.11.2021,15:49:01,9.7,67.9,4
8788,24.11.2021,16:49:01,9.8,62,2.8
8789,24.11.2021,17:49:01,10,59.2,2.4
8790,24.11.2021,18:49:01,10.1,58.3,2.2
8791,24.11.2021,19:49:01,10.4,55.6,1.9
8792,24.11.2021,20:49:01,10.6,55.3,2
8793,24.11.2021,21:49:01,10.8,55.4,2.2
8794,24.11.2021,22:49:01,10.9,55.7,2.4
8795,24.11.2021,23:49:01,11.1,56.3,2.7
8796,25.11.2021,0:49:01,11.2,56.2,2.8
8797,25.11.2021,1:49:01,11.3,57.3,3.1
8798,25.11.2021,2:49:01,11.3,57.3,3.1
8799,25.11.2021,3:49:01,11.4,57.1,3.2
8800,25.11.2021,4:49:01,11.4,56.2,2.9
8801,25.11.2021,5:49:01,11.5,55.3,2.8
8802,25.11.2021,6:49:01,11.5,55.2,2.8
8803,25.11.2021,7:49:01,11.5,55.2,2.8
8804,25.11.2021,8:49:01,11.6,55.1,2.9
8805,25.11.2021,9:49:01,11.2,76.6,7.2
8806,25.11.2021,10:49:01,11.4,67.6,5.6
8807,25.11.2021,11:49:01,11.6,63,4.8
8808,25.11.2021,12:49:01,11.7,61.6,4.5
8809,25.11.2021,13:49:01,11.8,59.4,4.1
8810,25.11.2021,14:49:01,11.8,58.3,3.8
8811,25.11.2021,15:49:01,11.9,57.7,3.8
8812,25.11.2021,16:49:01,12,57.8,3.9
8813,25.11.2021,17:49:01,12,57.2,3.8
8814,25.11.2021,18:49:01,12,56.5,3.6
8815,25.11.2021,19:49:01,12,55.3,3.3
8816,25.11.2021,20:49:01,12.1,55.1,3.3
8817,25.11.2021,21:49:01,12.1,53.7,3
8818,25.11.2021,22:49:01,12.1,53.7,3
8819,25.11.2021,23:49:01,12.1,52.8,2.7
8820,26.11.2021,0:49:01,12,52.4,2.5
8821,26.11.2021,1:49:01,12,51,2.1
8822,26.11.2021,2:49:01,12,50.3,1.9
8823,26.11.2021,3:49:01,12,50.1,1.9
8824,26.11.2021,4:49:01,12,49.8,1.8
8825,26.11.2021,5:49:01,12,49.6,1.8
8826,26.11.2021,6:49:01,11.9,48.3,1.3
8827,26.11.2021,7:49:01,11.9,47.7,1.1
8828,26.11.2021,8:49:01,11.9,47.4,1
8829,26.11.2021,9:49:01,12,48,1.3
8830,26.11.2021,10:49:01,12,47.6,1.2
8831,26.11.2021,11:49:01,12,48.1,1.3
8832,26.11.2021,12:49:01,12.1,48.3,1.5
8833,26.11.2021,13:49:01,12.1,74,7.6
8834,26.11.2021,14:49:01,12.1,60.2,4.6
8835,26.11.2021,15:49:01,12.1,57.8,4
8836,26.11.2021,16:49:01,12.1,56.7,3.7
8837,26.11.2021,17:49:01,12.2,55.5,3.5
8838,26.11.2021,18:49:01,12.2,55.2,3.4
8839,26.11.2021,19:49:01,12.2,53.8,3.1
8840,26.11.2021,20:49:01,12.3,53.3,3
8841,26.11.2021,21:49:01,12.3,52.6,2.9
8842,26.11.2021,22:49:01,12.4,52.2,2.8
8843,26.11.2021,23:49:01,12.4,52.2,2.8
8844,27.11.2021,0:49:01,12.4,52.4,2.9
8845,27.11.2021,1:49:01,12.4,52.3,2.9
8846,27.11.2021,2:49:01,12.4,53.3,3.1
8847,27.11.2021,3:49:01,12.4,52.5,2.9
8848,27.11.2021,4:49:01,12.5,52.5,3
8849,27.11.2021,5:49:01,12.4,52,2.8
8850,27.11.2021,6:49:01,12.4,51.3,2.6
8851,27.11.2021,7:49:01,12.4,51.3,2.6
8852,27.11.2021,8:49:01,12.4,50.4,2.3
8853,27.11.2021,9:49:01,12.4,50.2,2.3
8854,27.11.2021,10:49:01,12.3,49.3,1.9
8855,27.11.2021,11:49:01,12.3,49,1.9
8856,27.11.2021,12:49:01,12.5,54.9,3.6
8857,27.11.2021,13:49:01,12.6,52.6,3.1
8858,27.11.2021,14:49:01,12.6,56.9,4.2
8859,27.11.2021,15:49:01,12.4,59.1,4.6
8860,27.11.2021,16:49:01,12.2,57.9,4.1
8861,27.11.2021,17:49:01,12.1,58.6,4.2
8862,27.11.2021,18:49:01,12.1,59.1,4.3
8863,27.11.2021,19:49:01,12,59.7,4.4
8864,27.11.2021,20:49:01,12.1,60.1,4.6
8865,27.11.2021,21:49:01,12.2,60.9,4.8
8866,27.11.2021,22:49:01,12.3,61.6,5.1
8867,27.11.2021,23:49:01,12.3,61.6,5.1
8868,28.11.2021,0:49:01,12.4,61.4,5.1
8869,28.11.2021,1:49:01,12.5,62.6,5.5
8870,28.11.2021,2:49:01,12.6,63,5.7
8871,28.11.2021,3:49:01,12.6,62.2,5.5
8872,28.11.2021,4:49:01,12.7,63.2,5.8
8873,28.11.2021,5:49:01,12.8,62.9,5.9
8874,28.11.2021,6:49:01,12.9,63,6
8875,28.11.2021,7:49:01,13,62.9,6.1
8876,28.11.2021,8:49:01,13,62.9,6.1
8877,28.11.2021,9:49:01,13,62.2,5.9
8878,28.11.2021,10:49:01,13.1,61.4,5.8
8879,28.11.2021,11:49:01,13.1,60.4,5.6
8880,28.11.2021,12:49:01,13.3,61.8,6.1
8881,28.11.2021,13:49:01,13.2,60.4,5.7
8882,28.11.2021,14:49:01,13.1,59.6,5.4
8883,28.11.2021,15:49:01,12.9,58.5,4.9
8884,28.11.2021,16:49:01,13,57.9,4.9
8885,28.11.2021,17:49:01,13,56.2,4.4
8886,28.11.2021,18:49:01,12.9,55.4,4.1
8887,28.11.2021,19:49:01,12.8,54.5,3.8
8888,28.11.2021,20:49:01,12.8,53.9,3.7
8889,28.11.2021,21:49:01,12.7,54.1,3.6
8890,28.11.2021,22:49:01,12.7,53.9,3.6
8891,28.11.2021,23:49:01,12.7,54,3.6
8892,29.11.2021,0:49:01,12.7,53.9,3.6
8893,29.11.2021,1:49:01,12.7,53.5,3.5
8894,29.11.2021,2:49:01,12.7,53.6,3.5
8895,29.11.2021,3:49:01,12.7,54,3.6
8896,29.11.2021,4:49:01,12.7,55.1,3.9
8897,29.11.2021,5:49:01,12.7,55.5,4
8898,29.11.2021,6:49:01,12.7,56.3,4.2
8899,29.11.2021,7:49:01,12.8,57.1,4.5
8900,29.11.2021,8:49:01,12.8,57.7,4.6
8901,29.11.2021,9:49:01,12.9,57.2,4.6
8902,29.11.2021,10:49:01,12.9,58,4.8
8903,29.11.2021,11:49:01,13.1,79.1,9.5
8904,29.11.2021,12:49:01,12.8,79.3,9.3
8905,29.11.2021,13:49:01,12.8,80.9,9.6
8906,29.11.2021,14:49:01,12.9,79.7,9.4
8907,29.11.2021,15:49:01,13.1,75.2,8.8
8908,29.11.2021,16:49:01,13.2,73.6,8.5
8909,29.11.2021,17:49:01,13.2,72.1,8.2
8910,29.11.2021,18:49:01,13.2,69.8,7.8
8911,29.11.2021,19:49:01,13.1,68,7.3
8912,29.11.2021,20:49:01,13.1,66.6,7
8913,29.11.2021,21:49:01,13.2,65.7,6.9
8914,29.11.2021,22:49:01,13.1,64.9,6.6
8915,29.11.2021,23:49:01,13.2,64.3,6.6
8916,30.11.2021,0:49:01,13.2,63.7,6.4
8917,30.11.2021,1:49:01,13.2,63.8,6.5
8918,30.11.2021,2:49:01,13.3,63.8,6.5
8919,30.11.2021,3:49:01,13.4,64.1,6.7
8920,30.11.2021,4:49:01,13.5,64.4,6.9
8921,30.11.2021,5:49:01,13.8,65,7.3
8922,30.11.2021,6:49:01,13.9,63.1,7
8923,30.11.2021,7:49:01,13.8,62.5,6.7
8924,30.11.2021,8:49:01,13.8,60.1,6.2
8925,30.11.2021,9:49:01,13.6,71,8.4
8926,30.11.2021,10:49:01,13.4,65.1,6.9
8927,30.11.2021,11:49:01,13.2,62.7,6.2
8928,30.11.2021,12:49:01,13.1,59.5,5.4
8929,30.11.2021,13:49:01,12.9,58,4.8
8930,30.11.2021,14:49:01,12.7,55.9,4.1
8931,30.11.2021,15:49:01,12.5,53.9,3.4
8932,30.11.2021,16:49:01,12.2,51.8,2.5
8933,30.11.2021,17:49:01,12,51,2.1
8934,30.11.2021,18:49:01,11.9,50.6,1.9
8935,30.11.2021,19:49:01,11.8,50.1,1.7
8936,30.11.2021,20:49:01,11.7,48.7,1.2
8937,30.11.2021,21:49:01,11.6,47.6,0.8
8938,30.11.2021,22:49:01,11.5,47.4,0.7
8939,30.11.2021,23:49:01,11.4,47.9,0.7
8940,01.12.2021,0:49:01,11.5,48.3,0.9
8941,01.12.2021,1:49:01,11.5,47.6,0.7
8942,01.12.2021,2:49:01,11.4,47.9,0.7
8943,01.12.2021,3:49:01,11.3,48.4,0.8
8944,01.12.2021,4:49:01,11.3,47.7,0.6
8945,01.12.2021,5:49:01,11.2,46.9,0.2
8946,01.12.2021,6:49:01,11.2,46.8,0.2
8947,01.12.2021,7:49:01,11.1,46.3,0
8948,01.12.2021,8:49:01,11,46.2,0
8949,01.12.2021,9:49:01,10.9,45.7,-0.3
8950,01.12.2021,10:49:01,10.9,45.9,-0.2
8951,01.12.2021,11:49:01,10.9,46,-0.2
8952,01.12.2021,12:49:01,19.5,45.5,7.4
8953,01.12.2021,13:49:01,21.8,38.2,6.9
8954,01.12.2021,14:49:01,22,36.1,6.2
8955,01.12.2021,15:49:01,22.2,34.5,5.8
8956,01.12.2021,16:49:01,22.3,33.4,5.4
8957,01.12.2021,17:49:01,21.8,32.7,4.6
8958,01.12.2021,18:49:01,21.1,31.3,3.4
8959,01.12.2021,19:49:01,20.7,30.1,2.5
8960,01.12.2021,20:49:01,20.1,29.5,1.7
8961,01.12.2021,21:49:01,19.7,28.8,1
8962,01.12.2021,22:49:01,19.3,28.4,0.5
8963,01.12.2021,23:49:01,19.1,27.9,0.1
8964,02.12.2021,0:49:01,18.8,27.5,-0.3
8965,02.12.2021,1:49:01,18.6,27.3,-0.5
8966,02.12.2021,2:49:01,18.4,27.2,-0.8
8967,02.12.2021,3:49:01,18.2,27,-1
8968,02.12.2021,4:49:01,18.1,26.8,-1.2
8969,02.12.2021,5:49:01,18,26.6,-1.4
8970,02.12.2021,6:49:01,17.9,26.4,-1.6
8971,02.12.2021,7:49:01,18.1,26,-1.6
8972,02.12.2021,8:49:01,19,25.8,-1
8973,02.12.2021,9:49:01,19.6,26.1,-0.3
8974,02.12.2021,10:49:01,20.5,32.8,3.6
8975,02.12.2021,11:49:01,20.7,33,3.8
8976,02.12.2021,12:49:01,21,32.3,3.8
8977,02.12.2021,13:49:01,21.1,32.1,3.8
8978,02.12.2021,14:49:01,21.2,31.4,3.5
8979,02.12.2021,15:49:01,21.3,31.5,3.7
8980,02.12.2021,16:49:01,21.4,30.8,3.4
8981,02.12.2021,17:49:01,21.3,30.8,3.4
8982,02.12.2021,18:49:01,20.7,30.6,2.8
8983,02.12.2021,19:49:01,20.3,30.6,2.4
8984,02.12.2021,20:49:01,19.9,30.5,2
8985,02.12.2021,21:49:01,19.6,30.7,1.8
8986,02.12.2021,22:49:01,19.3,31.1,1.8
8987,02.12.2021,23:49:01,19.2,31.5,1.9
8988,03.12.2021,0:49:01,19,32,1.9
8989,03.12.2021,1:49:01,19,32.3,2
8990,03.12.2021,2:49:01,18.8,32.6,2
8991,03.12.2021,3:49:01,18.8,32.7,2
8992,03.12.2021,4:49:01,18.7,33,2.1
8993,03.12.2021,5:49:01,18.7,32.9,2
8994,03.12.2021,6:49:01,18.6,33.1,2
8995,03.12.2021,7:49:01,18.9,32.9,2.2
8996,03.12.2021,8:49:01,19.6,32.8,2.8
8997,03.12.2021,9:49:01,20.3,32.7,3.3
8998,03.12.2021,10:49:01,20.9,32.3,3.7
8999,03.12.2021,11:49:01,21.4,31.8,3.9
9000,03.12.2021,12:49:01,21.8,31.9,4.3
9001,03.12.2021,13:49:01,23.5,30.1,4.9
9002,03.12.2021,14:49:01,21.8,33.1,4.8
9003,03.12.2021,15:49:01,22.7,32.1,5.2
9004,03.12.2021,16:49:01,22.5,31.8,4.9
9005,03.12.2021,17:49:01,23.4,34.6,6.9
9006,03.12.2021,18:49:01,21.7,29.2,3
9007,03.12.2021,19:49:01,17.1,42.2,4.1
9008,03.12.2021,20:49:01,18.5,34.9,2.7
9009,03.12.2021,21:49:01,20,31.4,2.5
9010,03.12.2021,22:49:01,20.6,30,2.4
9011,03.12.2021,23:49:01,21.2,30.3,3
9012,04.12.2021,0:49:01,21.6,30.5,3.5
9013,04.12.2021,1:49:01,22,30.5,3.8
9014,04.12.2021,2:49:01,22.4,30.6,4.2
9015,04.12.2021,3:49:01,22.7,30.6,4.5
9016,04.12.2021,4:49:01,23.1,30.7,4.9
9017,04.12.2021,5:49:01,23.4,30.6,5.1
9018,04.12.2021,6:49:01,23.6,30.5,5.2
9019,04.12.2021,7:49:01,23.7,29.2,4.7
9020,04.12.2021,8:49:01,20.2,29.4,1.8
9021,04.12.2021,9:49:01,17.8,29.8,0
9022,04.12.2021,10:49:01,17.9,38,3.3
9023,04.12.2021,11:49:01,21,29,2.3
9024,04.12.2021,12:49:01,20.7,29,2
9025,04.12.2021,13:49:01,20.5,29.2,1.9
9026,04.12.2021,14:49:01,19.9,28.6,1.1
9027,04.12.2021,15:49:01,15.6,30.6,-1.6
9028,04.12.2021,16:49:01,11.9,29.9,-5.1
9029,04.12.2021,17:49:01,20.1,28.8,1.4
9030,04.12.2021,18:49:01,16.1,37.1,1.4
9031,04.12.2021,19:49:01,19.5,31.8,2.2
9032,04.12.2021,20:49:01,20.1,30.7,2.3
9033,04.12.2021,21:49:01,16.7,30.9,-0.5
9034,04.12.2021,22:49:01,19.5,28.7,0.8
9035,04.12.2021,23:49:01,20.4,27.3,0.9
9036,05.12.2021,0:49:01,20.9,26.5,0.9
9037,05.12.2021,1:49:01,21.3,26.1,1
9038,05.12.2021,2:49:01,21.8,25.8,1.3
9039,05.12.2021,3:49:01,22.1,25.6,1.5
9040,05.12.2021,4:49:01,22.4,25.3,1.5
9041,05.12.2021,5:49:01,22.6,25.1,1.6
9042,05.12.2021,6:49:01,22.8,25,1.7
9043,05.12.2021,7:49:01,22.9,24.9,1.7
9044,05.12.2021,8:49:01,22.8,24.9,1.7
9045,05.12.2021,9:49:01,23,24.9,1.8
9046,05.12.2021,10:49:01,23,24.9,1.8
9047,05.12.2021,11:49:01,23.2,24.9,2
9048,05.12.2021,12:49:01,23.3,24.9,2.1
9049,05.12.2021,13:49:01,16.9,27.6,-1.8
9050,05.12.2021,14:49:01,12.9,31.9,-3.4
9051,05.12.2021,15:49:01,15,32.9,-1.1
9052,05.12.2021,16:49:01,14.5,33.3,-1.4
9053,05.12.2021,17:49:01,15.8,33.4,-0.2
9054,05.12.2021,18:49:01,10.6,37.2,-3.3
9055,05.12.2021,19:49:01,17.5,43.7,5
9056,05.12.2021,20:49:01,17.8,38.8,3.6
9057,05.12.2021,21:49:01,19.9,33.9,3.5
9058,05.12.2021,22:49:01,19.4,32.5,2.5
9059,05.12.2021,23:49:01,19.2,31.9,2
9060,06.12.2021,0:49:01,19.4,32.1,2.3
9061,06.12.2021,1:49:01,20.5,30.7,2.6
9062,06.12.2021,2:49:01,20.7,29.9,2.4
9063,06.12.2021,3:49:01,20.7,29.2,2.1
9064,06.12.2021,4:49:01,20.6,28.6,1.7
9065,06.12.2021,5:49:01,20.4,28.3,1.4
9066,06.12.2021,6:49:01,20.3,28,1.2
9067,06.12.2021,7:49:01,20.2,27.9,1
9068,06.12.2021,8:49:01,20.3,27.9,1.1
9069,06.12.2021,9:49:01,15.8,31.4,-1
9070,06.12.2021,10:49:01,19.3,36.4,4
9071,06.12.2021,11:49:01,18.5,37.7,3.8
9072,06.12.2021,12:49:01,21,33.7,4.4
9073,06.12.2021,13:49:01,17.2,22.2,-4.5
9074,06.12.2021,14:49:01,19,31.2,1.5
9075,06.12.2021,15:49:01,18.5,33,1.9
9076,06.12.2021,16:49:01,21.3,32.2,4
9077,06.12.2021,17:49:01,22.2,31.3,4.4
9078,06.12.2021,18:49:01,22.5,30.8,4.4
9079,06.12.2021,19:49:01,22.7,30.6,4.5
9080,06.12.2021,20:49:01,22.3,31.8,4.7
9081,06.12.2021,21:49:01,20,32.2,2.9
9082,06.12.2021,22:49:01,21.1,30.9,3.2
9083,06.12.2021,23:49:01,12.9,25.9,-6.1
9084,07.12.2021,0:49:01,15.3,43.1,2.8
9085,07.12.2021,1:49:01,17,39.1,2.9
9086,07.12.2021,2:49:01,21.8,38.3,6.9
9087,07.12.2021,3:49:01,23.4,35.6,7.3
9088,07.12.2021,4:49:01,23.7,33.8,6.8
9089,07.12.2021,5:49:01,23.8,32.6,6.3
9090,07.12.2021,6:49:01,23.8,31.7,5.9
9091,07.12.2021,7:49:01,11.8,39.9,-1.3
9092,07.12.2021,8:49:01,17.3,44.3,5
9093,07.12.2021,9:49:01,18.6,41.3,5.2
9094,07.12.2021,10:49:01,17.3,42.4,4.4
9095,07.12.2021,11:49:01,20.4,40.5,6.5
9096,07.12.2021,12:49:01,17.4,41.6,4.2
9097,07.12.2021,13:49:01,20,39.6,5.8
9098,07.12.2021,14:49:01,21,38.4,6.3
9099,07.12.2021,15:49:01,16.1,35.6,0.8
9100,07.12.2021,16:49:01,20.5,40.8,6.7
9101,07.12.2021,17:49:01,23.9,35,7.5
9102,07.12.2021,18:49:01,25.5,31.9,7.5
9103,07.12.2021,19:49:01,26.2,30.1,7.3
9104,07.12.2021,20:49:01,25.3,30.2,6.5
9105,07.12.2021,21:49:01,23.4,28.4,4
9106,07.12.2021,22:49:01,23.1,27.4,3.3
9107,07.12.2021,23:49:01,22.3,29.2,3.5
1,11.12.2021,20:08:05,7.8,31.1,-8.2
2,11.12.2021,22:08:05,7.1,33.6,-7.8
3,12.12.2021,0:08:05,7.1,35.5,-7.1
4,12.12.2021,2:08:05,7.2,35.8,-6.9
5,12.12.2021,4:08:05,7.3,35.8,-6.8
6,12.12.2021,6:08:05,7.3,35.9,-6.7
7,12.12.2021,8:08:05,7.3,35.9,-6.7
8,12.12.2021,10:08:05,7.3,38.1,-6
9,12.12.2021,12:08:05,7.2,53,-1.7
10,12.12.2021,14:08:05,6.6,49.4,-3.2
11,12.12.2021,16:08:05,6.8,49.3,-3
12,12.12.2021,18:08:05,7,49.3,-2.8
13,12.12.2021,20:08:05,7.4,50.4,-2.2
14,12.12.2021,22:08:05,7.5,50.2,-2.1
15,13.12.2021,0:08:05,7.6,50.7,-1.9
16,13.12.2021,2:08:05,7.7,49.9,-2
17,13.12.2021,4:08:05,7.8,49.5,-2
18,13.12.2021,6:08:05,7.8,50.4,-1.8
19,13.12.2021,8:08:05,7.8,50.4,-1.8
20,13.12.2021,10:08:05,8,51.1,-1.4
21,13.12.2021,12:08:05,8.2,51.3,-1.2
22,13.12.2021,14:08:05,8.4,52.5,-0.7
23,13.12.2021,16:08:05,8,83.3,5.3
24,13.12.2021,18:08:05,7.7,82.5,4.9
25,13.12.2021,20:08:05,7.8,77.5,4.1
26,13.12.2021,22:08:05,8,71.5,3.1
27,14.12.2021,0:08:05,8.2,65.3,2
28,14.12.2021,2:08:05,8.3,60.4,1
29,14.12.2021,4:08:05,8.3,57.5,0.4
30,14.12.2021,6:08:05,8.3,56.1,0
31,14.12.2021,8:08:05,8.3,54.4,-0.3
32,14.12.2021,10:08:05,8.4,53.2,-0.5
33,14.12.2021,12:08:05,8.6,56.9,0.5
34,14.12.2021,14:08:05,8.5,55,0
35,14.12.2021,16:08:05,8.4,53.6,-0.4
36,14.12.2021,18:08:05,8.4,52.3,-0.7
37,14.12.2021,20:08:05,8.3,52.2,-0.9
38,14.12.2021,22:08:05,8.3,52.1,-0.9
39,15.12.2021,0:08:05,8.4,51.8,-0.9
40,15.12.2021,2:08:05,8.4,51.7,-0.9
41,15.12.2021,4:08:05,8.4,52.1,-0.8
42,15.12.2021,6:08:05,8.4,51.4,-1
43,15.12.2021,8:08:05,8.4,51.8,-0.9
44,15.12.2021,10:08:05,8.6,52.2,-0.6
45,15.12.2021,12:08:05,8.7,56.3,0.4
46,15.12.2021,14:08:05,8.4,55.5,0
47,15.12.2021,16:08:05,8.2,54.8,-0.3
48,15.12.2021,18:08:05,8.1,55.9,-0.1
49,15.12.2021,20:08:05,8,55.8,-0.2
50,15.12.2021,22:08:05,8,55.5,-0.3
51,16.12.2021,0:08:05,8,55.5,-0.3
52,16.12.2021,2:08:05,8,54.8,-0.5
53,16.12.2021,4:08:05,8,55,-0.4
54,16.12.2021,6:08:05,8.1,55.6,-0.2
55,16.12.2021,8:08:05,8.2,56.2,0
56,16.12.2021,10:08:05,7.7,75.4,3.6
57,16.12.2021,12:08:05,8,68.1,2.4
58,16.12.2021,14:08:05,8.4,64.1,2
59,16.12.2021,16:08:05,8.7,59.7,1.3
60,16.12.2021,18:08:05,8.7,59.7,1.3
61,16.12.2021,20:08:05,8.8,59.7,1.4
62,16.12.2021,22:08:05,9,59.2,1.4
63,17.12.2021,0:08:05,9,60.5,1.7
64,17.12.2021,2:08:05,9,61.9,2
65,17.12.2021,4:08:05,9.1,60.9,1.9
66,17.12.2021,6:08:05,9,60,1.6
67,17.12.2021,8:08:05,8.9,58.8,1.2
68,17.12.2021,10:08:05,9,57,0.9
69,17.12.2021,12:08:05,9.1,58.7,1.4
70,17.12.2021,14:08:05,9.1,58.3,1.3
71,17.12.2021,16:08:05,9.1,55.4,0.6
72,17.12.2021,18:08:05,9,55.6,0.6
73,17.12.2021,20:08:05,9,56,0.7
74,17.12.2021,22:08:05,9,56.2,0.7
75,18.12.2021,0:08:05,9,55.3,0.5
76,18.12.2021,2:08:05,8.9,56.2,0.6
77,18.12.2021,4:08:05,8.9,54.4,0.2
78,18.12.2021,6:08:05,8.8,52.1,-0.4
79,18.12.2021,8:08:05,8.7,49.6,-1.2
80,18.12.2021,10:08:05,8.6,50.2,-1.1
81,18.12.2021,12:08:05,8.5,49.5,-1.4
82,18.12.2021,14:08:05,8.4,48.8,-1.7
83,18.12.2021,16:08:05,8.2,48.7,-1.9
84,18.12.2021,18:08:05,8.2,48.5,-2
85,18.12.2021,20:08:05,8.1,49.2,-1.8
86,18.12.2021,22:08:05,8.1,49.6,-1.7
87,19.12.2021,0:08:05,8.1,50.2,-1.6
88,19.12.2021,2:08:05,8,50.4,-1.6
89,19.12.2021,4:08:05,8.1,50.3,-1.5
90,19.12.2021,6:08:05,8.1,50.8,-1.4
91,19.12.2021,8:08:05,8.1,51.7,-1.2
92,19.12.2021,10:08:05,8.3,52.8,-0.7
93,19.12.2021,12:08:05,8.5,53.6,-0.3
94,19.12.2021,14:08:05,8.7,71.3,3.8
95,19.12.2021,16:08:05,8.6,65,2.4
96,19.12.2021,18:08:05,8.5,67,2.7
97,19.12.2021,20:08:05,8.1,62.5,1.3
98,19.12.2021,22:08:05,7.9,57.3,0
99,20.12.2021,0:08:05,7.6,54.8,-0.8
100,20.12.2021,2:08:05,7.3,52.7,-1.7
101,20.12.2021,4:08:05,7,50.3,-2.6
102,20.12.2021,6:08:05,6.6,47.8,-3.6
103,20.12.2021,8:08:05,6.4,47.4,-3.9
104,20.12.2021,10:08:05,6.3,45.7,-4.5
105,20.12.2021,12:08:05,6.4,45.8,-4.4
106,20.12.2021,14:08:05,6.4,48.5,-3.6
107,20.12.2021,16:08:05,6.3,42.2,-5.5
108,20.12.2021,18:08:05,6.3,41.9,-5.6
109,20.12.2021,20:08:05,6.2,55.4,-2
110,20.12.2021,22:08:05,5.8,48.7,-4.1
111,21.12.2021,0:08:05,5.7,44.1,-5.5
112,21.12.2021,2:08:05,6,38.4,-7
113,21.12.2021,4:08:05,6.1,40,-6.4
114,21.12.2021,6:08:05,6.2,40.5,-6.2
115,21.12.2021,8:08:05,6.2,35.8,-7.8
116,21.12.2021,10:08:05,6.2,39.1,-6.6
117,21.12.2021,12:08:05,5.7,56.3,-2.3
118,21.12.2021,14:08:05,5.8,39.5,-6.8
119,21.12.2021,16:08:05,5.9,40.2,-6.5
120,21.12.2021,18:08:05,6,35.9,-7.9
121,21.12.2021,20:08:05,6.2,39.3,-6.6
122,21.12.2021,22:08:05,6.2,37.9,-7
123,22.12.2021,0:08:05,6.2,38,-7
124,22.12.2021,2:08:05,6.3,35.3,-7.8
125,22.12.2021,4:08:05,6.3,35.2,-7.9
126,22.12.2021,6:08:05,6.3,35.6,-7.7
127,22.12.2021,8:08:05,6.3,36,-7.6
128,22.12.2021,10:08:05,6.4,34.3,-8.1
129,22.12.2021,12:08:05,6.4,35.1,-7.8
130,22.12.2021,14:08:05,6.1,77.6,2.4
131,22.12.2021,16:08:05,5.8,59.5,-1.4
132,22.12.2021,18:08:05,5.9,62.5,-0.6
133,22.12.2021,20:08:05,6,47.2,-4.3
134,22.12.2021,22:08:05,6.2,40.8,-6.1
135,23.12.2021,0:08:05,6.2,35.9,-7.7
136,23.12.2021,2:08:05,6.3,40.3,-6.1
137,23.12.2021,4:08:05,6.3,38.3,-6.8
138,23.12.2021,6:08:05,6.4,37,-7.2
139,23.12.2021,8:08:05,6.4,36.7,-7.3
140,23.12.2021,10:08:05,6.4,37,-7.2
141,23.12.2021,12:08:05,6.6,36.6,-7.1
142,23.12.2021,14:08:05,6.5,36.3,-7.3
143,23.12.2021,16:08:05,6.5,36.2,-7.3
144,23.12.2021,18:08:05,6.5,36.1,-7.4
145,23.12.2021,20:08:05,6.5,35.7,-7.5
146,23.12.2021,22:08:05,6.5,35.6,-7.6
147,24.12.2021,0:08:05,6.5,35.2,-7.7
148,24.12.2021,2:08:05,6.5,34.9,-7.8
149,24.12.2021,4:08:05,6.5,35.6,-7.6
150,24.12.2021,6:08:05,6.5,34.7,-7.9
151,24.12.2021,8:08:05,6.5,35,-7.8
152,24.12.2021,10:08:05,6.6,34.6,-7.8
153,24.12.2021,12:08:05,6.5,35,-7.8
154,24.12.2021,14:08:05,6.6,36.4,-7.2
155,24.12.2021,16:08:05,6.3,53.5,-2.4
156,24.12.2021,18:08:05,6.1,57,-1.7
157,24.12.2021,20:08:05,6.1,51,-3.2
158,24.12.2021,22:08:05,6.1,45,-4.9
159,25.12.2021,0:08:05,6.1,42.1,-5.7
160,25.12.2021,2:08:05,6.1,40.3,-6.3
161,25.12.2021,4:08:05,6.2,37.7,-7.1
162,25.12.2021,6:08:05,6.2,37.1,-7.3
163,25.12.2021,8:08:05,6.2,40,-6.3
164,25.12.2021,10:08:05,6.3,40.4,-6.1
165,25.12.2021,12:08:05,6.3,39.2,-6.5
166,25.12.2021,14:08:05,6.4,38.7,-6.6
167,25.12.2021,16:08:05,6.3,57.9,-1.3
168,25.12.2021,18:08:05,6.1,44.2,-5.1
169,25.12.2021,20:08:05,6.1,41.3,-6
170,25.12.2021,22:08:05,6.2,41,-6
171,26.12.2021,0:08:05,6.2,39.2,-6.6
172,26.12.2021,2:08:05,6.3,37.9,-6.9
173,26.12.2021,4:08:05,6.3,39.8,-6.3
174,26.12.2021,6:08:05,6.4,38.5,-6.6
175,26.12.2021,8:08:05,6.4,37.9,-6.8
176,26.12.2021,10:08:05,6.4,38.9,-6.5
177,26.12.2021,12:08:05,6.5,38.6,-6.5
178,26.12.2021,14:08:05,6.5,43.9,-4.8
179,26.12.2021,16:08:05,6.4,43.2,-5.1
180,26.12.2021,18:08:05,6.4,39.7,-6.2
181,26.12.2021,20:08:05,6.4,37.5,-7
182,26.12.2021,22:08:05,6.4,36.7,-7.3
183,27.12.2021,0:08:05,6.4,36.3,-7.4
184,27.12.2021,2:08:05,6.4,34.8,-7.9
185,27.12.2021,4:08:05,6.4,35.4,-7.7
186,27.12.2021,6:08:05,6.3,36,-7.6
187,27.12.2021,8:08:05,6.4,34.4,-8.1
188,27.12.2021,10:08:05,6.4,35.2,-7.8
189,27.12.2021,12:08:05,6.4,33.8,-8.3
190,27.12.2021,14:08:05,6.5,35.3,-7.7
191,27.12.2021,16:08:05,6.5,36.3,-7.3
192,27.12.2021,18:08:05,6.5,37,-7.1
193,27.12.2021,20:08:05,6.5,38.1,-6.7
194,27.12.2021,22:08:05,6.5,37.1,-7
195,28.12.2021,0:08:05,6.5,36.9,-7.1
196,28.12.2021,2:08:05,6.5,37.8,-6.8
197,28.12.2021,4:08:05,6.5,38,-6.7
198,28.12.2021,6:08:05,6.5,37.3,-7
199,28.12.2021,8:08:05,6.6,36.9,-7
200,28.12.2021,10:08:05,6.6,38.3,-6.5
201,28.12.2021,12:08:05,5.5,68.8,0.2
202,28.12.2021,14:08:05,5.8,47.3,-4.5
203,28.12.2021,16:08:05,5.8,46.5,-4.7
204,28.12.2021,18:08:05,6.1,42.9,-5.5
205,28.12.2021,20:08:05,6.3,43.6,-5.1
206,28.12.2021,22:08:05,6.4,40.9,-5.9
207,29.12.2021,0:08:05,6.4,40.1,-6.1
208,29.12.2021,2:08:05,6.4,39,-6.5
209,29.12.2021,4:08:05,6.5,39.3,-6.3
210,29.12.2021,6:08:05,6.5,39,-6.4
211,29.12.2021,8:08:05,6.4,37.7,-6.9
212,29.12.2021,10:08:05,6.5,36.8,-7.1
213,29.12.2021,12:08:05,5.9,51.7,-3.2
214,29.12.2021,14:08:05,5.9,44.1,-5.3
215,29.12.2021,16:08:05,6.1,42.5,-5.6
216,29.12.2021,18:08:05,6.2,37.8,-7.1
217,29.12.2021,20:08:05,6.2,37.5,-7.2
218,29.12.2021,22:08:05,6.2,38.6,-6.8
219,30.12.2021,0:08:05,6.3,33.9,-8.4
220,30.12.2021,2:08:05,6.3,35.5,-7.8
221,30.12.2021,4:08:05,6.3,36.2,-7.5
222,30.12.2021,6:08:05,6.4,36,-7.5
223,30.12.2021,8:08:05,6.4,35.6,-7.7
224,30.12.2021,10:08:05,6.4,37.1,-7.1
225,30.12.2021,12:08:05,6.2,39.3,-6.6
226,30.12.2021,14:08:05,6.2,39.6,-6.5
227,30.12.2021,16:08:05,6.3,40.6,-6
228,30.12.2021,18:08:05,6.4,42.2,-5.4
229,30.12.2021,20:08:05,6.4,42.6,-5.3
230,30.12.2021,22:08:05,6.3,44.7,-4.8
231,31.12.2021,0:08:05,6.4,43.9,-4.9
232,31.12.2021,2:08:05,6.4,44.2,-4.8
233,31.12.2021,4:08:05,6.4,44.2,-4.8
234,31.12.2021,6:08:05,6.5,42.8,-5.2
235,31.12.2021,8:08:05,6.5,44.8,-4.6
236,31.12.2021,10:08:05,6.6,43.7,-4.8
237,31.12.2021,12:08:05,6.7,42.8,-5
238,31.12.2021,14:08:05,6.9,45.2,-4.1
239,31.12.2021,16:08:05,7,46,-3.8
240,31.12.2021,18:08:05,7,45,-4.1
241,31.12.2021,20:08:05,7.1,44.9,-4
242,31.12.2021,22:08:05,7.3,45.5,-3.6
243,01.01.2022,0:08:05,7.5,46.7,-3.1
244,01.01.2022,2:08:05,7.7,48.4,-2.4
245,01.01.2022,4:08:05,8,50.2,-1.7
246,01.01.2022,6:08:05,8.1,49.2,-1.8
247,01.01.2022,8:08:05,8.2,49.8,-1.6
248,01.01.2022,10:08:05,8.3,49.3,-1.6
249,01.01.2022,12:08:05,8.4,47.9,-1.9
250,01.01.2022,14:08:05,8.5,47.4,-2
251,01.01.2022,16:08:05,8.5,50.1,-1.2
252,01.01.2022,18:08:05,8,70.8,3
253,01.01.2022,20:08:05,7.7,56.1,-0.4
254,01.01.2022,22:08:05,7.8,50.3,-1.8
255,02.01.2022,0:08:05,7.7,48.5,-2.4
256,02.01.2022,2:08:05,7.5,52.2,-1.6
257,02.01.2022,4:08:05,7.3,47.5,-3.1
258,02.01.2022,6:08:05,7.2,45.9,-3.6
259,02.01.2022,8:08:05,6.9,43.8,-4.5
260,02.01.2022,10:08:05,6.8,42.5,-5
261,02.01.2022,12:08:05,6.8,42.1,-5.1
262,02.01.2022,14:08:05,6.6,41.7,-5.4
263,02.01.2022,16:08:05,6.6,41.6,-5.4
264,02.01.2022,18:08:05,6.5,41.1,-5.7
265,02.01.2022,20:08:05,6.5,40.8,-5.8
266,02.01.2022,22:08:05,6.5,39.9,-6.1
267,03.01.2022,0:08:05,6.5,40.2,-6
268,03.01.2022,2:08:05,6.5,40.2,-6
269,03.01.2022,4:08:05,6.5,40.4,-5.9
270,03.01.2022,6:08:05,6.6,40.7,-5.7
271,03.01.2022,8:08:05,6.6,40.3,-5.9
272,03.01.2022,10:08:05,6.6,39.9,-6
273,03.01.2022,12:08:05,6.6,40.2,-5.9
274,03.01.2022,14:08:05,6.5,54,-2.1
275,03.01.2022,16:08:05,6.3,45,-4.7
276,03.01.2022,18:08:05,6.3,42.7,-5.4
277,03.01.2022,20:08:05,6.3,40.3,-6.1
278,03.01.2022,22:08:05,6.3,39.9,-6.3
279,04.01.2022,0:08:05,6.3,41.3,-5.8
280,04.01.2022,2:08:05,6.4,38.7,-6.6
281,04.01.2022,4:08:05,6.4,40.6,-5.9
282,04.01.2022,6:08:05,6.4,39.8,-6.2
283,04.01.2022,8:08:05,6.5,39.8,-6.1
284,04.01.2022,10:08:05,6.3,43.7,-5.1
285,04.01.2022,12:08:05,6,41.4,-6.1
286,04.01.2022,14:08:05,6.1,40.7,-6.2
287,04.01.2022,16:08:05,6.2,40.5,-6.2
288,04.01.2022,18:08:05,6.3,40.9,-5.9
289,04.01.2022,20:08:05,6.4,40.2,-6.1
290,04.01.2022,22:08:05,6.4,41,-5.8
291,05.01.2022,0:08:05,6.4,41,-5.8
292,05.01.2022,2:08:05,6.4,41.9,-5.5
293,05.01.2022,4:08:05,6.5,42.1,-5.4
294,05.01.2022,6:08:05,6.5,42.5,-5.3
295,05.01.2022,8:08:05,6.5,42.9,-5.1
296,05.01.2022,10:08:05,6.5,43,-5.1
297,05.01.2022,12:08:05,6.5,43.2,-5
298,05.01.2022,14:08:05,6.5,43.8,-4.9
299,05.01.2022,16:08:05,6.6,43.6,-4.8
300,05.01.2022,18:08:05,6.7,43,-4.9
301,05.01.2022,20:08:05,6.9,43.2,-4.7
302,05.01.2022,22:08:05,7.2,45.2,-3.8
303,06.01.2022,0:08:05,7.5,47.3,-2.9
304,06.01.2022,2:08:05,8,51,-1.5
305,06.01.2022,4:08:05,8.3,50.9,-1.2
306,06.01.2022,6:08:05,8.6,49.9,-1.2
307,06.01.2022,8:08:05,8.7,50.1,-1
308,06.01.2022,10:08:05,8.8,50.1,-1
309,06.01.2022,12:08:05,9,52.8,-0.1
310,06.01.2022,14:08:05,9.2,53.3,0.2
311,06.01.2022,16:08:05,9.2,50.9,-0.4
312,06.01.2022,18:08:05,9.2,49.9,-0.6
313,06.01.2022,20:08:05,9.3,50,-0.5
314,06.01.2022,22:08:05,9.5,49.7,-0.4
315,07.01.2022,0:08:05,9.5,50,-0.3
316,07.01.2022,2:08:05,9.5,50.2,-0.3
317,07.01.2022,4:08:05,9.3,49.4,-0.7
318,07.01.2022,6:08:05,9.2,49.3,-0.8
319,07.01.2022,8:08:05,9.1,47,-1.6
320,07.01.2022,10:08:05,8.8,44,-2.7
321,07.01.2022,12:08:05,8.4,41.8,-3.8
322,07.01.2022,14:08:05,8.3,42.2,-3.7
323,07.01.2022,16:08:05,8.2,42,-3.9
324,07.01.2022,18:08:05,8,42.4,-3.9
325,07.01.2022,20:08:05,7.9,40.4,-4.7
326,07.01.2022,22:08:05,7.7,40.5,-4.8
327,08.01.2022,0:08:05,7.6,40.8,-4.8
328,08.01.2022,2:08:05,7.5,39.8,-5.2
329,08.01.2022,4:08:05,7.4,39.7,-5.3
330,08.01.2022,6:08:05,7.3,40.5,-5.2
331,08.01.2022,8:08:05,7.4,39.9,-5.3
332,08.01.2022,10:08:05,7.4,39.7,-5.3
333,08.01.2022,12:08:05,7.5,40.4,-5
334,08.01.2022,14:08:05,7.6,49.1,-2.3
335,08.01.2022,16:08:05,7.5,50.1,-2.2
336,08.01.2022,18:08:05,7.5,44.4,-3.8
337,08.01.2022,20:08:05,7.6,43.6,-3.9
338,08.01.2022,22:08:05,7.7,44.5,-3.6
339,09.01.2022,0:08:05,7.7,44.8,-3.5
340,09.01.2022,2:08:05,7.7,44.3,-3.6
341,09.01.2022,4:08:05,7.6,43.3,-4
342,09.01.2022,6:08:05,7.5,41.7,-4.6
343,09.01.2022,8:08:05,7.5,39.5,-5.3
344,09.01.2022,10:08:05,7.4,38.2,-5.8
345,09.01.2022,12:08:05,7.6,38.4,-5.6
346,09.01.2022,14:08:05,7.6,38.2,-5.7
347,09.01.2022,16:08:05,7.6,39.6,-5.2
348,09.01.2022,18:08:05,7.5,39.8,-5.2
349,09.01.2022,20:08:05,7.3,39.9,-5.4
350,09.01.2022,22:08:05,7.2,40,-5.4
351,10.01.2022,0:08:05,7.1,39.9,-5.5
352,10.01.2022,2:08:05,7.1,40,-5.5
353,10.01.2022,4:08:05,7.1,40.9,-5.2
354,10.01.2022,6:08:05,7.1,40.6,-5.3
355,10.01.2022,8:08:05,7.1,40.9,-5.2
356,10.01.2022,10:08:05,7.2,41,-5.1
357,10.01.2022,12:08:05,7.4,40.1,-5.2
358,10.01.2022,14:08:05,7.5,40.6,-5
359,10.01.2022,16:08:05,7.4,39.5,-5.4
360,10.01.2022,18:08:05,7.3,39.9,-5.4
361,10.01.2022,20:08:05,6.9,46.8,-3.6
362,10.01.2022,22:08:05,7.1,46.3,-3.6
363,11.01.2022,0:08:05,7.4,47.6,-2.9
364,11.01.2022,2:08:05,7.6,47.1,-2.9
365,11.01.2022,4:08:05,7.6,44.9,-3.5
366,11.01.2022,6:08:05,7.4,43.1,-4.3
367,11.01.2022,8:08:05,7.2,40.8,-5.2
368,11.01.2022,10:08:05,7.2,39.3,-5.7
369,11.01.2022,12:08:05,12.8,36.7,-1.6
370,11.01.2022,14:08:05,11.6,49.3,1.3
371,11.01.2022,16:08:05,8.8,37.8,-4.7
372,11.01.2022,18:08:05,6.9,61.6,0
373,11.01.2022,20:08:05,7.3,57.3,-0.5
374,11.01.2022,22:08:05,8.6,48,-1.7
375,12.01.2022,0:08:05,9.6,50.4,-0.1
376,12.01.2022,2:08:05,10.2,51.9,0.7
377,12.01.2022,4:08:05,10.7,62.6,3.8
378,12.01.2022,6:08:05,11,61.1,3.8
379,12.01.2022,8:08:05,11.1,48.9,0.7
380,12.01.2022,10:08:05,11.2,56.8,2.9
381,12.01.2022,12:08:05,17.4,64.9,10.7
382,12.01.2022,14:08:05,15.3,59.5,7.4
383,12.01.2022,16:08:05,13.7,65.3,7.3
384,12.01.2022,18:08:05,13,63.6,6.2
385,12.01.2022,20:08:05,12.8,62.6,5.8
386,12.01.2022,22:08:05,12.6,62,5.5
387,13.01.2022,0:08:05,12.6,61.5,5.4
388,13.01.2022,2:08:05,12.6,61,5.2
389,13.01.2022,4:08:05,12.6,60.3,5.1
390,13.01.2022,6:08:05,12.6,60.2,5
391,13.01.2022,8:08:05,12.5,60.2,5
392,13.01.2022,10:08:05,12.7,67.7,6.8
393,13.01.2022,12:08:05,18,45.6,6
394,13.01.2022,14:08:05,16.6,49.5,5.9
395,13.01.2022,16:08:05,14.8,55.8,6
396,13.01.2022,18:08:05,14.3,58,6.1
397,13.01.2022,20:08:05,13.9,58.4,5.8
398,13.01.2022,22:08:05,13.8,60,6.1
399,14.01.2022,0:08:05,13.7,59.3,5.9
400,14.01.2022,2:08:05,13.6,60.9,6.2
401,14.01.2022,4:08:05,13.7,62.7,6.7
402,14.01.2022,6:08:05,13.7,63.4,6.8
403,14.01.2022,8:08:05,13.7,64,7
404,14.01.2022,10:08:05,13.8,66.7,7.7
405,14.01.2022,12:08:05,19.8,75,15.2
406,14.01.2022,14:08:05,17.6,65.5,11
407,14.01.2022,16:08:05,15.2,70.4,9.8
408,14.01.2022,18:08:05,14.4,73.8,9.7
409,14.01.2022,20:08:05,14,72.4,9.1
410,14.01.2022,22:08:05,13.8,67.8,7.9
411,15.01.2022,0:08:05,13.6,65.5,7.2
412,15.01.2022,2:08:05,13.6,68.4,7.8
413,15.01.2022,4:08:05,13.6,68.2,7.8
414,15.01.2022,6:08:05,13.8,53.3,4.4
415,15.01.2022,8:08:05,13.6,60.6,6.1
416,15.01.2022,10:08:05,15.2,64.4,8.5
417,15.01.2022,12:08:05,23.2,33.7,6.3
418,15.01.2022,14:08:05,20,46.9,8.3
419,15.01.2022,16:08:05,15.9,57.4,7.5
420,15.01.2022,18:08:05,14.9,66.2,8.6
421,15.01.2022,20:08:05,14.3,59.6,6.5
422,15.01.2022,22:08:05,14,56.9,5.6
423,16.01.2022,0:08:05,13.9,55.3,5
424,16.01.2022,2:08:05,13.8,54.6,4.8
425,16.01.2022,4:08:05,13.8,55.2,4.9
426,16.01.2022,6:08:05,13.8,48,2.9
427,16.01.2022,8:08:05,13.7,50.6,3.6
428,16.01.2022,10:08:05,15.2,55.9,6.4
429,16.01.2022,12:08:05,21.6,67.1,15.2
430,16.01.2022,14:08:05,19.8,47.7,8.3
431,16.01.2022,16:08:05,16,54,6.7
432,16.01.2022,18:08:05,15.4,62.7,8.3
433,16.01.2022,20:08:05,15.4,61.6,8
434,16.01.2022,22:08:05,15.5,62.5,8.3
435,17.01.2022,0:08:05,15.5,59.6,7.6
436,17.01.2022,2:08:05,15.5,61.2,8
437,17.01.2022,4:08:05,15.4,60.6,7.8
438,17.01.2022,6:08:05,15.6,55.6,6.7
439,17.01.2022,8:08:05,15.5,61.3,8
440,17.01.2022,10:08:05,16.9,61.7,9.5
441,17.01.2022,12:08:05,24.5,30.7,6.1
442,17.01.2022,14:08:05,19.5,59.1,11.3
443,17.01.2022,16:08:05,17.1,63.9,10.2
444,17.01.2022,18:08:05,16.2,59,8.1
445,17.01.2022,20:08:05,15.8,58.1,7.5
446,17.01.2022,22:08:05,15.7,58.6,7.6
447,18.01.2022,0:08:05,15.6,61.8,8.3
448,18.01.2022,2:08:05,15.5,62.1,8.2
449,18.01.2022,4:08:05,15.5,61.6,8.1
450,18.01.2022,6:08:05,15.6,59.7,7.7
451,18.01.2022,8:08:05,15.5,60.6,7.9
452,18.01.2022,10:08:05,17,61.2,9.4
453,18.01.2022,12:08:05,22.9,72.1,17.6
454,18.01.2022,14:08:05,20.2,50.7,9.6
455,18.01.2022,16:08:05,17,53.7,7.5
456,18.01.2022,18:08:05,16.2,55.6,7.3
457,18.01.2022,20:08:05,15.8,59.6,7.9
458,18.01.2022,22:08:05,15.6,56.2,6.9
459,19.01.2022,0:08:05,15.5,58.8,7.4
460,19.01.2022,2:08:05,15.5,58.5,7.4
461,19.01.2022,4:08:05,15.5,58.2,7.3
462,19.01.2022,6:08:05,15.6,49.4,5
463,19.01.2022,8:08:05,15.5,53.4,6
464,19.01.2022,10:08:05,17,58.4,8.7
465,19.01.2022,12:08:05,23.5,57.4,14.6
466,19.01.2022,14:08:05,20.9,41.6,7.3
467,19.01.2022,16:08:05,17.4,47.9,6.2
468,19.01.2022,18:08:05,16.4,54.9,7.3
469,19.01.2022,20:08:05,16.1,59,8
470,19.01.2022,22:08:05,15.8,58.1,7.5
471,20.01.2022,0:08:05,15.6,55.7,6.7
472,20.01.2022,2:08:05,15.6,59,7.6
473,20.01.2022,4:08:05,15.6,57.8,7.3
474,20.01.2022,6:08:05,15.7,56.2,7
475,20.01.2022,8:08:05,15.6,58.8,7.5
476,20.01.2022,10:08:05,17,59,8.9
477,20.01.2022,12:08:05,24.7,30,5.9
478,20.01.2022,14:08:05,22.2,32.3,4.8
479,20.01.2022,16:08:05,18,50.6,7.6
480,20.01.2022,18:08:05,16.7,56,7.8
481,20.01.2022,20:08:05,16.2,54.2,6.9
482,20.01.2022,22:08:05,15.9,55.5,7
483,21.01.2022,0:08:05,15.8,56.4,7.1
484,21.01.2022,2:08:05,15.7,55.1,6.7
485,21.01.2022,4:08:05,15.6,55.3,6.6
486,21.01.2022,6:08:05,15.8,50,5.4
487,21.01.2022,8:08:05,15.7,57.3,7.2
488,21.01.2022,10:08:05,17.1,54.9,7.9
489,21.01.2022,12:08:05,23.4,68,17.1
490,21.01.2022,14:08:05,21.2,36.3,5.6
491,21.01.2022,16:08:05,17.8,50.7,7.4
492,21.01.2022,18:08:05,16.5,54.9,7.4
493,21.01.2022,20:08:05,16.1,53.9,6.7
494,21.01.2022,22:08:05,15.8,56.1,7
495,22.01.2022,0:08:05,15.7,56.1,6.9
496,22.01.2022,2:08:05,15.6,56.6,7
497,22.01.2022,4:08:05,15.6,54.5,6.4
498,22.01.2022,6:08:05,15.7,50.8,5.5
499,22.01.2022,8:08:05,15.7,51.8,5.8
500,22.01.2022,10:08:05,17.1,52.9,7.4
501,22.01.2022,12:08:05,24.8,29.2,5.6
502,22.01.2022,14:08:05,21.1,46.5,9.1
503,22.01.2022,16:08:05,17.6,61.4,10
504,22.01.2022,18:08:05,16.5,61.4,9
505,22.01.2022,20:08:05,16,61.3,8.5
506,22.01.2022,22:08:05,15.8,56.9,7.2
507,23.01.2022,0:08:05,15.8,59.5,7.9
508,23.01.2022,2:08:05,15.7,56.1,6.9
509,23.01.2022,4:08:05,15.6,58.6,7.5
510,23.01.2022,6:08:05,15.8,48.2,4.8
511,23.01.2022,8:08:05,15.7,54.2,6.4
512,23.01.2022,10:08:05,17.2,55.7,8.2
513,23.01.2022,12:08:05,24.2,50.4,13.2
514,23.01.2022,14:08:05,21.6,41.5,7.9
515,23.01.2022,16:08:05,17.7,52,7.7
516,23.01.2022,18:08:05,16.7,56,7.8
517,23.01.2022,20:08:05,16.1,59.6,8.2
518,23.01.2022,22:08:05,15.9,59.2,7.9
519,24.01.2022,0:08:05,15.7,58.5,7.5
520,24.01.2022,2:08:05,15.7,58.2,7.5
521,24.01.2022,4:08:05,15.6,57.9,7.3
522,24.01.2022,6:08:05,15.7,50.1,5.3
523,24.01.2022,8:08:05,15.7,57.1,7.2
524,24.01.2022,10:08:05,17.1,56.9,8.4
525,24.01.2022,12:08:05,21.7,63.6,14.4
526,24.01.2022,14:08:05,21.5,45.6,9.2
527,24.01.2022,16:08:05,19.8,54.6,10.3
528,24.01.2022,18:08:05,18.4,50,7.7
529,24.01.2022,20:08:05,16.7,53.1,7.1
530,24.01.2022,22:08:05,16.2,50.9,6
531,25.01.2022,0:08:05,15.9,50.3,5.5
532,25.01.2022,2:08:05,15.8,50.3,5.4
533,25.01.2022,4:08:05,15.7,50,5.3
534,25.01.2022,6:08:05,15.8,46.6,4.4
535,25.01.2022,8:08:05,15.7,51.5,5.7
536,25.01.2022,10:08:05,17.1,51.7,7
537,25.01.2022,12:08:05,24.7,44.6,11.8
538,25.01.2022,14:08:05,29.3,31,10.4
539,25.01.2022,16:08:05,27.2,32.6,9.3
540,25.01.2022,18:08:05,21.7,39.2,7.2
541,25.01.2022,20:08:05,19.7,44.6,7.3
542,25.01.2022,22:08:05,18.6,49.5,7.8
543,26.01.2022,0:08:05,17.9,49.1,7
544,26.01.2022,2:08:05,17.6,46.9,6.1
545,26.01.2022,4:08:05,17.3,46.3,5.6
546,26.01.2022,6:08:05,17.1,46.7,5.6
547,26.01.2022,8:08:05,20.5,41.2,6.8
548,26.01.2022,10:08:05,29.3,27.7,8.7
549,26.01.2022,12:08:05,32.3,26.7,10.7
550,26.01.2022,14:08:05,32.3,34.3,14.5
551,26.01.2022,16:08:05,29.8,33.6,12
552,26.01.2022,18:08:05,24,38.4,8.9
553,26.01.2022,20:08:05,21.7,41.1,7.9
554,26.01.2022,22:08:05,20.6,46.3,8.6
555,27.01.2022,0:08:05,19.7,45.9,7.7
556,27.01.2022,2:08:05,19.2,47.2,7.6
557,27.01.2022,4:08:05,18.9,46.1,7
558,27.01.2022,6:08:05,18.6,45.1,6.4
559,27.01.2022,8:08:05,21.7,37.6,6.6
560,27.01.2022,10:08:05,30.3,24.5,7.7
561,27.01.2022,12:08:05,33,23.4,9.3
562,27.01.2022,14:08:05,34.4,21.9,9.5
563,27.01.2022,16:08:05,30.9,24,7.9
564,27.01.2022,18:08:05,23.2,57.1,14.2
565,27.01.2022,20:08:05,21.4,47.8,9.8
566,27.01.2022,22:08:05,20,41.7,6.6
567,28.01.2022,0:08:05,19.2,42.1,6
568,28.01.2022,2:08:05,18.7,44.1,6.2
569,28.01.2022,4:08:05,18.3,41.7,5
570,28.01.2022,6:08:05,18,42,4.9
571,28.01.2022,8:08:05,21.3,37.9,6.3
572,28.01.2022,10:08:05,29.8,23.2,6.5
573,28.01.2022,12:08:05,32.2,21.3,7.3
574,28.01.2022,14:08:05,33.5,19.8,7.3
575,28.01.2022,16:08:05,30,21.2,5.4
576,28.01.2022,18:08:05,22.2,60.6,14.2
577,28.01.2022,20:08:05,19.9,41,6.2
578,28.01.2022,22:08:05,18.9,40.1,5
579,29.01.2022,0:08:05,17.9,37.2,3
580,29.01.2022,2:08:05,17.3,37.6,2.7
581,29.01.2022,4:08:05,16.8,38.3,2.5
582,29.01.2022,6:08:05,16.5,39.8,2.8
583,29.01.2022,8:08:05,19.7,34.1,3.4
584,29.01.2022,10:08:05,28.5,21.7,4.5
585,29.01.2022,12:08:05,31.6,24.6,8.9
586,29.01.2022,14:08:05,31,31.3,12
587,29.01.2022,16:08:05,28.7,30.1,9.4
588,29.01.2022,18:08:05,22.3,34.8,6
589,29.01.2022,20:08:05,19,38.6,4.5
590,29.01.2022,22:08:05,16.9,39.1,2.9
591,30.01.2022,0:08:05,15.3,33.3,-0.7
592,30.01.2022,2:08:05,14.7,35,-0.5
593,30.01.2022,4:08:05,14.4,32,-2
594,30.01.2022,6:08:05,14.3,33.2,-1.6
595,30.01.2022,8:08:05,18.1,32.5,1.3
596,30.01.2022,10:08:05,26.4,20.3,1.8
597,30.01.2022,12:08:05,28.7,18,2
598,30.01.2022,14:08:05,29.8,17.1,2.2
599,30.01.2022,16:08:05,26.2,19.1,0.8
600,30.01.2022,18:08:05,20.4,26.6,0.5
601,30.01.2022,20:08:05,17,52.9,7.3
602,30.01.2022,22:08:05,15.9,38.1,1.6
603,31.01.2022,0:08:05,15.2,36.1,0.2
604,31.01.2022,2:08:05,14.9,36.6,0.2
605,31.01.2022,4:08:05,14.7,35.6,-0.3
606,31.01.2022,6:08:05,14.6,34,-1
607,31.01.2022,8:08:05,18.2,35.5,2.7
608,31.01.2022,10:08:05,26.3,21.9,2.8
609,31.01.2022,12:08:05,28.6,19.8,3.3
610,31.01.2022,14:08:05,29.7,19,3.6
611,31.01.2022,16:08:05,26.2,21.2,2.3
612,31.01.2022,18:08:05,20.4,30.3,2.4
613,31.01.2022,20:08:05,17.9,33.1,1.4
614,31.01.2022,22:08:05,16.3,35.3,0.9
615,01.02.2022,0:08:05,15.4,34.9,0
616,01.02.2022,2:08:05,15,36,0
617,01.02.2022,4:08:05,14.7,35.5,-0.3
618,01.02.2022,6:08:05,14.7,35.6,-0.3
619,01.02.2022,8:08:05,18.4,33.7,2.1
620,01.02.2022,10:08:05,26.5,21.4,2.6
621,01.02.2022,12:08:05,29,19.2,3.2
622,01.02.2022,14:08:05,30.1,17.4,2.7
623,01.02.2022,16:08:05,26.5,19.7,1.5
624,01.02.2022,18:08:05,20.6,25.2,0
625,01.02.2022,20:08:05,17.8,29,-0.4
626,01.02.2022,22:08:05,16.4,29.3,-1.5
627,02.02.2022,0:08:05,15.5,28.9,-2.4
628,02.02.2022,2:08:05,15.1,30.3,-2.1
629,02.02.2022,4:08:05,14.8,29.1,-2.9
630,02.02.2022,6:08:05,14.7,28.8,-3.2
631,02.02.2022,8:08:05,18.3,27.8,-0.5
632,02.02.2022,10:08:05,26.3,17.8,0
633,02.02.2022,12:08:05,26.8,41.8,12.7
634,02.02.2022,14:08:05,28.1,20.3,3.2
635,02.02.2022,16:08:05,24.8,19.9,0.2
636,02.02.2022,18:08:05,17.7,73.1,12.8
637,02.02.2022,20:08:05,15.6,53.3,6.1
638,02.02.2022,22:08:05,15,38.9,1.1
639,03.02.2022,0:08:05,14.7,35.5,-0.3
640,03.02.2022,2:08:05,14.5,36.7,-0.1
641,03.02.2022,4:08:05,14.4,35.1,-0.8
642,03.02.2022,6:08:05,14.4,34,-1.2
643,03.02.2022,8:08:05,18.1,32.6,1.4
644,03.02.2022,10:08:05,25.6,19.4,0.5
645,03.02.2022,12:08:05,27.5,18.1,1.1
646,03.02.2022,14:08:05,28.4,17,1
647,03.02.2022,16:08:05,24.9,18.4,-0.7
648,03.02.2022,18:08:05,19,26.6,-0.6
649,03.02.2022,20:08:05,15.5,54.9,6.4
650,03.02.2022,22:08:05,15.1,41.6,2.1
651,04.02.2022,0:08:05,14.7,38.2,0.6
652,04.02.2022,2:08:05,14.6,37.6,0.3
653,04.02.2022,4:08:05,14.5,36.5,-0.1
654,04.02.2022,6:08:05,14.5,34.8,-0.8
655,04.02.2022,8:08:05,18.3,33.5,1.9
656,04.02.2022,10:08:05,25.8,20,1.1
657,04.02.2022,12:08:05,27.5,45.9,14.8
658,04.02.2022,14:08:05,27,25.3,5.4
659,04.02.2022,16:08:05,24.2,23.5,2
660,04.02.2022,18:08:05,18.5,34.7,2.6
661,04.02.2022,20:08:05,16.7,35.6,1.4
662,04.02.2022,22:08:05,15.7,34.6,0.1
663,05.02.2022,0:08:05,15.2,34.7,-0.2
664,05.02.2022,2:08:05,14.9,34.6,-0.5
665,05.02.2022,4:08:05,14.8,34.7,-0.6
666,05.02.2022,6:08:05,14.7,33.7,-1
667,05.02.2022,8:08:05,18.3,32.3,1.4
668,05.02.2022,10:08:05,25.5,18.3,-0.3
669,05.02.2022,12:08:05,27.1,16.2,-0.6
670,05.02.2022,14:08:05,28.1,15,-0.9
671,05.02.2022,16:08:05,24.5,16.3,-2.6
672,05.02.2022,18:08:05,18.9,24.3,-1.9
673,05.02.2022,20:08:05,17,26.3,-2.4
674,05.02.2022,22:08:05,16,25.8,-3.5
675,06.02.2022,0:08:05,15.4,25.2,-4.3
676,06.02.2022,2:08:05,15.1,25.8,-4.3
677,06.02.2022,4:08:05,15,25.6,-4.5
678,06.02.2022,6:08:05,14.9,25.7,-4.5
679,06.02.2022,8:08:05,18.7,25,-1.7
680,06.02.2022,10:08:05,26,15.2,-2.4
681,06.02.2022,12:08:05,27.5,14.2,-2.1
682,06.02.2022,14:08:05,27,18.8,1.2
683,06.02.2022,16:08:05,24.1,18.1,-1.5
684,06.02.2022,18:08:05,17.3,71.5,12.1
685,06.02.2022,20:08:05,15.5,64.3,8.7
686,06.02.2022,22:08:05,15.1,55.2,6.1
687,07.02.2022,0:08:05,14.9,51.9,5.1
688,07.02.2022,2:08:05,14.9,51.2,4.9
689,07.02.2022,4:08:05,14.8,50.6,4.6
690,07.02.2022,6:08:05,14.8,42,2
691,07.02.2022,8:08:05,18.5,41.7,5.2
692,07.02.2022,10:08:05,26.7,24.3,4.6
693,07.02.2022,12:08:05,28.9,21.4,4.6
694,07.02.2022,14:08:05,30.1,19.9,4.6
695,07.02.2022,16:08:05,26.5,21.8,2.9
696,07.02.2022,18:08:05,20.3,31.2,2.7
697,07.02.2022,20:08:05,17.9,34,1.8
698,07.02.2022,22:08:05,16.4,36.8,1.6
699,08.02.2022,0:08:05,15.6,36.3,0.7
700,08.02.2022,2:08:05,15.2,37.8,0.9
701,08.02.2022,4:08:05,15,38.3,0.9
702,08.02.2022,6:08:05,14.8,38.6,0.8
703,08.02.2022,8:08:05,18.5,34.7,2.6
704,08.02.2022,10:08:05,27.2,21.5,3.3
705,08.02.2022,12:08:05,29.6,19.3,3.7
706,08.02.2022,14:08:05,30.7,18.2,3.8
707,08.02.2022,16:08:05,27.1,20,2.2
708,08.02.2022,18:08:05,19.5,45.4,7.3
709,08.02.2022,20:08:05,17.4,43.3,4.8
710,08.02.2022,22:08:05,15.9,45.2,4
711,09.02.2022,0:08:05,15.2,38.5,1.1
712,09.02.2022,2:08:05,14.9,37.8,0.6
713,09.02.2022,4:08:05,14.7,38.1,0.5
714,09.02.2022,6:08:05,14.6,36.4,-0.1
715,09.02.2022,8:08:05,18.4,33.6,2.1
716,09.02.2022,10:08:05,26.4,20.2,1.7
717,09.02.2022,12:08:05,28.7,18.1,2.1
718,09.02.2022,14:08:05,30,17.5,2.7
719,09.02.2022,16:08:05,26.5,19,1
720,09.02.2022,18:08:05,20.6,27.6,1.2
721,09.02.2022,20:08:05,18.1,30.4,0.4
722,09.02.2022,22:08:05,15.1,78.4,11.3
723,10.02.2022,0:08:05,14.4,57.7,6.1
724,10.02.2022,2:08:05,14.3,56.9,5.8
725,10.02.2022,4:08:05,14.2,46.4,2.8
726,10.02.2022,6:08:05,14.3,43,1.9
727,10.02.2022,8:08:05,18,43,5.2
728,10.02.2022,10:08:05,26.4,25.4,5
729,10.02.2022,12:08:05,28.7,23,5.5
730,10.02.2022,14:08:05,30,21.1,5.3
731,10.02.2022,16:08:05,26.7,23.1,3.9
732,10.02.2022,18:08:05,20.7,31,2.9
733,10.02.2022,20:08:05,18.4,34.9,2.6
734,10.02.2022,22:08:05,16.9,36.1,1.7
735,11.02.2022,0:08:05,15.7,33.7,-0.2
736,11.02.2022,2:08:05,15,33.7,-0.8
737,11.02.2022,4:08:05,14.8,33.8,-0.9
738,11.02.2022,6:08:05,14.8,36.1,0
739,11.02.2022,8:08:05,18.4,32.3,1.5
740,11.02.2022,10:08:05,26.6,21.3,2.6
741,11.02.2022,12:08:05,28.9,19.1,3
742,11.02.2022,14:08:05,30.1,16.9,2.3
743,11.02.2022,16:08:05,26.7,18.7,0.9
744,11.02.2022,18:08:05,21.1,24.3,0
745,11.02.2022,20:08:05,18.2,69,12.4
746,11.02.2022,22:08:05,16.1,40,2.5
747,12.02.2022,0:08:05,15.2,31.9,-1.4
748,12.02.2022,2:08:05,14.7,31.9,-1.8
749,12.02.2022,4:08:05,14.6,33.9,-1.1
750,12.02.2022,6:08:05,14.5,33.6,-1.3
751,12.02.2022,8:08:05,18.5,31.4,1.2
752,12.02.2022,10:08:05,26.8,19.1,1.3
753,12.02.2022,12:08:05,28.9,16.1,0.6
754,12.02.2022,14:08:05,28.2,27,7.4
755,12.02.2022,16:08:05,25.1,21.4,1.5
756,12.02.2022,18:08:05,19.5,29.1,1
757,12.02.2022,20:08:05,17,30.8,-0.3
758,12.02.2022,22:08:05,15.9,31.1,-1.1
759,13.02.2022,0:08:05,15.2,31.6,-1.5
760,13.02.2022,2:08:05,14.9,31.9,-1.6
761,13.02.2022,4:08:05,14.8,32.6,-1.4
762,13.02.2022,6:08:05,14.8,34.1,-0.8
763,13.02.2022,8:08:05,18.5,30.6,0.8
764,13.02.2022,10:08:05,26.6,20.2,1.9
765,13.02.2022,12:08:05,29.1,18,2.3
766,13.02.2022,14:08:05,28.1,27.4,7.5
767,13.02.2022,16:08:05,25.2,24.6,3.5
768,13.02.2022,18:08:05,19.7,33.6,3.2
769,13.02.2022,20:08:05,17.3,36.9,2.4
770,13.02.2022,22:08:05,15.9,33.8,0
771,14.02.2022,0:08:05,15.2,33.4,-0.7
772,14.02.2022,2:08:05,15,32,-1.5
773,14.02.2022,4:08:05,14.8,31.8,-1.7
774,14.02.2022,6:08:05,14.8,33.1,-1.2
775,14.02.2022,8:08:05,18.4,30.6,0.8
776,14.02.2022,10:08:05,21.8,67.6,15.5
777,14.02.2022,12:08:05,27.1,24.4,5
778,14.02.2022,14:08:05,29.1,19.4,3.4
779,14.02.2022,16:08:05,25.9,20.3,1.4
780,14.02.2022,18:08:05,20.4,26.8,0.6
781,14.02.2022,20:08:05,17.9,30.2,0.1
782,14.02.2022,22:08:05,16.4,32.9,0
783,15.02.2022,0:08:05,15.5,29.7,-2.1
784,15.02.2022,2:08:05,15.1,30.6,-2
785,15.02.2022,4:08:05,14.9,31,-2
786,15.02.2022,6:08:05,14.9,32,-1.6
787,15.02.2022,8:08:05,18.5,29.1,0.1
788,15.02.2022,10:08:05,26.6,18.3,0.5
789,15.02.2022,12:08:05,27.5,31.7,9.2
790,15.02.2022,14:08:05,29.3,21.1,4.7
791,15.02.2022,16:08:05,26.2,21.4,2.4
792,15.02.2022,18:08:05,20.8,31.1,3.1
793,15.02.2022,20:08:05,19.1,33.2,2.5
794,15.02.2022,22:08:05,18.1,33.1,1.6
795,16.02.2022,0:08:05,17.5,32,0.6
796,16.02.2022,2:08:05,17.2,30.7,-0.1
797,16.02.2022,4:08:05,16.9,31,-0.3
798,16.02.2022,6:08:05,16.7,31.4,-0.3
799,16.02.2022,8:08:05,20.2,27.4,0.8
800,16.02.2022,10:08:05,28,17.7,1.2
801,16.02.2022,12:08:05,28.3,29.5,8.8
802,16.02.2022,14:08:05,30,20.1,4.6
803,16.02.2022,16:08:05,26.9,20.6,2.4
804,16.02.2022,18:08:05,21,28.7,2.1
805,16.02.2022,20:08:05,19.1,31.1,1.6
806,16.02.2022,22:08:05,18.3,33.1,1.8
807,17.02.2022,0:08:05,17.9,34.5,2
808,17.02.2022,2:08:05,17.7,35.6,2.3
809,17.02.2022,4:08:05,17.6,36.3,2.4
810,17.02.2022,6:08:05,17.5,37.2,2.7
811,17.02.2022,8:08:05,21.1,32,3.7
812,17.02.2022,10:08:05,28.8,20.7,4.1
813,17.02.2022,12:08:05,30.8,18.9,4.4
814,17.02.2022,14:08:05,30,26.4,8.6
815,17.02.2022,16:08:05,27.4,25.4,5.8
816,17.02.2022,18:08:05,21.7,38.6,7
817,17.02.2022,20:08:05,19.3,42.4,6.2
818,17.02.2022,22:08:05,18.3,44.2,5.9
819,18.02.2022,0:08:05,17.8,48,6.6
820,18.02.2022,2:08:05,17.6,44.8,5.4
821,18.02.2022,4:08:05,17.4,45.6,5.5
822,18.02.2022,6:08:05,17.2,45.4,5.3
823,18.02.2022,8:08:05,20.8,40.6,6.9
824,18.02.2022,10:08:05,26.4,40.2,11.7
825,18.02.2022,12:08:05,29.5,25.9,7.9
826,18.02.2022,14:08:05,31,21.4,6.4
827,18.02.2022,16:08:05,27.3,22,3.7
828,18.02.2022,18:08:05,21.3,34.5,5
829,18.02.2022,20:08:05,19.3,38.2,4.7
830,18.02.2022,22:08:05,18.4,39.2,4.2
831,19.02.2022,0:08:05,17.9,40,4.1
832,19.02.2022,2:08:05,17.6,40.3,3.9
833,19.02.2022,4:08:05,17.6,42.3,4.6
834,19.02.2022,6:08:05,17.5,41.9,4.4
835,19.02.2022,8:08:05,21,36.2,5.4
836,19.02.2022,10:08:05,28.8,22,4.9
837,19.02.2022,12:08:05,31.2,23.4,7.8
838,19.02.2022,14:08:05,31.6,20.2,6
839,19.02.2022,16:08:05,27.8,22.6,4.5
840,19.02.2022,18:08:05,21.9,30.1,3.6
841,19.02.2022,20:08:05,19.6,39.5,5.4
842,19.02.2022,22:08:05,18.6,40.6,4.9
843,20.02.2022,0:08:05,18,38.9,3.8
844,20.02.2022,2:08:05,17.7,38.9,3.5
845,20.02.2022,4:08:05,17.6,40,3.8
846,20.02.2022,6:08:05,17.5,40.3,3.8
847,20.02.2022,8:08:05,21.1,35.8,5.3
848,20.02.2022,10:08:05,27.1,30.8,8.4
849,20.02.2022,12:08:05,29.5,22.5,5.8
850,20.02.2022,14:08:05,30.7,19.3,4.6
851,20.02.2022,16:08:05,27,20.7,2.6
852,20.02.2022,18:08:05,21.1,30.4,3
853,20.02.2022,20:08:05,19.2,35.8,3.7
854,20.02.2022,22:08:05,18.3,35.3,2.7
855,21.02.2022,0:08:05,17.9,35.5,2.4
856,21.02.2022,2:08:05,17.7,35.9,2.4
857,21.02.2022,4:08:05,17.5,36.8,2.5
858,21.02.2022,6:08:05,17.5,38.9,3.3
859,21.02.2022,8:08:05,21,33.5,4.3
860,21.02.2022,10:08:05,28.3,21.1,3.9
861,21.02.2022,12:08:05,30.3,22.2,6.3
862,21.02.2022,14:08:05,30.6,20.8,5.6
863,21.02.2022,16:08:05,27.2,21.4,3.2
864,21.02.2022,18:08:05,21.4,28.7,2.5
865,21.02.2022,20:08:05,19.4,35.9,3.9
866,21.02.2022,22:08:05,18.4,36.7,3.3
867,22.02.2022,0:08:05,17.9,38.2,3.4
868,22.02.2022,2:08:05,17.6,37.9,3
869,22.02.2022,4:08:05,17.5,39.5,3.5
870,22.02.2022,6:08:05,17.5,40.6,3.9
871,22.02.2022,8:08:05,21,35.6,5.2
872,22.02.2022,10:08:05,25.2,46.1,12.7
873,22.02.2022,12:08:05,29.1,26.1,7.7
874,22.02.2022,14:08:05,30.8,21.8,6.5
875,22.02.2022,16:08:05,27.5,22.3,4
876,22.02.2022,18:08:05,22.2,31.6,4.5
877,22.02.2022,20:08:05,19.8,38.7,5.3
878,22.02.2022,22:08:05,18.5,39.9,4.6
879,23.02.2022,0:08:05,17.9,41.3,4.5
880,23.02.2022,2:08:05,17.6,39.4,3.6
881,23.02.2022,4:08:05,17.4,40,3.6
882,23.02.2022,6:08:05,17.2,39.5,3.3
883,23.02.2022,8:08:05,20.8,36.2,5.2
884,23.02.2022,10:08:05,28.1,22.9,4.9
885,23.02.2022,12:08:05,28.4,27.7,7.9
886,23.02.2022,14:08:05,30,21.6,5.7
887,23.02.2022,16:08:05,26.6,21.6,2.8
888,23.02.2022,18:08:05,21,29.8,2.6
889,23.02.2022,20:08:05,19.1,36,3.6
890,23.02.2022,22:08:05,18.2,35.5,2.7
891,24.02.2022,0:08:05,17.7,35.7,2.3
892,24.02.2022,2:08:05,17.5,35.3,2
893,24.02.2022,4:08:05,17.3,35,1.7
894,24.02.2022,6:08:05,17.3,35.5,1.9
895,24.02.2022,8:08:05,20.7,32,3.4
896,24.02.2022,10:08:05,23.5,51.3,12.8
897,24.02.2022,12:08:05,28.7,23.8,6
898,24.02.2022,14:08:05,30.1,18.4,3.5
899,24.02.2022,16:08:05,26.6,19.1,1.1
900,24.02.2022,18:08:05,21.2,26.5,1.2
901,24.02.2022,20:08:05,19.3,32.2,2.2
902,24.02.2022,22:08:05,18.4,32.1,1.4
903,25.02.2022,0:08:05,17.8,30.9,0.4
904,25.02.2022,2:08:05,17.5,31.5,0.4
905,25.02.2022,4:08:05,17.4,32.3,0.6
906,25.02.2022,6:08:05,17.3,32.6,0.7
907,25.02.2022,8:08:05,20.9,30.6,2.9
908,25.02.2022,10:08:05,28.7,19.1,2.8
909,25.02.2022,12:08:05,28.5,31.8,10.1
910,25.02.2022,14:08:05,31.2,20.7,6
911,25.02.2022,16:08:05,27.7,19.8,2.5
912,25.02.2022,18:08:05,21.6,24,0.1
913,25.02.2022,20:08:05,19.5,31.3,2
914,25.02.2022,22:08:05,18.5,30.9,1
915,26.02.2022,0:08:05,18,31.6,0.9
916,26.02.2022,2:08:05,17.7,31.5,0.5
917,26.02.2022,4:08:05,17.5,31.9,0.5
918,26.02.2022,6:08:05,17.4,32.4,0.7
919,26.02.2022,8:08:05,21.2,28.7,2.3
920,26.02.2022,10:08:05,27.3,36.9,11.2
921,26.02.2022,12:08:05,29.4,26.2,8
922,26.02.2022,14:08:05,30.6,22.9,7
923,26.02.2022,16:08:05,26.8,24.3,4.7
924,26.02.2022,18:08:05,21,31.8,3.6
925,26.02.2022,20:08:05,19.2,39,4.9
926,26.02.2022,22:08:05,18.3,40.9,4.7
927,27.02.2022,0:08:05,17.8,39.7,3.9
928,27.02.2022,2:08:05,17.6,38.9,3.4
929,27.02.2022,4:08:05,17.4,38.1,2.9
930,27.02.2022,6:08:05,17.3,38.6,3
931,27.02.2022,8:08:05,20.9,32,3.6
932,27.02.2022,10:08:05,28.4,19,2.5
933,27.02.2022,12:08:05,27.5,36.1,11.1
934,27.02.2022,14:08:05,29.2,21.3,4.8
935,27.02.2022,16:08:05,25.6,20.3,1.2
936,27.02.2022,18:08:05,20.4,34.1,4
937,27.02.2022,20:08:05,18.9,36.4,3.6
938,27.02.2022,22:08:05,18,37.8,3.4
939,28.02.2022,0:08:05,17.7,37.5,3
940,28.02.2022,2:08:05,17.5,37.4,2.8
941,28.02.2022,4:08:05,17.4,37.6,2.8
942,28.02.2022,6:08:05,17.3,37,2.4
943,28.02.2022,8:08:05,20.9,30.7,3
944,28.02.2022,10:08:05,28.3,19,2.4
945,28.02.2022,12:08:05,26.9,37.9,11.3
946,28.02.2022,14:08:05,30.2,25.5,8.2
947,28.02.2022,16:08:05,27.2,22.2,3.7
948,28.02.2022,18:08:05,20.7,29.9,2.4
949,28.02.2022,20:08:05,18.8,32.7,2
950,28.02.2022,22:08:05,18,32.9,1.4
951,01.03.2022,0:08:05,17.6,33.3,1.2
952,01.03.2022,2:08:05,17.3,33.4,1
953,01.03.2022,4:08:05,17.1,33.3,0.8
954,01.03.2022,6:08:05,17.2,32.8,0.7
955,01.03.2022,8:08:05,20.8,27.8,1.5
956,01.03.2022,10:08:05,25.8,31.3,7.5
957,01.03.2022,12:08:05,28.6,21.9,4.7
958,01.03.2022,14:08:05,29.9,18.1,3.1
959,01.03.2022,16:08:05,26.3,19.6,1.2
960,01.03.2022,18:08:05,20.6,25.8,0.3
961,01.03.2022,20:08:05,18.7,27.7,-0.3
962,01.03.2022,22:08:05,17.9,28.4,-0.6
963,02.03.2022,0:08:05,17.5,29.4,-0.5
964,02.03.2022,2:08:05,17.2,29.9,-0.5
965,02.03.2022,4:08:05,16.9,30,-0.7
966,02.03.2022,6:08:05,16.7,30.1,-0.8
967,02.03.2022,8:08:05,20.3,26.9,0.6
968,02.03.2022,10:08:05,28.2,17.3,1.1
969,02.03.2022,12:08:05,28.3,27.8,7.9
970,02.03.2022,14:08:05,30.7,19,4.4
971,02.03.2022,16:08:05,27.2,19.5,1.9
972,02.03.2022,18:08:05,21.3,25.3,0.6
973,02.03.2022,20:08:05,18.9,27.4,-0.2
974,02.03.2022,22:08:05,18,26.9,-1.3
975,03.03.2022,0:08:05,17.7,27.2,-1.4
976,03.03.2022,2:08:05,17.4,28,-1.2
977,03.03.2022,4:08:05,17.1,28.5,-1.2
978,03.03.2022,6:08:05,16.9,28.4,-1.5
979,03.03.2022,8:08:05,20.5,25.6,0.1
980,03.03.2022,10:08:05,28.7,16.4,0.7
981,03.03.2022,12:08:05,30.9,14.9,1.1
982,03.03.2022,14:08:05,30.2,30.9,11.1
983,03.03.2022,16:08:05,29.4,21.9,5.4
984,03.03.2022,18:08:05,23.4,26.6,3.1
985,03.03.2022,20:08:05,20.6,29.8,2.3
986,03.03.2022,22:08:05,19.1,30.2,1.2
987,04.03.2022,0:08:05,18.1,29.5,0
988,04.03.2022,2:08:05,17.4,29,-0.7
989,04.03.2022,4:08:05,16.8,29.4,-1.1
990,04.03.2022,6:08:05,16.3,30.2,-1.1
991,04.03.2022,8:08:05,19.5,25.8,-0.5
992,04.03.2022,10:08:05,27.5,18.9,1.7
993,04.03.2022,12:08:05,28.7,51.9,17.8
994,04.03.2022,14:08:05,29.7,34.3,12.2
995,04.03.2022,16:08:05,28,33.8,10.5
996,04.03.2022,18:08:05,23.1,43.3,9.9
997,04.03.2022,20:08:05,21.2,42.3,7.8
998,04.03.2022,22:08:05,20.3,42.4,7.1
999,05.03.2022,0:08:05,19.8,42.4,6.6
1000,05.03.2022,2:08:05,19.5,44.1,6.9
1001,05.03.2022,4:08:05,19.3,45.2,7.1
1002,05.03.2022,6:08:05,19.1,43.7,6.4
1003,05.03.2022,8:08:05,22.6,33.7,5.8
1004,05.03.2022,10:08:05,30.9,24.6,8.3
1005,05.03.2022,12:08:05,33.6,22.4,9.2
1006,05.03.2022,14:08:05,34.9,20.7,9.1
1007,05.03.2022,16:08:05,31.5,22.5,7.5
1008,05.03.2022,18:08:05,24.5,24.8,3
1009,05.03.2022,20:08:05,22.6,28.5,3.4
1010,05.03.2022,22:08:05,21.6,29.9,3.2
1011,06.03.2022,0:08:05,20.9,30.3,2.8
1012,06.03.2022,2:08:05,20.4,30.6,2.5
1013,06.03.2022,4:08:05,20.1,30.6,2.2
1014,06.03.2022,6:08:05,19.7,30.5,1.8
1015,06.03.2022,8:08:05,23.2,25.6,2.4
1016,06.03.2022,10:08:05,28.3,35.8,11.7
1017,06.03.2022,12:08:05,31.3,19.3,5.1
1018,06.03.2022,14:08:05,32.7,16.2,3.7
1019,06.03.2022,16:08:05,28.8,16.7,1
1020,06.03.2022,18:08:05,22.6,18.7,-2.3
1021,06.03.2022,20:08:05,20.3,22.8,-1.6
1022,06.03.2022,22:08:05,19,23.4,-2.3
1023,07.03.2022,0:08:05,18.3,24.5,-2.3
1024,07.03.2022,2:08:05,17.8,25.6,-2.1
1025,07.03.2022,4:08:05,17.5,26.2,-2
1026,07.03.2022,6:08:05,17.2,26.7,-2
1027,07.03.2022,8:08:05,20.7,23.5,-0.8
1028,07.03.2022,10:08:05,24.3,65.6,17.4
1029,07.03.2022,12:08:05,29.8,24.9,7.6
1030,07.03.2022,14:08:05,32.7,20.4,7.1
1031,07.03.2022,16:08:05,29.8,22.9,6.3
1032,07.03.2022,18:08:05,24.8,27,4.5
1033,07.03.2022,20:08:05,22.9,29,3.9
1034,07.03.2022,22:08:05,21.7,30.1,3.4
1035,08.03.2022,0:08:05,21.1,30.3,3
1036,08.03.2022,2:08:05,20.6,29.6,2.2
1037,08.03.2022,4:08:05,20.2,29.2,1.7
1038,08.03.2022,6:08:05,19.8,28.8,1.1
1039,08.03.2022,8:08:05,23.4,25.6,2.6
1040,08.03.2022,10:08:05,28.7,34.7,11.6
1041,08.03.2022,12:08:05,32.3,18.4,5.2
1042,08.03.2022,14:08:05,35.1,18.3,7.4
1043,08.03.2022,16:08:05,30.8,17,2.9
1044,08.03.2022,18:08:05,24.4,20.5,0.3
1045,08.03.2022,20:08:05,22,20.6,-1.5
1046,08.03.2022,22:08:05,20.4,19.5,-3.6
1047,09.03.2022,0:08:05,19.2,19.7,-4.4
1048,09.03.2022,2:08:05,18.4,19.5,-5.2
1049,09.03.2022,4:08:05,17.7,19.1,-6.1
1050,09.03.2022,6:08:05,17.1,18.5,-7
1051,09.03.2022,8:08:05,20.2,17.1,-5.5
1052,09.03.2022,10:08:05,28.9,12.7,-2.5
1053,09.03.2022,12:08:05,28.4,29.3,8.8
1054,09.03.2022,14:08:05,30.2,17.6,2.9
1055,09.03.2022,16:08:05,25.8,17.5,-0.6
1056,09.03.2022,18:08:05,20.7,18.7,-3.9
1057,09.03.2022,20:08:05,18,18.3,-6.4
1058,09.03.2022,22:08:05,16.1,20.8,-6.3
1059,10.03.2022,0:08:05,14.7,21.1,-7.3
1060,10.03.2022,2:08:05,13.6,21,-8.2
1061,10.03.2022,4:08:05,12.7,20.8,-9.1
1062,10.03.2022,6:08:05,12.2,21.1,-9.3
1063,10.03.2022,8:08:05,15.6,18,-8.6
1064,10.03.2022,10:08:05,24.3,12.8,-6
1065,10.03.2022,12:08:05,23,62.9,15.5
1066,10.03.2022,14:08:05,27.3,19.5,2
1067,10.03.2022,16:08:05,24.5,17.4,-1.8
1068,10.03.2022,18:08:05,18.4,17.9,-6.3
1069,10.03.2022,20:08:05,16.3,20,-6.6
1070,10.03.2022,22:08:05,14.9,22.8,-6.1
1071,11.03.2022,0:08:05,14,22.4,-7.1
1072,11.03.2022,2:08:05,13.3,22.9,-7.4
1073,11.03.2022,4:08:05,12.6,22.9,-8
1074,11.03.2022,6:08:05,12.1,23.4,-8.1
1075,11.03.2022,8:08:05,15.8,20.1,-7
1076,11.03.2022,10:08:05,24.8,14.5,-4
1077,11.03.2022,12:08:05,26.8,38.2,11.3
1078,11.03.2022,14:08:05,28.7,22.5,5.2
1079,11.03.2022,16:08:05,25.9,20.1,1.3
1080,11.03.2022,18:08:05,19.7,20,-3.8
1081,11.03.2022,20:08:05,17.4,21.8,-4.6
1082,11.03.2022,22:08:05,17.3,28.6,-1
1083,12.03.2022,0:08:05,17.1,26.4,-2.3
1084,12.03.2022,2:08:05,16.8,26.3,-2.6
1085,12.03.2022,4:08:05,16.6,27.1,-2.4
1086,12.03.2022,6:08:05,16.5,28,-2
1087,12.03.2022,8:08:05,20.1,24.6,-0.7
1088,12.03.2022,10:08:05,28.5,18.8,2.5
1089,12.03.2022,12:08:05,30.5,22.7,6.8
1090,12.03.2022,14:08:05,30.8,19,4.5
1091,12.03.2022,16:08:05,26.8,20.4,2.2
1092,12.03.2022,18:08:05,20.6,23.2,-1.1
1093,12.03.2022,20:08:05,18.2,24.9,-2.1
1094,12.03.2022,22:08:05,17,25.7,-2.7
1095,13.03.2022,0:08:05,16.1,26.1,-3.3
1096,13.03.2022,2:08:05,15.4,26.9,-3.5
1097,13.03.2022,4:08:05,14.9,27.6,-3.6
1098,13.03.2022,6:08:05,14.5,27.5,-4
1099,13.03.2022,8:08:05,18,25.8,-1.8
1100,13.03.2022,10:08:05,26.6,19.1,1.1
1101,13.03.2022,12:08:05,25.4,67.4,18.9
1102,13.03.2022,14:08:05,30.6,24.1,7.8
1103,13.03.2022,16:08:05,28.3,22.8,5
1104,13.03.2022,18:08:05,22.9,29.8,4.3
1105,13.03.2022,20:08:05,20.6,31,2.8
1106,13.03.2022,22:08:05,19.5,30.8,1.8
1107,14.03.2022,0:08:05,18.9,31.1,1.4
1108,14.03.2022,2:08:05,18.4,31.5,1.2
1109,14.03.2022,4:08:05,18.2,31.9,1.2
1110,14.03.2022,6:08:05,17.9,32.6,1.2
1111,14.03.2022,8:08:05,21.5,27.5,1.9
1112,14.03.2022,10:08:05,30.1,20,4.6
1113,14.03.2022,12:08:05,30.7,31.7,11.9
1114,14.03.2022,14:08:05,32.6,20.4,7
1115,14.03.2022,16:08:05,29.1,20,3.8
1116,14.03.2022,18:08:05,23,21.9,0
1117,14.03.2022,20:08:05,20.3,21.8,-2.2
1118,14.03.2022,22:08:05,18.7,22.7,-3
1119,15.03.2022,0:08:05,17.7,22,-4.2
1120,15.03.2022,2:08:05,16.9,22.6,-4.5
1121,15.03.2022,4:08:05,16.2,23.6,-4.5
1122,15.03.2022,6:08:05,15.5,23.4,-5.2
1123,15.03.2022,8:08:05,19.1,21.5,-3.3
1124,15.03.2022,10:08:05,27.3,15.6,-1
1125,15.03.2022,12:08:05,30.3,14,-0.1
1126,15.03.2022,14:08:05,32,12.9,0
1127,15.03.2022,16:08:05,28.4,13.7,-1.9
1128,15.03.2022,18:08:05,22,16,-4.9
1129,15.03.2022,20:08:05,19.5,17.1,-6
1130,15.03.2022,22:08:05,17.9,17.9,-6.7
1131,16.03.2022,0:08:05,16.9,18.6,-7.1
1132,16.03.2022,2:08:05,16.1,19.2,-7.3
1133,16.03.2022,4:08:05,15.4,20,-7.4
1134,16.03.2022,6:08:05,14.8,20.7,-7.4
1135,16.03.2022,8:08:05,18.4,19.5,-5.2
1136,16.03.2022,10:08:05,24.3,45.5,11.7
1137,16.03.2022,12:08:05,28.9,19.3,3.2
1138,16.03.2022,14:08:05,31,18.5,4.3
1139,16.03.2022,16:08:05,28.5,19.5,3
1140,16.03.2022,18:08:05,21.5,17.9,-3.8
1141,16.03.2022,20:08:05,19.6,22.9,-2.1
1142,16.03.2022,22:08:05,18.5,25.6,-1.5
1143,17.03.2022,0:08:05,17.7,25.9,-2
1144,17.03.2022,2:08:05,17.1,25.5,-2.7
1145,17.03.2022,4:08:05,16.6,24.3,-3.8
1146,17.03.2022,6:08:05,16.2,24.3,-4.1
1147,17.03.2022,8:08:05,17.2,27.2,-1.8
1148,17.03.2022,10:08:05,24.1,25.7,3.2
1149,17.03.2022,12:08:05,28.9,16.7,1.1
1150,17.03.2022,14:08:05,32.1,18.2,4.9
1151,17.03.2022,16:08:05,28.1,17.5,1.1
1152,17.03.2022,18:08:05,21.7,17,-4.3
1153,17.03.2022,20:08:05,19.4,20.4,-3.8
1154,17.03.2022,22:08:05,19,21.9,-3.2
1155,18.03.2022,0:08:05,17.6,22.2,-4.2
1156,18.03.2022,2:08:05,16.5,22.6,-4.9
1157,18.03.2022,4:08:05,15.7,23.3,-5.1
1158,18.03.2022,6:08:05,15.3,23.4,-5.4
1159,18.03.2022,8:08:05,19,20.5,-4.1
1160,18.03.2022,10:08:05,27.9,15,-1
1161,18.03.2022,12:08:05,29.3,50.1,17.8
1162,18.03.2022,14:08:05,31.3,29.8,11.5
1163,18.03.2022,16:08:05,27.8,27,7
1164,18.03.2022,18:08:05,21.8,26.9,1.9
1165,18.03.2022,20:08:05,19.5,33.9,3.1
1166,18.03.2022,22:08:05,18.2,38.3,3.7
1167,19.03.2022,0:08:05,17.2,36.8,2.3
1168,19.03.2022,2:08:05,16.5,38.3,2.2
1169,19.03.2022,4:08:05,15.9,39.3,2
1170,19.03.2022,6:08:05,15.5,40.1,2
1171,19.03.2022,8:08:05,19.3,31.9,2.1
1172,19.03.2022,10:08:05,28,23,4.9
1173,19.03.2022,12:08:05,32.2,22.3,7.9
1174,19.03.2022,14:08:05,32.7,28.6,12.1
1175,19.03.2022,16:08:05,29.1,24.5,6.7
1176,19.03.2022,18:08:05,24.1,29.6,5.2
1177,19.03.2022,20:08:05,22.1,33,5
1178,19.03.2022,22:08:05,21,37.7,6
1179,20.03.2022,0:08:05,20.2,36.8,4.9
1180,20.03.2022,2:08:05,19.7,36.7,4.4
1181,20.03.2022,4:08:05,19.2,36.4,3.9
1182,20.03.2022,6:08:05,19,36.4,3.7
1183,20.03.2022,8:08:05,22.7,31.6,4.9
1184,20.03.2022,10:08:05,31.6,23.9,8.5
1185,20.03.2022,12:08:05,34.8,20.1,8.6
1186,20.03.2022,14:08:05,34.2,28.4,13.3
1187,20.03.2022,16:08:05,31.8,26.9,10.4
1188,20.03.2022,18:08:05,25.2,26.9,4.8
1189,20.03.2022,20:08:05,22.6,28,3.1
1190,20.03.2022,22:08:05,21.2,29.1,2.5
1191,21.03.2022,0:08:05,20.4,30.2,2.3
1192,21.03.2022,2:08:05,19.6,31.2,2.1
1193,21.03.2022,4:08:05,19,31.5,1.7
1194,21.03.2022,6:08:05,18.5,35.2,2.8
1195,21.03.2022,8:08:05,22.1,30.5,3.9
1196,21.03.2022,10:08:05,30.6,22.3,6.6
1197,21.03.2022,12:08:05,33.7,19.4,7.1
1198,21.03.2022,14:08:05,35.5,20.2,9.2
1199,21.03.2022,16:08:05,29.8,29.9,10.3
1200,21.03.2022,18:08:05,25.7,28.8,6.2
1201,21.03.2022,20:08:05,23.1,29.1,4.1
1202,21.03.2022,22:08:05,21.6,30.7,3.6
1203,22.03.2022,0:08:05,20.5,32.6,3.5
1204,22.03.2022,2:08:05,19.8,32.7,2.9
1205,22.03.2022,4:08:05,19.3,32.6,2.4
1206,22.03.2022,6:08:05,18.9,32.2,1.9
1207,22.03.2022,8:08:05,20.1,28.2,1.1
1208,22.03.2022,10:08:05,19.5,29.7,1.3
1209,22.03.2022,12:08:05,19.6,33.5,3.1
1210,22.03.2022,14:08:05,28.9,28.6,8.8
1211,22.03.2022,16:08:05,31.4,39.4,15.9
1212,22.03.2022,18:08:05,31.9,29.7,12
1213,22.03.2022,20:08:05,32.1,25.2,9.7
1214,22.03.2022,22:08:05,24.6,28.1,4.9
1215,23.03.2022,0:08:05,22.1,29.3,3.3
1216,23.03.2022,2:08:05,20.8,29.9,2.5
1217,23.03.2022,4:08:05,19.9,32.8,3
1218,23.03.2022,6:08:05,19.2,34.3,3
1219,23.03.2022,8:08:05,24,27.9,4.3
1220,23.03.2022,10:08:05,29.9,44.8,16.6
1221,23.03.2022,12:08:05,33.6,31.1,14.1
1222,23.03.2022,14:08:05,35.6,26.1,13.1
1223,23.03.2022,16:08:05,31.6,29,11.3
1224,23.03.2022,18:08:05,25.9,31.3,7.6
1225,23.03.2022,20:08:05,23.4,32.4,5.9
1226,23.03.2022,22:08:05,21.9,31.8,4.3
1227,24.03.2022,0:08:05,20.8,32.4,3.6
1228,24.03.2022,2:08:05,20,32.7,3.1
1229,24.03.2022,4:08:05,19.5,34.7,3.5
1230,24.03.2022,6:08:05,19,40,5.1
1231,24.03.2022,8:08:05,24,29,4.8
1232,24.03.2022,10:08:05,30.6,30.9,11.4
1233,24.03.2022,12:08:05,34.1,23.9,10.6
1234,24.03.2022,14:08:05,34.4,19.2,7.6
1235,24.03.2022,16:08:05,27.1,34.1,9.9
1236,24.03.2022,18:08:05,23.7,33.5,6.7
1237,24.03.2022,20:08:05,21.9,40.6,7.9
1238,24.03.2022,22:08:05,20.7,39.7,6.5
1239,25.03.2022,0:08:05,19.8,38.2,5.1
1240,25.03.2022,2:08:05,19.1,38.5,4.6
1241,25.03.2022,4:08:05,18.4,38.6,4
1242,25.03.2022,6:08:05,18,41.6,4.7
1243,25.03.2022,8:08:05,22.8,30.4,4.5
1244,25.03.2022,10:08:05,30.7,23.6,7.5
1245,25.03.2022,12:08:05,30.7,27.6,9.8
1246,25.03.2022,14:08:05,32.1,22.2,7.8
1247,25.03.2022,16:08:05,27.8,27.7,7.4
1248,25.03.2022,18:08:05,22.4,33.7,5.6
1249,25.03.2022,20:08:05,20.1,37.4,5.1
1250,25.03.2022,22:08:05,18.5,37.7,3.8
1251,26.03.2022,0:08:05,17.4,35.9,2.1
1252,26.03.2022,2:08:05,16.6,35.3,1.2
1253,26.03.2022,4:08:05,16,35.1,0.6
1254,26.03.2022,6:08:05,15.6,35.6,0.4
1255,26.03.2022,8:08:05,21,31.8,3.6
1256,26.03.2022,10:08:05,28.6,22.4,5
1257,26.03.2022,12:08:05,29.2,36.1,12.6
1258,26.03.2022,14:08:05,31.2,25,8.8
1259,26.03.2022,16:08:05,27.2,27.3,6.7
1260,26.03.2022,18:08:05,21.4,34.5,5.1
1261,26.03.2022,20:08:05,19.2,36.6,4
1262,26.03.2022,22:08:05,18,37.1,3.1
1263,27.03.2022,0:08:05,17.2,36,2
1264,27.03.2022,2:08:05,16.4,36.1,1.3
1265,27.03.2022,4:08:05,15.9,37.1,1.2
1266,27.03.2022,6:08:05,15.5,36.5,0.7
1267,27.03.2022,8:08:05,20.6,26.2,0.5
1268,27.03.2022,10:08:05,27.9,18.6,1.8
1269,27.03.2022,12:08:05,29.9,17.2,2.3
1270,27.03.2022,14:08:05,30.3,15.5,1.2
1271,27.03.2022,16:08:05,23.8,48,12.1
1272,27.03.2022,18:08:05,18.2,49.5,7.4
1273,27.03.2022,20:08:05,16.5,51.2,6.3
1274,27.03.2022,22:08:05,15.1,39.8,1.5
1275,28.03.2022,0:08:05,14.1,36.2,-0.6
1276,28.03.2022,2:08:05,13.4,34.5,-1.9
1277,28.03.2022,4:08:05,12.9,33.1,-2.9
1278,28.03.2022,6:08:05,12.6,31.7,-3.7
1279,28.03.2022,8:08:05,17.8,58,9.4
1280,28.03.2022,10:08:05,24.8,28.8,5.4
1281,28.03.2022,12:08:05,27.5,24.5,5.4
1282,28.03.2022,14:08:05,29.1,23,5.8
1283,28.03.2022,16:08:05,25.3,26.6,4.7
1284,28.03.2022,18:08:05,20,33.7,3.5
1285,28.03.2022,20:08:05,17.9,38.2,3.4
1286,28.03.2022,22:08:05,16.4,38.3,2.1
1287,29.03.2022,0:08:05,15.4,37.1,0.8
1288,29.03.2022,2:08:05,14.7,37.3,0.2
1289,29.03.2022,4:08:05,14.3,36.9,-0.2
1290,29.03.2022,6:08:05,14,37.5,-0.2
1291,29.03.2022,8:08:05,19.4,32,2.2
1292,29.03.2022,10:08:05,24.3,77.4,20
1293,29.03.2022,12:08:05,27.1,36.8,11
1294,29.03.2022,14:08:05,30.7,25.9,8.9
1295,29.03.2022,16:08:05,27.2,27.4,6.8
1296,29.03.2022,18:08:05,21.9,29.7,3.4
1297,29.03.2022,20:08:05,19.7,29.2,1.2
1298,29.03.2022,22:08:05,18.7,31.1,1.2
1299,30.03.2022,0:08:05,17.8,32.5,1.1
1300,30.03.2022,2:08:05,17.2,32.6,0.6
1301,30.03.2022,4:08:05,16.8,32.4,0.2
1302,30.03.2022,6:08:05,16.4,32,-0.3
1303,30.03.2022,8:08:05,21.4,23.2,-0.4
1304,30.03.2022,10:08:05,28.8,17.7,1.9
1305,30.03.2022,12:08:05,31.6,15.1,1.9
1306,30.03.2022,14:08:05,32.4,22.3,8.1
1307,30.03.2022,16:08:05,27.9,22.8,4.7
1308,30.03.2022,18:08:05,22.3,32.1,4.8
1309,30.03.2022,20:08:05,19.4,36.3,4
1310,30.03.2022,22:08:05,17.3,31.1,0
1311,31.03.2022,0:08:05,15.9,26.6,-3.2
1312,31.03.2022,2:08:05,14.9,26.7,-4
1313,31.03.2022,4:08:05,14.2,27.4,-4.3
1314,31.03.2022,6:08:05,14,29.7,-3.4
1315,31.03.2022,8:08:05,15.5,34.6,0
1316,31.03.2022,10:08:05,22.1,32.8,5
1317,31.03.2022,12:08:05,24.4,28.4,4.9
1318,31.03.2022,14:08:05,25.5,26.4,4.8
1319,31.03.2022,16:08:05,24.5,25.7,3.5
1320,31.03.2022,18:08:05,20,29.9,1.8
1321,31.03.2022,20:08:05,18,34.6,2.1
1322,31.03.2022,22:08:05,16.6,32.9,0.2
1323,01.04.2022,0:08:05,15.9,33.5,-0.1
1324,01.04.2022,2:08:05,15.2,34.3,-0.4
1325,01.04.2022,4:08:05,14.8,34.3,-0.7
1326,01.04.2022,6:08:05,14.6,34.3,-0.9
1327,01.04.2022,8:08:05,15.7,35.4,0.4
1328,01.04.2022,10:08:05,22.7,27.9,3.2
1329,01.04.2022,12:08:05,25.1,24,3.1
1330,01.04.2022,14:08:05,26.5,21.8,2.9
1331,01.04.2022,16:08:05,25.9,22,2.5
1332,01.04.2022,18:08:05,20.8,25.8,0.5
1333,01.04.2022,20:08:05,18.6,28.8,0.1
1334,01.04.2022,22:08:05,17.2,29.2,-0.8
1335,02.04.2022,0:08:05,16.4,29.2,-1.5
1336,02.04.2022,2:08:05,15.7,29.2,-2.1
1337,02.04.2022,4:08:05,15.2,29.6,-2.4
1338,02.04.2022,6:08:05,14.8,30.8,-2.2
1339,02.04.2022,8:08:05,15.9,32.5,-0.5
1340,02.04.2022,10:08:05,22.9,26.2,2.5
1341,02.04.2022,12:08:05,24.2,28,4.5
1342,02.04.2022,14:08:05,29.8,22.7,6.2
1343,02.04.2022,16:08:05,25.3,23.9,3.2
1344,02.04.2022,18:08:05,20.3,27.4,0.9
1345,02.04.2022,20:08:05,18.2,28.8,-0.2
1346,02.04.2022,22:08:05,16.9,30,-0.7
1347,03.04.2022,0:08:05,15.9,31,-1.1
1348,03.04.2022,2:08:05,15.2,31.7,-1.4
1349,03.04.2022,4:08:05,14.7,31.5,-2
1350,03.04.2022,6:08:05,14.3,31.2,-2.4
1351,03.04.2022,8:08:05,20.1,25.7,-0.1
1352,03.04.2022,10:08:05,25.7,41.2,11.5
1353,03.04.2022,12:08:05,27.8,27.8,7.5
1354,03.04.2022,14:08:05,29.4,23.1,6.1
1355,03.04.2022,16:08:05,24.6,25.6,3.6
1356,03.04.2022,18:08:05,19.5,33.2,2.9
1357,03.04.2022,20:08:05,17.4,37.4,2.7
1358,03.04.2022,22:08:05,16.2,36.8,1.4
1359,04.04.2022,0:08:05,15,27.9,-3.3
1360,04.04.2022,2:08:05,14.2,27.3,-4.3
1361,04.04.2022,4:08:05,13.6,27,-5
1362,04.04.2022,6:08:05,13.1,26.8,-5.5
1363,04.04.2022,8:08:05,19,23.7,-2.1
1364,04.04.2022,10:08:05,26.6,17,-0.4
1365,04.04.2022,12:08:05,27.3,26.1,6.1
1366,04.04.2022,14:08:05,29.8,18.4,3.2
1367,04.04.2022,16:08:05,25.2,20.2,0.8
1368,04.04.2022,18:08:05,20.1,27.1,0.5
1369,04.04.2022,20:08:05,18.1,28.6,-0.3
1370,04.04.2022,22:08:05,17.1,31.9,0.2
1371,05.04.2022,0:08:05,16.3,27,-2.7
1372,05.04.2022,2:08:05,15.7,26.2,-3.6
1373,05.04.2022,4:08:05,15.3,25.9,-4.1
1374,05.04.2022,6:08:05,14.9,26.6,-4.1
1375,05.04.2022,8:08:05,20.7,23.8,-0.6
1376,05.04.2022,10:08:05,27.1,71.3,21.4
1377,05.04.2022,12:08:05,28.3,27.6,7.8
1378,05.04.2022,14:08:05,31,18.9,4.6
1379,05.04.2022,16:08:05,25.2,24.4,3.4
1380,05.04.2022,18:08:05,20.7,28.6,1.8
1381,05.04.2022,20:08:05,18.8,33.4,2.3
1382,05.04.2022,22:08:05,17.8,38.4,3.4
1383,06.04.2022,0:08:05,17,36.6,2
1384,06.04.2022,2:08:05,16.5,35.5,1.2
1385,06.04.2022,4:08:05,16.1,33.9,0.2
1386,06.04.2022,6:08:05,15.5,31.2,-1.4
1387,06.04.2022,8:08:05,16.5,31.8,-0.3
1388,06.04.2022,10:08:05,23.2,23.6,1.2
1389,06.04.2022,12:08:05,24.6,27.4,4.5
1390,06.04.2022,14:08:05,26.1,22.8,3.2
1391,06.04.2022,16:08:05,25.3,20.2,0.8
1392,06.04.2022,18:08:05,20.6,26.6,0.7
1393,06.04.2022,20:08:05,18.4,28.5,-0.1
1394,06.04.2022,22:08:05,17,29.1,-1
1395,07.04.2022,0:08:05,16.1,30.5,-1.2
1396,07.04.2022,2:08:05,15.6,31.3,-1.3
1397,07.04.2022,4:08:05,15.2,32,-1.3
1398,07.04.2022,6:08:05,15,32.7,-1.2
1399,07.04.2022,8:08:05,16.1,35.5,0.8
1400,07.04.2022,10:08:05,23.1,29.2,4.2
1401,07.04.2022,12:08:05,25.5,27.5,5.4
1402,07.04.2022,14:08:05,24.6,51.9,14
1403,07.04.2022,16:08:05,25,36.6,9.1
1404,07.04.2022,18:08:05,21.1,41.7,7.5
1405,07.04.2022,20:08:05,19.7,43.4,6.9
1406,07.04.2022,22:08:05,18.9,45.7,6.9
1407,08.04.2022,0:08:05,18.4,47.8,7.1
1408,08.04.2022,2:08:05,18.1,47.1,6.6
1409,08.04.2022,4:08:05,17.9,45.2,5.8
1410,08.04.2022,6:08:05,17.8,43.7,5.2
1411,08.04.2022,8:08:05,19,43.9,6.4
1412,08.04.2022,10:08:05,25.9,32.3,8
1413,08.04.2022,12:08:05,25.6,57.7,16.6
1414,08.04.2022,14:08:05,28,39.7,13
1415,08.04.2022,16:08:05,27.5,33.7,10.1
1416,08.04.2022,18:08:05,23.1,35.6,7
1417,08.04.2022,20:08:05,21.5,37.3,6.3
1418,08.04.2022,22:08:05,20.5,38.7,5.9
1419,09.04.2022,0:08:05,19.9,43.4,7
1420,09.04.2022,2:08:05,19.4,43.3,6.6
1421,09.04.2022,4:08:05,18.8,41.7,5.5
1422,09.04.2022,6:08:05,18.2,40.3,4.4
1423,09.04.2022,8:08:05,19.1,41.5,5.7
1424,09.04.2022,10:08:05,25.4,31.8,7.4
1425,09.04.2022,12:08:05,26.4,35.7,10
1426,09.04.2022,14:08:05,27.9,30.2,8.8
1427,09.04.2022,16:08:05,27.4,28.3,7.4
1428,09.04.2022,18:08:05,22.8,31.4,4.9
1429,09.04.2022,20:08:05,21.2,34.5,4.9
1430,09.04.2022,22:08:05,20.2,37.5,5.2
1431,10.04.2022,0:08:05,19.6,40.2,5.7
1432,10.04.2022,2:08:05,19.2,41.8,5.9
1433,10.04.2022,4:08:05,18.9,43.3,6.1
1434,10.04.2022,6:08:05,18.6,44.5,6.2
1435,10.04.2022,8:08:05,19.8,45.4,7.6
1436,10.04.2022,10:08:05,25.6,32.6,7.9
1437,10.04.2022,12:08:05,25.5,55,15.7
1438,10.04.2022,14:08:05,26.7,43.5,13.2
1439,10.04.2022,16:08:05,26,37.8,10.5
1440,10.04.2022,18:08:05,21.7,45.2,9.3
1441,10.04.2022,20:08:05,20,54.2,10.4
1442,10.04.2022,22:08:05,19,55.4,9.8
1443,11.04.2022,0:08:05,18.5,58.5,10.2
1444,11.04.2022,2:08:05,18.1,60.3,10.2
1445,11.04.2022,4:08:05,17.5,46.7,5.9
1446,11.04.2022,6:08:05,17.3,45.9,5.5
1447,11.04.2022,8:08:05,18.3,51.1,8
1448,11.04.2022,10:08:05,24.4,39.3,9.6
1449,11.04.2022,12:08:05,22.1,80.8,18.6
1450,11.04.2022,14:08:05,25.4,44.9,12.5
1451,11.04.2022,16:08:05,25.2,36.5,9.2
1452,11.04.2022,18:08:05,20.7,48.1,9.3
1453,11.04.2022,20:08:05,18.9,52.3,8.9
1454,11.04.2022,22:08:05,17.7,46.8,6.1
1455,12.04.2022,0:08:05,16.9,44.6,4.7
1456,12.04.2022,2:08:05,16.5,44.2,4.2
1457,12.04.2022,4:08:05,16.1,44.5,4
1458,12.04.2022,6:08:05,16,45.3,4.1
1459,12.04.2022,8:08:05,17.2,50.9,6.9
1460,12.04.2022,10:08:05,23.8,38.8,8.9
1461,12.04.2022,12:08:05,25.5,40,10.9
1462,12.04.2022,14:08:05,26.9,35.1,10.1
1463,12.04.2022,16:08:05,26.1,32.7,8.4
1464,12.04.2022,18:08:05,21.5,41.1,7.7
1465,12.04.2022,20:08:05,19.6,44.2,7
1466,12.04.2022,22:08:05,18.4,43.6,5.8
1467,13.04.2022,0:08:05,17.6,42.4,4.6
1468,13.04.2022,2:08:05,17,42.3,4.1
1469,13.04.2022,4:08:05,16.6,42.1,3.6
1470,13.04.2022,6:08:05,16.2,42.2,3.3
1471,13.04.2022,8:08:05,17.4,43.9,5
1472,13.04.2022,10:08:05,23.9,34.2,7.1
1473,13.04.2022,12:08:05,25.1,36.4,9.1
1474,13.04.2022,14:08:05,26.3,32,8.2
1475,13.04.2022,16:08:05,25.8,30,6.9
1476,13.04.2022,18:08:05,21.5,34.7,5.2
1477,13.04.2022,20:08:05,19.6,35.7,4
1478,13.04.2022,22:08:05,18.4,36.4,3.2
1479,14.04.2022,0:08:05,17.4,35.3,1.9
1480,14.04.2022,2:08:05,16.6,35.5,1.2
1481,14.04.2022,4:08:05,16.1,35.7,0.9
1482,14.04.2022,6:08:05,15.7,35.3,0.4
1483,14.04.2022,8:08:05,17.2,36.6,2.2
1484,14.04.2022,10:08:05,24,27.4,4
1485,14.04.2022,12:08:05,26.4,23.8,4.1
1486,14.04.2022,14:08:05,27.8,22.1,4.2
1487,14.04.2022,16:08:05,27,21.1,2.8
1488,14.04.2022,18:08:05,22.7,25.2,1.7
1489,14.04.2022,20:08:05,21,28.8,2.2
1490,14.04.2022,22:08:05,20.1,29.2,1.6
1491,15.04.2022,0:08:05,19.5,29.9,1.4
1492,15.04.2022,2:08:05,19.1,30.6,1.4
1493,15.04.2022,4:08:05,18.8,31.1,1.3
1494,15.04.2022,6:08:05,18.3,74.8,13.7
1495,15.04.2022,8:08:05,18.6,62.2,11.2
1496,15.04.2022,10:08:05,24.6,50.5,13.6
1497,15.04.2022,12:08:05,27.2,42.9,13.5
1498,15.04.2022,14:08:05,29.3,40.3,14.4
1499,15.04.2022,16:08:05,28.2,42.6,14.2
1500,15.04.2022,18:08:05,22.8,45,10.2
1501,15.04.2022,20:08:05,21.2,50.4,10.4
1502,15.04.2022,22:08:05,20.3,53.5,10.5
1503,16.04.2022,0:08:05,19.6,54.7,10.2
1504,16.04.2022,2:08:05,19,48.2,7.8
1505,16.04.2022,4:08:05,18.4,43.9,5.9
1506,16.04.2022,6:08:05,17.7,40.9,4.2
1507,16.04.2022,8:08:05,18.5,42.6,5.5
1508,16.04.2022,10:08:05,24.3,34.1,7.4
1509,16.04.2022,12:08:05,26,29.6,6.8
1510,16.04.2022,14:08:05,26.8,27.3,6.4
1511,16.04.2022,16:08:05,23.2,64.7,16.1
1512,16.04.2022,18:08:05,19.4,64.2,12.4
1513,16.04.2022,20:08:05,18.2,68.7,12.3
1514,16.04.2022,22:08:05,17.3,53.2,7.6
1515,17.04.2022,0:08:05,16.5,40.1,2.9
1516,17.04.2022,2:08:05,16.1,34.9,0.6
1517,17.04.2022,4:08:05,15.7,32.6,-0.6
1518,17.04.2022,6:08:05,15.3,32.4,-1.1
1519,17.04.2022,8:08:05,16.7,36.6,1.8
1520,17.04.2022,10:08:05,20.1,90.5,18.4
1521,17.04.2022,12:08:05,23,61.1,15.1
1522,17.04.2022,14:08:05,25.6,35.8,9.3
1523,17.04.2022,16:08:05,25.3,28.2,5.5
1524,17.04.2022,18:08:05,21.1,32.8,4.1
1525,17.04.2022,20:08:05,19.5,35.4,3.8
1526,17.04.2022,22:08:05,18.5,38.3,4
1527,18.04.2022,0:08:05,17.6,31.1,0.3
1528,18.04.2022,2:08:05,17,28.9,-1.1
1529,18.04.2022,4:08:05,16.6,28.6,-1.6
1530,18.04.2022,6:08:05,16.4,30.7,-0.8
1531,18.04.2022,8:08:05,18,32.9,1.4
1532,18.04.2022,10:08:05,24.4,35,7.9
1533,18.04.2022,12:08:05,26.8,28.5,7
1534,18.04.2022,14:08:05,28.2,25.1,6.3
1535,18.04.2022,16:08:05,27.5,22.9,4.4
1536,18.04.2022,18:08:05,23.1,26.3,2.7
1537,18.04.2022,20:08:05,21.6,28.8,2.7
1538,18.04.2022,22:08:05,20.8,31.2,3.1
1539,19.04.2022,0:08:05,20.2,33.3,3.5
1540,19.04.2022,2:08:05,19.8,33.4,3.2
1541,19.04.2022,4:08:05,19.5,32.6,2.6
1542,19.04.2022,6:08:05,19.4,33.2,2.8
1543,19.04.2022,8:08:05,20.6,34.4,4.3
1544,19.04.2022,10:08:05,24.6,58.3,15.8
1545,19.04.2022,12:08:05,27.7,38.6,12.3
1546,19.04.2022,14:08:05,29.3,31.7,10.7
1547,19.04.2022,16:08:05,28.7,28.9,8.8
1548,19.04.2022,18:08:05,24.5,31.7,6.5
1549,19.04.2022,20:08:05,22.9,33.9,6.1
1550,19.04.2022,22:08:05,21.8,35.2,5.7
1551,20.04.2022,0:08:05,21,37.1,5.8
1552,20.04.2022,2:08:05,20.3,36.8,5
1553,20.04.2022,4:08:05,19.7,34.3,3.5
1554,20.04.2022,6:08:05,19.3,32.6,2.4
1555,20.04.2022,8:08:05,20.6,30.2,2.5
1556,20.04.2022,10:08:05,25.9,39.5,11
1557,20.04.2022,12:08:05,27.8,27.3,7.2
1558,20.04.2022,14:08:05,29.6,23.3,6.4
1559,20.04.2022,16:08:05,29.2,21.1,4.7
1560,20.04.2022,18:08:05,25,23.4,2.6
1561,20.04.2022,20:08:05,23.2,25.3,2.2
1562,20.04.2022,22:08:05,22.2,26.3,1.9
1563,21.04.2022,0:08:05,21.6,27.3,1.9
1564,21.04.2022,2:08:05,21.1,28.6,2.1
1565,21.04.2022,4:08:05,20.7,30.2,2.6
1566,21.04.2022,6:08:05,20.5,31.6,3
1567,21.04.2022,8:08:05,21.3,35.7,5.5
1568,21.04.2022,10:08:05,26.4,33.1,8.8
1569,21.04.2022,12:08:05,28.4,28.5,8.4
1570,21.04.2022,14:08:05,29.9,26.2,8.4
1571,21.04.2022,16:08:05,28.9,25.9,7.4
1572,21.04.2022,18:08:05,24.3,30.5,5.8
1573,21.04.2022,20:08:05,22.5,33,5.4
1574,21.04.2022,22:08:05,21.4,35.1,5.3
1575,22.04.2022,0:08:05,20.7,36.7,5.3
1576,22.04.2022,2:08:05,20.2,37.7,5.3
1577,22.04.2022,4:08:05,19.8,38.8,5.3
1578,22.04.2022,6:08:05,19.5,39.7,5.4
1579,22.04.2022,8:08:05,20.8,39.5,6.5
1580,22.04.2022,10:08:05,27.3,30.8,8.6
1581,22.04.2022,12:08:05,28.6,31.2,9.9
1582,22.04.2022,14:08:05,30,27.4,9.1
1583,22.04.2022,16:08:05,29,26.7,7.9
1584,22.04.2022,18:08:05,24.6,31,6.3
1585,22.04.2022,20:08:05,22.9,33.3,5.9
1586,22.04.2022,22:08:05,21.8,35,5.6
1587,23.04.2022,0:08:05,21.1,36.3,5.5
1588,23.04.2022,2:08:05,20.6,37.3,5.5
1589,23.04.2022,4:08:05,20.3,39,5.9
1590,23.04.2022,6:08:05,20,40.4,6.1
1591,23.04.2022,8:08:05,21.5,40.7,7.5
1592,23.04.2022,10:08:05,28,30.6,9.1
1593,23.04.2022,12:08:05,29.7,31.3,10.9
1594,23.04.2022,14:08:05,30.9,27,9.7
1595,23.04.2022,16:08:05,30.2,25.2,8.1
1596,23.04.2022,18:08:05,25.6,28.3,5.9
1597,23.04.2022,20:08:05,23.8,30,5.1
1598,23.04.2022,22:08:05,22.8,31.2,4.8
1599,24.04.2022,0:08:05,22.1,32.1,4.6
1600,24.04.2022,2:08:05,21.5,33.4,4.7
1601,24.04.2022,4:08:05,21.1,34.6,4.8
1602,24.04.2022,6:08:05,20.9,35.3,5
1603,24.04.2022,8:08:05,22.2,35.4,6.1
1604,24.04.2022,10:08:05,28.6,28.3,8.4
1605,24.04.2022,12:08:05,31.1,25.9,9.2
1606,24.04.2022,14:08:05,32.2,26.2,10.3
1607,24.04.2022,16:08:05,30.8,27.4,9.8
1608,24.04.2022,18:08:05,26.1,32.7,8.4
1609,24.04.2022,20:08:05,24.3,35.5,8
1610,24.04.2022,22:08:05,23.2,37.3,7.8
1611,25.04.2022,0:08:05,22.5,38.5,7.6
1612,25.04.2022,2:08:05,22,39.6,7.6
1613,25.04.2022,4:08:05,21.7,39.9,7.4
1614,25.04.2022,6:08:05,21.3,39.8,7
1615,25.04.2022,8:08:05,22.7,40.2,8.4
1616,25.04.2022,10:08:05,29.2,33.7,11.5
1617,25.04.2022,12:08:05,30.9,28.4,10.4
1618,25.04.2022,14:08:05,32.4,25.1,9.9
1619,25.04.2022,16:08:05,31.3,26.1,9.5
1620,25.04.2022,18:08:05,26.5,30.8,7.9
1621,25.04.2022,20:08:05,24.7,33.1,7.4
1622,25.04.2022,22:08:05,23.7,36.8,8
1623,26.04.2022,0:08:05,23.1,38.7,8.2
1624,26.04.2022,2:08:05,22.6,39.6,8.1
1625,26.04.2022,4:08:05,22.3,40.8,8.3
1626,26.04.2022,6:08:05,22,41.5,8.3
1627,26.04.2022,8:08:05,23.4,41.4,9.5
1628,26.04.2022,10:08:05,28.1,84.9,25.3
1629,26.04.2022,12:08:05,28.5,86.2,25.9
1630,26.04.2022,14:08:05,31.7,65.1,24.3
1631,26.04.2022,16:08:05,31.7,45.5,18.4
1632,26.04.2022,18:08:05,26.9,45.6,14.1
1633,26.04.2022,20:08:05,24.7,47.8,12.8
1634,26.04.2022,22:08:05,23.3,46.2,11.1
1635,27.04.2022,0:08:05,22.4,45.4,10
1636,27.04.2022,2:08:05,21.7,45.6,9.4
1637,27.04.2022,4:08:05,21.4,45.7,9.2
1638,27.04.2022,6:08:05,21,45.3,8.7
1639,27.04.2022,8:08:05,22.2,46.1,10
1640,27.04.2022,10:08:05,27.5,42.2,13.5
1641,27.04.2022,12:08:05,29.8,35,12.6
1642,27.04.2022,14:08:05,31,30.6,11.6
1643,27.04.2022,16:08:05,29.9,28.3,9.5
1644,27.04.2022,18:08:05,24.6,30.7,6.2
1645,27.04.2022,20:08:05,22.1,31.5,4.4
1646,27.04.2022,22:08:05,20.4,31.7,3
1647,28.04.2022,0:08:05,19.2,31.1,1.7
1648,28.04.2022,2:08:05,18.3,30.5,0.6
1649,28.04.2022,4:08:05,17.8,29.7,-0.1
1650,28.04.2022,6:08:05,17.5,29.7,-0.3
1651,28.04.2022,8:08:05,18.6,29.4,0.4
1652,28.04.2022,10:08:05,25.5,23.9,3.4
1653,28.04.2022,12:08:05,28.1,31,9.3
1654,28.04.2022,14:08:05,29.2,31.2,10.4
1655,28.04.2022,16:08:05,28.3,26.4,7.1
1656,28.04.2022,18:08:05,22.5,48.5,11.1
1657,28.04.2022,20:08:05,19.4,67,13.1
1658,28.04.2022,22:08:05,18.2,54.4,8.8
1659,29.04.2022,0:08:05,17.4,52.1,7.4
1660,29.04.2022,2:08:05,17,47.4,5.7
1661,29.04.2022,4:08:05,16.9,47.5,5.6
1662,29.04.2022,6:08:05,16.8,48,5.7
1663,29.04.2022,8:08:05,22.3,39.2,7.7
1664,29.04.2022,10:08:05,28.5,28.6,8.5
1665,29.04.2022,12:08:05,29.4,48.8,17.5
1666,29.04.2022,14:08:05,31.5,30.6,12.1
1667,29.04.2022,16:08:05,27.7,31.3,9.1
1668,29.04.2022,18:08:05,22.1,34.6,5.7
1669,29.04.2022,20:08:05,19.7,39.5,5.5
1670,29.04.2022,22:08:05,18.5,40.4,4.8
1671,30.04.2022,0:08:05,17.9,40.4,4.2
1672,30.04.2022,2:08:05,17.7,42,4.6
1673,30.04.2022,4:08:05,17.4,38.7,3.2
1674,30.04.2022,6:08:05,17.4,40.7,3.9
1675,30.04.2022,8:08:05,22.1,32.7,4.9
1676,30.04.2022,10:08:05,29,25,6.9
1677,30.04.2022,12:08:05,26.4,81.6,22.9
1678,30.04.2022,14:08:05,30.2,38.9,14.6
1679,30.04.2022,16:08:05,28.9,30.3,9.7
1680,30.04.2022,18:08:05,22.1,38.9,7.4
1681,30.04.2022,20:08:05,20.3,41.5,6.8
1682,30.04.2022,22:08:05,19.6,44.2,7
1683,01.05.2022,0:08:05,19.3,44.6,6.9
1684,01.05.2022,2:08:05,19.2,44,6.6
1685,01.05.2022,4:08:05,19.2,43.1,6.3
1686,01.05.2022,6:08:05,19,41.8,5.7
1687,01.05.2022,8:08:05,21.6,37.2,6.3
1688,01.05.2022,10:08:05,29.8,24.2,7.1
1689,01.05.2022,12:08:05,26.4,87.3,24.1
1690,01.05.2022,14:08:05,29.5,55.1,19.5
1691,01.05.2022,16:08:05,28.6,38.1,12.9
1692,01.05.2022,18:08:05,22.1,45,9.6
1693,01.05.2022,20:08:05,20.1,49.1,9
1694,01.05.2022,22:08:05,19.4,50.1,8.7
1695,02.05.2022,0:08:05,19,52.5,9
1696,02.05.2022,2:08:05,18.9,53.3,9.2
1697,02.05.2022,4:08:05,18.8,53.5,9.1
1698,02.05.2022,6:08:05,18.8,52.8,8.9
1699,02.05.2022,8:08:05,18.9,56.7,10.1
1700,02.05.2022,10:08:05,19.1,53,9.3
1701,02.05.2022,12:08:05,19.4,54.3,9.9
1702,02.05.2022,14:08:05,19.8,54.3,10.3
1703,02.05.2022,16:08:05,20,55.3,10.7
1704,02.05.2022,18:08:05,19.2,84.2,16.4
1705,02.05.2022,20:08:05,18.9,82.3,15.8
1706,02.05.2022,22:08:05,18.8,79.1,15.1
1707,03.05.2022,0:08:05,18.9,76.9,14.7
1708,03.05.2022,2:08:05,18.8,75.4,14.3
1709,03.05.2022,4:08:05,18.8,74,14
1710,03.05.2022,6:08:05,18.8,72.9,13.8
1711,03.05.2022,8:08:05,18.9,73.3,14
1712,03.05.2022,10:08:05,19.3,73.4,14.4
1713,03.05.2022,12:08:05,19.7,71.8,14.4
1714,03.05.2022,14:08:05,20,70.2,14.4
1715,03.05.2022,16:08:05,24.2,76.7,19.8
1716,03.05.2022,18:08:05,20.8,67.8,14.6
1717,03.05.2022,20:08:05,19.3,71.5,14
1718,03.05.2022,22:08:05,18.6,72,13.4
1719,04.05.2022,0:08:05,18.4,73.4,13.5
1720,04.05.2022,2:08:05,18.3,70.9,12.9
1721,04.05.2022,4:08:05,18.4,70.5,12.9
1722,04.05.2022,6:08:05,18.4,71.5,13.1
1723,04.05.2022,8:08:05,20.3,63.3,13.1
1724,04.05.2022,10:08:05,27.2,58.2,18.2
1725,04.05.2022,12:08:05,29.9,44.7,16.5
1726,04.05.2022,14:08:05,31.2,40.7,16.2
1727,04.05.2022,16:08:05,30,40.4,15
1728,04.05.2022,18:08:05,23.4,50.5,12.5
1729,04.05.2022,20:08:05,20.7,50.6,10
1730,04.05.2022,22:08:05,19.7,55.7,10.6
1731,05.05.2022,0:08:05,19.3,60.1,11.3
1732,05.05.2022,2:08:05,19.1,57.6,10.5
1733,05.05.2022,4:08:05,19,58.7,10.7
1734,05.05.2022,6:08:05,18.9,59.9,10.9
1735,05.05.2022,8:08:05,20.8,51.7,10.5
1736,05.05.2022,10:08:05,28.4,35.9,11.8
1737,05.05.2022,12:08:05,30.7,31.5,11.8
1738,05.05.2022,14:08:05,29.4,60.6,20.9
1739,05.05.2022,16:08:05,28.9,46.2,16.1
1740,05.05.2022,18:08:05,22.8,47.8,11.1
1741,05.05.2022,20:08:05,20.3,53.9,10.6
1742,05.05.2022,22:08:05,19.3,54.3,9.8
1743,06.05.2022,0:08:05,19,55.7,9.9
1744,06.05.2022,2:08:05,18.8,55.5,9.7
1745,06.05.2022,4:08:05,18.7,56.7,9.9
1746,06.05.2022,6:08:05,18.7,57.2,10
1747,06.05.2022,8:08:05,19.4,57.7,10.8
1748,06.05.2022,10:08:05,24.6,54.3,14.7
1749,06.05.2022,12:08:05,29.6,40.3,14.6
1750,06.05.2022,14:08:05,30.8,33.9,13
1751,06.05.2022,16:08:05,27.7,52,16.9
1752,06.05.2022,18:08:05,22.6,52,12.2
1753,06.05.2022,20:08:05,20.2,53.5,10.4
1754,06.05.2022,22:08:05,19.1,51.5,8.8
1755,07.05.2022,0:08:05,18.7,52.2,8.7
1756,07.05.2022,2:08:05,18.6,53.6,9
1757,07.05.2022,4:08:05,18.5,53.1,8.7
1758,07.05.2022,6:08:05,18.5,54.7,9.2
1759,07.05.2022,8:08:05,20,53.5,10.2
1760,07.05.2022,10:08:05,25.3,57.8,16.3
1761,07.05.2022,12:08:05,28.1,39.6,13
1762,07.05.2022,14:08:05,29.5,36.8,13.1
1763,07.05.2022,16:08:05,29.2,36.9,12.9
1764,07.05.2022,18:08:05,23.8,43.4,10.6
1765,07.05.2022,20:08:05,21.7,49.1,10.5
1766,07.05.2022,22:08:05,20.6,49.9,9.7
1767,08.05.2022,0:08:05,20.1,46.5,8.2
1768,08.05.2022,2:08:05,19.9,50.5,9.3
1769,08.05.2022,4:08:05,19.7,47.5,8.2
1770,08.05.2022,6:08:05,19.6,51.7,9.3
1771,08.05.2022,8:08:05,21,42.5,7.7
1772,08.05.2022,10:08:05,23.8,78.7,19.8
1773,08.05.2022,12:08:05,28.5,38.6,13
1774,08.05.2022,14:08:05,30,33.4,12.1
1775,08.05.2022,16:08:05,29.4,33.9,11.8
1776,08.05.2022,18:08:05,24.1,43.6,10.9
1777,08.05.2022,20:08:05,22,46.5,10
1778,08.05.2022,22:08:05,21,45.4,8.7
1779,09.05.2022,0:08:05,20.5,46.8,8.7
1780,09.05.2022,2:08:05,20.2,49.4,9.2
1781,09.05.2022,4:08:05,20,47.3,8.4
1782,09.05.2022,6:08:05,20,48.7,8.8
1783,09.05.2022,8:08:05,21.5,41.9,8
1784,09.05.2022,10:08:05,27.8,29.3,8.2
1785,09.05.2022,12:08:05,29.5,27.1,8.5
1786,09.05.2022,14:08:05,30.3,26.2,8.7
1787,09.05.2022,16:08:05,27.4,50.9,16.3
1788,09.05.2022,18:08:05,23.8,54.7,14.1
1789,09.05.2022,20:08:05,22.9,52.6,12.7
1790,09.05.2022,22:08:05,22.6,51.5,12.1
1791,10.05.2022,0:08:05,22.6,49.7,11.5
1792,10.05.2022,2:08:05,22.5,48.5,11.1
1793,10.05.2022,4:08:05,22.6,47.8,10.9
1794,10.05.2022,6:08:05,22.6,48.7,11.2
1795,10.05.2022,8:08:05,24,41.2,10
1796,10.05.2022,10:08:05,29.6,29.2,9.7
1797,10.05.2022,12:08:05,26.3,79.6,22.4
1798,10.05.2022,14:08:05,29.3,43.7,15.6
1799,10.05.2022,16:08:05,29.2,40.1,14.2
1800,10.05.2022,18:08:05,24.6,45.9,12.1
1801,10.05.2022,20:08:05,23.4,48.6,11.9
1802,10.05.2022,22:08:05,22.9,48.6,11.5
1803,11.05.2022,0:08:05,22.7,45.6,10.3
1804,11.05.2022,2:08:05,22.7,45.2,10.2
1805,11.05.2022,4:08:05,22.6,44.9,10
1806,11.05.2022,6:08:05,22.5,43.4,9.4
1807,11.05.2022,8:08:05,23.9,40.1,9.5
1808,11.05.2022,10:08:05,29.6,30,10.1
1809,11.05.2022,12:08:05,31.1,27.8,10.3
1810,11.05.2022,14:08:05,30.3,41.3,15.6
1811,11.05.2022,16:08:05,29.9,39.3,14.5
1812,11.05.2022,18:08:05,25.1,46.7,12.9
1813,11.05.2022,20:08:05,23.6,53.9,13.7
1814,11.05.2022,22:08:05,22.9,54.6,13.2
1815,12.05.2022,0:08:05,22.6,53.1,12.5
1816,12.05.2022,2:08:05,22.4,52.9,12.3
1817,12.05.2022,4:08:05,22.3,53.4,12.3
1818,12.05.2022,6:08:05,22.3,54,12.5
1819,12.05.2022,8:08:05,23.7,46.9,11.6
1820,12.05.2022,10:08:05,28.5,63.4,20.8
1821,12.05.2022,12:08:05,30,41.9,15.6
1822,12.05.2022,14:08:05,31.4,38.7,15.6
1823,12.05.2022,16:08:05,30.8,38.1,14.8
1824,12.05.2022,18:08:05,25.5,45.2,12.7
1825,12.05.2022,20:08:05,23.7,51.6,13.1
1826,12.05.2022,22:08:05,23.1,54.7,13.4
1827,13.05.2022,0:08:05,22.9,54.8,13.3
1828,13.05.2022,2:08:05,22.8,54.5,13.1
1829,13.05.2022,4:08:05,22.8,54.9,13.2
1830,13.05.2022,6:08:05,22.7,53.8,12.8
1831,13.05.2022,8:08:05,24.1,45.5,11.5
1832,13.05.2022,10:08:05,29.9,33.9,12.2
1833,13.05.2022,12:08:05,31.6,31.2,12.5
1834,13.05.2022,14:08:05,32.5,29.3,12.3
1835,13.05.2022,16:08:05,31.4,30.2,11.8
1836,13.05.2022,18:08:05,23.8,71.2,18.2
1837,13.05.2022,20:08:05,22.7,67,16.2
1838,13.05.2022,22:08:05,22.4,60.7,14.4
1839,14.05.2022,0:08:05,22.4,57.8,13.6
1840,14.05.2022,2:08:05,22.4,61.6,14.6
1841,14.05.2022,4:08:05,22.4,60.5,14.3
1842,14.05.2022,6:08:05,22.4,62.4,14.8
1843,14.05.2022,8:08:05,23.3,67.2,16.8
1844,14.05.2022,10:08:05,29,41.6,14.6
1845,14.05.2022,12:08:05,31,35.6,14
1846,14.05.2022,14:08:05,31.8,33.4,13.7
1847,14.05.2022,16:08:05,30.8,35,13.5
1848,14.05.2022,18:08:05,25.4,45.4,12.7
1849,14.05.2022,20:08:05,23.7,48.3,12.1
1850,14.05.2022,22:08:05,23.2,50.1,12.2
1851,15.05.2022,0:08:05,22.9,52,12.5
1852,15.05.2022,2:08:05,22.8,52.1,12.4
1853,15.05.2022,4:08:05,22.8,52,12.4
1854,15.05.2022,6:08:05,22.7,53,12.6
1855,15.05.2022,8:08:05,24,44.2,11
1856,15.05.2022,10:08:05,29.8,32.1,11.3
1857,15.05.2022,12:08:05,31.5,30,11.8
1858,15.05.2022,14:08:05,30,72.3,24.4
1859,15.05.2022,16:08:05,29.6,42.9,15.6
1860,15.05.2022,18:08:05,25,43.4,11.6
1861,15.05.2022,20:08:05,23.4,52.2,13
1862,15.05.2022,22:08:05,23,52.4,12.7
1863,16.05.2022,0:08:05,22.8,52.7,12.6
1864,16.05.2022,2:08:05,22.7,52.7,12.5
1865,16.05.2022,4:08:05,22.7,50.9,12
1866,16.05.2022,6:08:05,22.7,49.8,11.6
1867,16.05.2022,8:08:05,24,42.9,10.6
1868,16.05.2022,10:08:05,26.9,75.1,22.1
1869,16.05.2022,12:08:05,30.2,44.1,16.6
1870,16.05.2022,14:08:05,31.5,37.4,15.2
1871,16.05.2022,16:08:05,30.4,36.7,13.9
1872,16.05.2022,18:08:05,25.3,43.9,12.1
1873,16.05.2022,20:08:05,23.8,49.8,12.6
1874,16.05.2022,22:08:05,23.2,52.2,12.8
1875,17.05.2022,0:08:05,22.9,55.1,13.4
1876,17.05.2022,2:08:05,23,55.3,13.5
1877,17.05.2022,4:08:05,22.8,55.1,13.3
1878,17.05.2022,6:08:05,22.8,56,13.5
1879,17.05.2022,8:08:05,24.2,46.9,12.1
1880,17.05.2022,10:08:05,25.9,79.1,21.9
1881,17.05.2022,12:08:05,29.7,44.1,16.1
1882,17.05.2022,14:08:05,31,36.9,14.5
1883,17.05.2022,16:08:05,30.1,36.4,13.5
1884,17.05.2022,18:08:05,25.1,45.8,12.6
1885,17.05.2022,20:08:05,23.8,53.4,13.7
1886,17.05.2022,22:08:05,23.2,55.6,13.8
1887,18.05.2022,0:08:05,23,55.8,13.6
1888,18.05.2022,2:08:05,22.9,56.9,13.9
1889,18.05.2022,4:08:05,22.8,54.9,13.2
1890,18.05.2022,6:08:05,22.8,52.8,12.6
1891,18.05.2022,8:08:05,24.2,44.8,11.4
1892,18.05.2022,10:08:05,29.9,32.9,11.8
1893,18.05.2022,12:08:05,31.6,30,11.9
1894,18.05.2022,14:08:05,30.7,43,16.6
1895,18.05.2022,16:08:05,30.3,39.1,14.8
1896,18.05.2022,18:08:05,25.1,42.8,11.5
1897,18.05.2022,20:08:05,23.4,43.4,10.2
1898,18.05.2022,22:08:05,22.8,45.4,10.3
1899,19.05.2022,0:08:05,22.6,45.6,10.2
1900,19.05.2022,2:08:05,22.5,45.8,10.2
1901,19.05.2022,4:08:05,22.5,45.9,10.2
1902,19.05.2022,6:08:05,22.5,46.9,10.6
1903,19.05.2022,8:08:05,24.1,44.6,11.2
1904,19.05.2022,10:08:05,28.9,39.6,13.7
1905,19.05.2022,12:08:05,30.4,34.5,12.9
1906,19.05.2022,14:08:05,30.4,39.3,15
1907,19.05.2022,16:08:05,30.2,36.6,13.7
1908,19.05.2022,18:08:05,24.7,39.3,9.9
1909,19.05.2022,20:08:05,22.3,45.4,9.9
1910,19.05.2022,22:08:05,20.7,45.6,8.5
1911,20.05.2022,0:08:05,19.7,45.9,7.7
1912,20.05.2022,2:08:05,19.1,48,7.8
1913,20.05.2022,4:08:05,18.8,47.4,7.3
1914,20.05.2022,6:08:05,18.5,47.6,7.1
1915,20.05.2022,8:08:05,19.9,39.7,5.8
1916,20.05.2022,10:08:05,25.3,39.2,10.4
1917,20.05.2022,12:08:05,27.8,33.2,10.1
1918,20.05.2022,14:08:05,29.1,30.5,10
1919,20.05.2022,16:08:05,28.6,30.2,9.4
1920,20.05.2022,18:08:05,23.1,33.6,6.2
1921,20.05.2022,20:08:05,20.9,38,6
1922,20.05.2022,22:08:05,19.5,39.5,5.3
1923,21.05.2022,0:08:05,18.9,42.6,5.9
1924,21.05.2022,2:08:05,18.5,43.6,5.8
1925,21.05.2022,4:08:05,18.4,43.3,5.7
1926,21.05.2022,6:08:05,18.2,43.7,5.6
1927,21.05.2022,8:08:05,19.6,36.8,4.4
1928,21.05.2022,10:08:05,24.9,48.4,13.2
1929,21.05.2022,12:08:05,27.7,36.2,11.3
1930,21.05.2022,14:08:05,29.4,32.6,11.2
1931,21.05.2022,16:08:05,28.4,31.2,9.7
1932,21.05.2022,18:08:05,23,34.8,6.6
1933,21.05.2022,20:08:05,20.7,34.8,4.6
1934,21.05.2022,22:08:05,19.4,38.9,5
1935,22.05.2022,0:08:05,18.7,40.8,5.1
1936,22.05.2022,2:08:05,18.4,41.5,5
1937,22.05.2022,4:08:05,18.2,43.3,5.5
1938,22.05.2022,6:08:05,18.1,43,5.3
1939,22.05.2022,8:08:05,19.6,36,4.1
1940,22.05.2022,10:08:05,22.7,86.2,20.2
1941,22.05.2022,12:08:05,26.4,45.6,13.7
1942,22.05.2022,14:08:05,28.4,36.6,12.1
1943,22.05.2022,16:08:05,27.6,33.8,10.2
1944,22.05.2022,18:08:05,22.3,39.4,7.8
1945,22.05.2022,20:08:05,20.3,41.4,6.7
1946,22.05.2022,22:08:05,19.2,42.9,6.2
1947,23.05.2022,0:08:05,18.7,44,6.2
1948,23.05.2022,2:08:05,18.4,48.9,7.4
1949,23.05.2022,4:08:05,18.1,48.8,7.1
1950,23.05.2022,6:08:05,18,48.6,7
1951,23.05.2022,8:08:05,19.4,43.4,6.6
1952,23.05.2022,10:08:05,25.9,32.4,8.1
1953,23.05.2022,12:08:05,28,29.7,8.6
1954,23.05.2022,14:08:05,29.2,29,9.3
1955,23.05.2022,16:08:05,25.5,74.6,20.6
1956,23.05.2022,18:08:05,20.9,58.5,12.4
1957,23.05.2022,20:08:05,19.2,53.4,9.5
1958,23.05.2022,22:08:05,18.4,54.7,9.1
1959,24.05.2022,0:08:05,18,53.4,8.3
1960,24.05.2022,2:08:05,17.8,52.2,7.8
1961,24.05.2022,4:08:05,17.7,52.1,7.7
1962,24.05.2022,6:08:05,17.6,51.5,7.4
1963,24.05.2022,8:08:05,19.1,42,5.8
1964,24.05.2022,10:08:05,25.2,31.6,7.1
1965,24.05.2022,12:08:05,27.2,29.6,7.9
1966,24.05.2022,14:08:05,28.2,29.1,8.5
1967,24.05.2022,16:08:05,26,40,11.3
1968,24.05.2022,18:08:05,21.2,39.7,6.9
1969,24.05.2022,20:08:05,19.5,41.7,6.1
1970,24.05.2022,22:08:05,18.8,45.3,6.7
1971,25.05.2022,0:08:05,18.3,46.2,6.5
1972,25.05.2022,2:08:05,18.2,49.1,7.3
1973,25.05.2022,4:08:05,18,48,6.8
1974,25.05.2022,6:08:05,17.9,49.3,7.1
1975,25.05.2022,8:08:05,19.5,41.9,6.2
1976,25.05.2022,10:08:05,21.9,80.9,18.4
1977,25.05.2022,12:08:05,26.2,40.8,11.8
1978,25.05.2022,14:08:05,28,33.3,10.3
1979,25.05.2022,16:08:05,27.3,31.6,8.9
1980,25.05.2022,18:08:05,22.2,36.8,6.7
1981,25.05.2022,20:08:05,20,40.2,6
1982,25.05.2022,22:08:05,19.1,42,5.8
1983,26.05.2022,0:08:05,18.6,45.3,6.5
1984,26.05.2022,2:08:05,18.4,49.1,7.5
1985,26.05.2022,4:08:05,18.2,49,7.3
1986,26.05.2022,6:08:05,18,48.6,7
1987,26.05.2022,8:08:05,18,51,7.7
1988,26.05.2022,10:08:05,21.2,82.4,18
1989,26.05.2022,12:08:05,23.3,65.9,16.5
1990,26.05.2022,14:08:05,27.4,37.2,11.5
1991,26.05.2022,16:08:05,27.4,35,10.5
1992,26.05.2022,18:08:05,21.9,38.7,7.2
1993,26.05.2022,20:08:05,19.9,41.6,6.4
1994,26.05.2022,22:08:05,19.1,45.6,7
1995,27.05.2022,0:08:05,18.7,47.2,7.2
1996,27.05.2022,2:08:05,18.5,49.2,7.6
1997,27.05.2022,4:08:05,18.4,50.2,7.8
1998,27.05.2022,6:08:05,18.3,50.8,7.9
1999,27.05.2022,8:08:05,20.2,44.5,7.7
2000,27.05.2022,10:08:05,23.1,81.9,19.8
2001,27.05.2022,12:08:05,27.4,49,15.7
2002,27.05.2022,14:08:05,29.2,37.6,13.2
2003,27.05.2022,16:08:05,28.3,37.6,12.4
2004,27.05.2022,18:08:05,22.8,41,8.8
2005,27.05.2022,20:08:05,20.5,40.5,6.6
2006,27.05.2022,22:08:05,19.3,45.2,7.1
2007,28.05.2022,0:08:05,18.8,43.9,6.2
2008,28.05.2022,2:08:05,18.4,46.8,6.8
2009,28.05.2022,4:08:05,18.3,47.1,6.8
2010,28.05.2022,6:08:05,18.1,47,6.6
2011,28.05.2022,8:08:05,19.8,42.4,6.6
2012,28.05.2022,10:08:05,26.4,31.6,8.2
2013,28.05.2022,12:08:05,28.7,32.4,10.5
2014,28.05.2022,14:08:05,30.3,32.6,12
2015,28.05.2022,16:08:05,25.4,67.6,18.9
2016,28.05.2022,18:08:05,21.3,51.6,10.9
2017,28.05.2022,20:08:05,19.8,46.1,7.8
2018,28.05.2022,22:08:05,19.1,46.4,7.3
2019,29.05.2022,0:08:05,18.7,49.2,7.8
2020,29.05.2022,2:08:05,18.5,49.5,7.7
2021,29.05.2022,4:08:05,18.4,48.1,7.2
2022,29.05.2022,6:08:05,18.3,47.7,7
2023,29.05.2022,8:08:05,20.1,43.7,7.3
2024,29.05.2022,10:08:05,26.7,31.9,8.6
2025,29.05.2022,12:08:05,29,31.7,10.5
2026,29.05.2022,14:08:05,30,29.2,10.1
2027,29.05.2022,16:08:05,28.6,30,9.3
2028,29.05.2022,18:08:05,22.8,34,6.1
2029,29.05.2022,20:08:05,18.1,84.3,15.4
2030,29.05.2022,22:08:05,17.9,77.7,13.9
2031,30.05.2022,0:08:05,18.1,60.5,10.3
2032,30.05.2022,2:08:05,18.1,56.3,9.2
2033,30.05.2022,4:08:05,18.1,54.1,8.6
2034,30.05.2022,6:08:05,18.1,52.5,8.2
2035,30.05.2022,8:08:05,19.9,43.4,7
2036,30.05.2022,10:08:05,26.2,40.7,11.8
2037,30.05.2022,12:08:05,29.2,36.1,12.6
2038,30.05.2022,14:08:05,30.8,34,13.1
2039,30.05.2022,16:08:05,29.6,33.2,11.7
2040,30.05.2022,18:08:05,23.7,37,8.1
2041,30.05.2022,20:08:05,21.4,37.2,6.1
2042,30.05.2022,22:08:05,19.9,37.3,4.9
2043,31.05.2022,0:08:05,19.3,38.6,4.8
2044,31.05.2022,2:08:05,18.9,42,5.7
2045,31.05.2022,4:08:05,18.6,41.5,5.2
2046,31.05.2022,6:08:05,18.5,43.4,5.8
2047,31.05.2022,8:08:05,20.2,40.9,6.5
2048,31.05.2022,10:08:05,27.2,31,8.6
2049,31.05.2022,12:08:05,29.4,29,9.5
2050,31.05.2022,14:08:05,27.9,51.7,17
2051,31.05.2022,16:08:05,28.4,39.4,13.2
2052,31.05.2022,18:08:05,23.2,41.1,9.2
2053,31.05.2022,20:08:05,21,41.5,7.4
2054,31.05.2022,22:08:05,19.9,42.9,6.9
2055,01.06.2022,0:08:05,19.2,45.2,7
2056,01.06.2022,2:08:05,18.9,46.6,7.2
2057,01.06.2022,4:08:05,18.7,46.8,7.1
2058,01.06.2022,6:08:05,18.6,48.8,7.6
2059,01.06.2022,8:08:05,20.3,43.6,7.5
2060,01.06.2022,10:08:05,27.2,32.8,9.4
2061,01.06.2022,12:08:05,29.3,30.8,10.3
2062,01.06.2022,14:08:05,30.6,29.5,10.8
2063,01.06.2022,16:08:05,29.6,31.3,10.8
2064,01.06.2022,18:08:05,24,36.3,8.1
2065,01.06.2022,20:08:05,21.1,45.1,8.7
2066,01.06.2022,22:08:05,20,46.7,8.2
2067,02.06.2022,0:08:05,19.3,47.8,7.9
2068,02.06.2022,2:08:05,18.9,47.7,7.5
2069,02.06.2022,4:08:05,18.7,48,7.4
2070,02.06.2022,6:08:05,18.6,48,7.3
2071,02.06.2022,8:08:05,20.4,43.8,7.6
2072,02.06.2022,10:08:05,27.8,35,10.9
2073,02.06.2022,12:08:05,30.3,32.6,12
2074,02.06.2022,14:08:05,31.5,32.1,12.8
2075,02.06.2022,16:08:05,30.4,31.1,11.4
2076,02.06.2022,18:08:05,24.8,38,9.5
2077,02.06.2022,20:08:05,22.5,36.8,7
2078,02.06.2022,22:08:05,21.1,37.2,5.9
2079,03.06.2022,0:08:05,20.1,39.5,5.9
2080,03.06.2022,2:08:05,19.6,39.4,5.4
2081,03.06.2022,4:08:05,19.3,41.6,5.9
2082,03.06.2022,6:08:05,18.9,42,5.7
2083,03.06.2022,8:08:05,20.7,39.5,6.4
2084,03.06.2022,10:08:05,27.6,30.4,8.6
2085,03.06.2022,12:08:05,29.8,30.1,10.4
2086,03.06.2022,14:08:05,31.4,28.2,10.8
2087,03.06.2022,16:08:05,28.3,39.9,13.3
2088,03.06.2022,18:08:05,23.5,40.7,9.3
2089,03.06.2022,20:08:05,21.4,39.8,7.1
2090,03.06.2022,22:08:05,18.9,64.1,11.9
2091,04.06.2022,0:08:05,18.9,51.6,8.7
2092,04.06.2022,2:08:05,18.6,50,7.9
2093,04.06.2022,4:08:05,18.4,49.3,7.5
2094,04.06.2022,6:08:05,18.3,47.6,6.9
2095,04.06.2022,8:08:05,20.1,42.7,7
2096,04.06.2022,10:08:05,26.2,45.1,13.3
2097,04.06.2022,12:08:05,29,37.8,13.1
2098,04.06.2022,14:08:05,30.6,33.9,12.9
2099,04.06.2022,16:08:05,29.5,34.4,12.1
2100,04.06.2022,18:08:05,24.1,38.7,9.1
2101,04.06.2022,20:08:05,21.7,38.4,6.9
2102,04.06.2022,22:08:05,20.4,38.9,5.9
2103,05.06.2022,0:08:05,19.5,40,5.5
2104,05.06.2022,2:08:05,19,42.1,5.8
2105,05.06.2022,4:08:05,18.7,43.3,5.9
2106,05.06.2022,6:08:05,18.5,44.5,6.1
2107,05.06.2022,8:08:05,20.3,40.7,6.5
2108,05.06.2022,10:08:05,26.1,46.4,13.7
2109,05.06.2022,12:08:05,28.9,35,11.9
2110,05.06.2022,14:08:05,30.5,33.5,12.6
2111,05.06.2022,16:08:05,29.7,33.4,11.8
2112,05.06.2022,18:08:05,24.3,39,9.4
2113,05.06.2022,20:08:05,22.4,40.4,8.2
2114,05.06.2022,22:08:05,20.9,39.3,6.5
2115,06.06.2022,0:08:05,19.9,38.2,5.2
2116,06.06.2022,2:08:05,19.2,41.7,5.8
2117,06.06.2022,4:08:05,18.9,42,5.7
2118,06.06.2022,6:08:05,18.7,43.2,5.9
2119,06.06.2022,8:08:05,20.5,38.9,6
2120,06.06.2022,10:08:05,27.4,30.6,8.5
2121,06.06.2022,12:08:05,29.7,27.9,9.1
2122,06.06.2022,14:08:05,31,27,9.8
2123,06.06.2022,16:08:05,29.9,27.9,9.3
2124,06.06.2022,18:08:05,24.2,31.7,6.3
2125,06.06.2022,20:08:05,22.3,36,6.5
2126,06.06.2022,22:08:05,21.2,39.1,6.7
2127,07.06.2022,0:08:05,20.4,39.4,6.1
2128,07.06.2022,2:08:05,19.9,40.4,6
2129,07.06.2022,4:08:05,19.6,40.9,5.9
2130,07.06.2022,6:08:05,19.3,41.5,5.9
2131,07.06.2022,8:08:05,19.1,90.4,17.4
2132,07.06.2022,10:08:05,25.7,49.1,14.2
2133,07.06.2022,12:08:05,26.8,48.9,15.1
2134,07.06.2022,14:08:05,29.2,37.8,13.3
2135,07.06.2022,16:08:05,28.7,37.3,12.6
2136,07.06.2022,18:08:05,23.8,42.2,10.1
2137,07.06.2022,20:08:05,22,46.2,9.9
2138,07.06.2022,22:08:05,21.1,47,9.3
2139,08.06.2022,0:08:05,20.5,47.5,8.9
2140,08.06.2022,2:08:05,20.3,48.9,9.2
2141,08.06.2022,4:08:05,20,51.5,9.7
2142,08.06.2022,6:08:05,19.8,51.1,9.4
2143,08.06.2022,8:08:05,21.6,45.1,9.1
2144,08.06.2022,10:08:05,28.2,33.8,10.7
2145,08.06.2022,12:08:05,27.8,48.2,15.8
2146,08.06.2022,14:08:05,30.3,40.8,15.5
2147,08.06.2022,16:08:05,29.6,39.6,14.4
2148,08.06.2022,18:08:05,24.4,44.7,11.6
2149,08.06.2022,20:08:05,22,44.8,9.4
2150,08.06.2022,22:08:05,20.5,45,8.1
2151,09.06.2022,0:08:05,19.6,45.4,7.4
2152,09.06.2022,2:08:05,18.8,48.4,7.6
2153,09.06.2022,4:08:05,18.2,48.7,7.2
2154,09.06.2022,6:08:05,18,51.2,7.7
2155,09.06.2022,8:08:05,18.6,92.1,17.2
2156,09.06.2022,10:08:05,24.5,68.3,18.2
2157,09.06.2022,12:08:05,28.6,44.7,15.3
2158,09.06.2022,14:08:05,30.6,39.9,15.4
2159,09.06.2022,16:08:05,29.6,39.2,14.2
2160,09.06.2022,18:08:05,24,42.9,10.6
2161,09.06.2022,20:08:05,21.8,43.4,8.8
2162,09.06.2022,22:08:05,20.6,44.9,8.2
2163,10.06.2022,0:08:05,19.6,47.2,8
2164,10.06.2022,2:08:05,19,49.5,8.2
2165,10.06.2022,4:08:05,18.5,50.6,8
2166,10.06.2022,6:08:05,18.2,50.3,7.7
2167,10.06.2022,8:08:05,19.9,46.1,7.9
2168,10.06.2022,10:08:05,27.1,34.6,10.1
2169,10.06.2022,12:08:05,29.6,33.5,11.8
2170,10.06.2022,14:08:05,31,32.4,12.5
2171,10.06.2022,16:08:05,27.8,53.4,17.4
2172,10.06.2022,18:08:05,23.4,49.7,12.2
2173,10.06.2022,20:08:05,21.4,47.3,9.7
2174,10.06.2022,22:08:05,20.3,47.1,8.6
2175,11.06.2022,0:08:05,19.4,48.6,8.2
2176,11.06.2022,2:08:05,18.8,50.2,8.2
2177,11.06.2022,4:08:05,18.3,50,7.7
2178,11.06.2022,6:08:05,18,49.2,7.1
2179,11.06.2022,8:08:05,20,45.3,7.8
2180,11.06.2022,10:08:05,27.2,35.1,10.4
2181,11.06.2022,12:08:05,26.9,75.6,22.2
2182,11.06.2022,14:08:05,30.6,41.8,16.1
2183,11.06.2022,16:08:05,30.2,39.2,14.7
2184,11.06.2022,18:08:05,24.5,44.4,11.5
2185,11.06.2022,20:08:05,22.2,44.5,9.5
2186,11.06.2022,22:08:05,20.8,45.8,8.7
2187,12.06.2022,0:08:05,19.9,48.5,8.7
2188,12.06.2022,2:08:05,19.2,49.3,8.3
2189,12.06.2022,4:08:05,18.7,50.2,8.1
2190,12.06.2022,6:08:05,18.3,49.4,7.5
2191,12.06.2022,8:08:05,20.1,47,8.4
2192,12.06.2022,10:08:05,27.6,34.5,10.5
2193,12.06.2022,12:08:05,30.3,32.5,12
2194,12.06.2022,14:08:05,27.8,61.4,19.6
2195,12.06.2022,16:08:05,29.4,39.9,14.3
2196,12.06.2022,18:08:05,24.3,42.8,10.8
2197,12.06.2022,20:08:05,22.1,44.3,9.3
2198,12.06.2022,22:08:05,20.7,44.3,8.1
2199,13.06.2022,0:08:05,19.7,46.2,7.8
2200,13.06.2022,2:08:05,19,45.7,7
2201,13.06.2022,4:08:05,18.5,45.8,6.6
2202,13.06.2022,6:08:05,18.1,46,6.3
2203,13.06.2022,8:08:05,19.4,81.6,16.1
2204,13.06.2022,10:08:05,26.2,51.7,15.4
2205,13.06.2022,12:08:05,29.5,40.6,14.7
2206,13.06.2022,14:08:05,31.3,35.8,14.3
2207,13.06.2022,16:08:05,30.4,35.9,13.6
2208,13.06.2022,18:08:05,24.9,41.5,10.9
2209,13.06.2022,20:08:05,22.4,41,8.5
2210,13.06.2022,22:08:05,21.1,42,7.6
2211,14.06.2022,0:08:05,20.1,45.4,7.9
2212,14.06.2022,2:08:05,19.4,46.2,7.5
2213,14.06.2022,4:08:05,19,46.1,7.1
2214,14.06.2022,6:08:05,18.6,46.2,6.8
2215,14.06.2022,8:08:05,19.3,88.5,17.3
2216,14.06.2022,10:08:05,25.1,62.5,17.4
2217,14.06.2022,12:08:05,29.2,42.2,15
2218,14.06.2022,14:08:05,31.2,36.3,14.4
2219,14.06.2022,16:08:05,30.5,35.1,13.3
2220,14.06.2022,18:08:05,24.7,39.2,9.8
2221,14.06.2022,20:08:05,22.4,40.4,8.2
2222,14.06.2022,22:08:05,21,42.4,7.7
2223,15.06.2022,0:08:05,19.9,44.2,7.3
2224,15.06.2022,2:08:05,19.2,43.8,6.5
2225,15.06.2022,4:08:05,18.7,43.6,6
2226,15.06.2022,6:08:05,18.4,44.6,6.1
2227,15.06.2022,8:08:05,20.4,42.6,7.2
2228,15.06.2022,10:08:05,27.8,31.2,9.2
2229,15.06.2022,12:08:05,26.2,70.7,20.4
2230,15.06.2022,14:08:05,30,44.1,16.4
2231,15.06.2022,16:08:05,29.5,40.7,14.7
2232,15.06.2022,18:08:05,23.9,44.9,11.2
2233,15.06.2022,20:08:05,21.6,45.8,9.4
2234,15.06.2022,22:08:05,20.2,46.8,8.4
2235,16.06.2022,0:08:05,19.3,52.5,9.3
2236,16.06.2022,2:08:05,18.6,50.9,8.2
2237,16.06.2022,4:08:05,18.4,52.3,8.4
2238,16.06.2022,6:08:05,18.1,53.8,8.5
2239,16.06.2022,8:08:05,19.9,51.8,9.7
2240,16.06.2022,10:08:05,27.1,36,10.7
2241,16.06.2022,12:08:05,27.8,64.1,20.3
2242,16.06.2022,14:08:05,30.4,40.7,15.5
2243,16.06.2022,16:08:05,30,37.2,13.8
2244,16.06.2022,18:08:05,24.3,41.3,10.3
2245,16.06.2022,20:08:05,22,41.1,8.1
2246,16.06.2022,22:08:05,20.6,43.3,7.6
2247,17.06.2022,0:08:05,19.6,46.1,7.7
2248,17.06.2022,2:08:05,19,46.8,7.3
2249,17.06.2022,4:08:05,18.7,48.3,7.5
2250,17.06.2022,6:08:05,18.5,49.1,7.6
2251,17.06.2022,8:08:05,20.4,45.7,8.3
2252,17.06.2022,10:08:05,27.7,33.3,10.1
2253,17.06.2022,12:08:05,28.4,43,14.6
2254,17.06.2022,14:08:05,30.8,35.2,13.6
2255,17.06.2022,16:08:05,30,34.7,12.7
2256,17.06.2022,18:08:05,24.4,38.8,9.4
2257,17.06.2022,20:08:05,22.1,41.7,8.4
2258,17.06.2022,22:08:05,20.6,44.6,8.1
2259,18.06.2022,0:08:05,19.7,44.1,7.1
2260,18.06.2022,2:08:05,19.1,45.6,7
2261,18.06.2022,4:08:05,18.8,44.9,6.5
2262,18.06.2022,6:08:05,18.6,45.1,6.4
2263,18.06.2022,8:08:05,19.8,86.6,17.5
2264,18.06.2022,10:08:05,25.1,66.7,18.4
2265,18.06.2022,12:08:05,29.1,43.1,15.2
2266,18.06.2022,14:08:05,31.1,37.1,14.7
2267,18.06.2022,16:08:05,30.2,36.2,13.5
2268,18.06.2022,18:08:05,24.6,40,10.1
2269,18.06.2022,20:08:05,22.1,41.9,8.5
2270,18.06.2022,22:08:05,20.7,46.8,8.9
2271,19.06.2022,0:08:05,19.7,46,7.7
2272,19.06.2022,2:08:05,19.1,46.3,7.3
2273,19.06.2022,4:08:05,18.7,47.7,7.3
2274,19.06.2022,6:08:05,18.5,49.4,7.7
2275,19.06.2022,8:08:05,20.5,47.9,9
2276,19.06.2022,10:08:05,27.9,34,10.5
2277,19.06.2022,12:08:05,30.3,32.5,12
2278,19.06.2022,14:08:05,29.6,46.5,16.9
2279,19.06.2022,16:08:05,29.9,40.1,14.8
2280,19.06.2022,18:08:05,24.5,43,11.1
2281,19.06.2022,20:08:05,22.2,42.9,9
2282,19.06.2022,22:08:05,20.9,45.7,8.7
2283,20.06.2022,0:08:05,19.8,48.2,8.5
2284,20.06.2022,2:08:05,19.1,48.4,7.9
2285,20.06.2022,4:08:05,18.8,50.7,8.3
2286,20.06.2022,6:08:05,18.6,51.2,8.3
2287,20.06.2022,8:08:05,20.4,48.7,9.2
2288,20.06.2022,10:08:05,27.7,33.4,10.1
2289,20.06.2022,12:08:05,30.2,32.2,11.7
2290,20.06.2022,14:08:05,27.7,80.1,23.9
2291,20.06.2022,16:08:05,29.5,40.2,14.5
2292,20.06.2022,18:08:05,24.3,44.1,11.3
2293,20.06.2022,20:08:05,22,44.2,9.2
2294,20.06.2022,22:08:05,20.7,50.2,9.9
2295,21.06.2022,0:08:05,19.7,51.1,9.3
2296,21.06.2022,2:08:05,19.2,53.3,9.4
2297,21.06.2022,4:08:05,18.9,53.8,9.3
2298,21.06.2022,6:08:05,18.6,53.6,9
2299,21.06.2022,8:08:05,20.5,51.5,10.1
2300,21.06.2022,10:08:05,27.6,35.4,10.9
2301,21.06.2022,12:08:05,25.3,87.7,23.1
2302,21.06.2022,14:08:05,29,60.8,20.6
2303,21.06.2022,16:08:05,30,40.9,15.2
2304,21.06.2022,18:08:05,24.6,43.9,11.5
2305,21.06.2022,20:08:05,22.2,44.2,9.4
2306,21.06.2022,22:08:05,20.8,47.6,9.2
2307,22.06.2022,0:08:05,19.8,50.3,9.1
2308,22.06.2022,2:08:05,19.2,49.7,8.4
2309,22.06.2022,4:08:05,18.8,51.8,8.6
2310,22.06.2022,6:08:05,18.6,52.9,8.8
2311,22.06.2022,8:08:05,20.5,49.8,9.6
2312,22.06.2022,10:08:05,27.9,34.9,10.9
2313,22.06.2022,12:08:05,27.6,61.4,19.5
2314,22.06.2022,14:08:05,31,38.3,15.1
2315,22.06.2022,16:08:05,30.6,38.2,14.7
2316,22.06.2022,18:08:05,24.9,44,11.8
2317,22.06.2022,20:08:05,22.3,44.9,9.7
2318,22.06.2022,22:08:05,20.9,46.5,9
2319,23.06.2022,0:08:05,19.9,49.5,9
2320,23.06.2022,2:08:05,19.2,51.6,8.9
2321,23.06.2022,4:08:05,18.7,51.3,8.4
2322,23.06.2022,6:08:05,18.5,52.5,8.6
2323,23.06.2022,8:08:05,20.4,51.8,10.1
2324,23.06.2022,10:08:05,27.9,34.4,10.7
2325,23.06.2022,12:08:05,30.5,32.5,12.1
2326,23.06.2022,14:08:05,30.3,44.4,16.8
2327,23.06.2022,16:08:05,30.4,38.6,14.7
2328,23.06.2022,18:08:05,25,42.6,11.4
2329,23.06.2022,20:08:05,22.6,43.4,9.5
2330,23.06.2022,22:08:05,21.2,44.1,8.5
2331,24.06.2022,0:08:05,20.1,50.2,9.4
2332,24.06.2022,2:08:05,19.4,49.2,8.4
2333,24.06.2022,4:08:05,19,49.3,8.1
2334,24.06.2022,6:08:05,18.7,50.2,8.1
2335,24.06.2022,8:08:05,20.6,50.2,9.8
2336,24.06.2022,10:08:05,28.3,36.8,12.1
2337,24.06.2022,12:08:05,28.1,65,20.8
2338,24.06.2022,14:08:05,31.5,41.7,16.9
2339,24.06.2022,16:08:05,30.9,40.1,15.7
2340,24.06.2022,18:08:05,25.1,43.6,11.8
2341,24.06.2022,20:08:05,22.6,44.5,9.9
2342,24.06.2022,22:08:05,21.2,46.2,9.1
2343,25.06.2022,0:08:05,20.1,49.6,9.2
2344,25.06.2022,2:08:05,19.4,48.7,8.3
2345,25.06.2022,4:08:05,19,48.3,7.8
2346,25.06.2022,6:08:05,18.7,49.7,7.9
2347,25.06.2022,8:08:05,20.6,47.8,9.1
2348,25.06.2022,10:08:05,25.4,78.7,21.4
2349,25.06.2022,12:08:05,30.2,42.3,15.9
2350,25.06.2022,14:08:05,32.1,37.7,15.8
2351,25.06.2022,16:08:05,31.3,37.2,14.9
2352,25.06.2022,18:08:05,25.5,41.2,11.3
2353,25.06.2022,20:08:05,23,41.9,9.3
2354,25.06.2022,22:08:05,21.4,45.6,9.1
2355,26.06.2022,0:08:05,20.3,46.1,8.3
2356,26.06.2022,2:08:05,19.6,46.2,7.7
2357,26.06.2022,4:08:05,19.2,45.9,7.2
2358,26.06.2022,6:08:05,18.8,45.4,6.7
2359,26.06.2022,8:08:05,20.8,44.7,8.3
2360,26.06.2022,10:08:05,28.2,33.4,10.5
2361,26.06.2022,12:08:05,28.3,50,16.8
2362,26.06.2022,14:08:05,31.7,38,15.6
2363,26.06.2022,16:08:05,31.2,36.4,14.5
2364,26.06.2022,18:08:05,25.6,39.7,10.8
2365,26.06.2022,20:08:05,23.2,43.1,9.9
2366,26.06.2022,22:08:05,21.5,44.6,8.9
2367,27.06.2022,0:08:05,20.5,45.8,8.4
2368,27.06.2022,2:08:05,19.8,45.4,7.6
2369,27.06.2022,4:08:05,19.3,44.8,7
2370,27.06.2022,6:08:05,18.9,44.9,6.6
2371,27.06.2022,8:08:05,20.9,43.4,7.9
2372,27.06.2022,10:08:05,28.9,35,11.9
2373,27.06.2022,12:08:05,27.9,71.9,22.3
2374,27.06.2022,14:08:05,32.4,41.5,17.6
2375,27.06.2022,16:08:05,31.6,38.8,15.8
2376,27.06.2022,18:08:05,26,43.8,12.7
2377,27.06.2022,20:08:05,23.5,45.3,10.9
2378,27.06.2022,22:08:05,21.9,45.5,9.6
2379,28.06.2022,0:08:05,20.9,49.9,10
2380,28.06.2022,2:08:05,20.1,48.2,8.8
2381,28.06.2022,4:08:05,19.7,48.9,8.6
2382,28.06.2022,6:08:05,19.2,49.4,8.3
2383,28.06.2022,8:08:05,20.4,47.3,8.8
2384,28.06.2022,10:08:05,24.2,83.4,21.2
2385,28.06.2022,12:08:05,28.9,46,16.1
2386,28.06.2022,14:08:05,31.1,39.5,15.7
2387,28.06.2022,16:08:05,30.6,38.2,14.7
2388,28.06.2022,18:08:05,25.5,41.3,11.3
2389,28.06.2022,20:08:05,23,42,9.4
2390,28.06.2022,22:08:05,21.5,43.4,8.5
2391,29.06.2022,0:08:05,20.4,45.5,8.2
2392,29.06.2022,2:08:05,19.7,45.1,7.4
2393,29.06.2022,4:08:05,19.2,44.8,6.9
2394,29.06.2022,6:08:05,18.8,45,6.6
2395,29.06.2022,8:08:05,20.3,43,7.3
2396,29.06.2022,10:08:05,23.4,86.7,21
2397,29.06.2022,12:08:05,27.7,50.2,16.3
2398,29.06.2022,14:08:05,29.7,41.8,15.3
2399,29.06.2022,16:08:05,29.3,40.6,14.5
2400,29.06.2022,18:08:05,24.4,46.7,12.2
2401,29.06.2022,20:08:05,22.3,52.2,12
2402,29.06.2022,22:08:05,21,53.2,11.1
2403,30.06.2022,0:08:05,20.4,54.8,11
2404,30.06.2022,2:08:05,20,56,10.9
2405,30.06.2022,4:08:05,19.8,56.5,10.9
2406,30.06.2022,6:08:05,19.7,56.5,10.8
2407,30.06.2022,8:08:05,21.2,59.2,12.9
2408,30.06.2022,10:08:05,24.6,93.3,23.4
2409,30.06.2022,12:08:05,28.9,55.8,19.1
2410,30.06.2022,14:08:05,30.8,43,16.7
2411,30.06.2022,16:08:05,30.3,41.6,15.8
2412,30.06.2022,18:08:05,25.1,46.7,12.9
2413,30.06.2022,20:08:05,22.7,48.7,11.3
2414,30.06.2022,22:08:05,21.3,51.9,11
2415,01.07.2022,0:08:05,20.3,53.2,10.4
2416,01.07.2022,2:08:05,19.7,51.8,9.5
2417,01.07.2022,4:08:05,19.2,50.7,8.7
2418,01.07.2022,6:08:05,18.8,51.3,8.5
2419,01.07.2022,8:08:05,20.3,47.9,8.9
2420,01.07.2022,10:08:05,23.9,90.5,22.2
2421,01.07.2022,12:08:05,28.5,48.2,16.4
2422,01.07.2022,14:08:05,30.5,39.3,15
2423,01.07.2022,16:08:05,30,38,14.1
2424,01.07.2022,18:08:05,24.8,42,11
2425,01.07.2022,20:08:05,22.4,44.8,9.8
2426,01.07.2022,22:08:05,20.9,48,9.4
2427,02.07.2022,0:08:05,19.9,47,8.2
2428,02.07.2022,2:08:05,19.3,46.2,7.4
2429,02.07.2022,4:08:05,18.8,47,7.2
2430,02.07.2022,6:08:05,18.7,51,8.3
2431,02.07.2022,8:08:05,20.4,46.7,8.6
2432,02.07.2022,10:08:05,27.1,35.8,10.6
2433,02.07.2022,12:08:05,28.3,47.1,15.9
2434,02.07.2022,14:08:05,31,37.4,14.7
2435,02.07.2022,16:08:05,30.6,36.2,13.9
2436,02.07.2022,18:08:05,25.3,39.9,10.6
2437,02.07.2022,20:08:05,22.8,39.8,8.4
2438,02.07.2022,22:08:05,21.3,42.5,8
2439,03.07.2022,0:08:05,20.3,45.1,8
2440,03.07.2022,2:08:05,19.5,45.7,7.4
2441,03.07.2022,4:08:05,19.1,45.9,7.1
2442,03.07.2022,6:08:05,18.7,45.4,6.6
2443,03.07.2022,8:08:05,20.5,43.9,7.8
2444,03.07.2022,10:08:05,27.7,33.4,10.1
2445,03.07.2022,12:08:05,30.4,31,11.3
2446,03.07.2022,14:08:05,32,30.8,12.6
2447,03.07.2022,16:08:05,27.2,88,25
2448,03.07.2022,18:08:05,23.4,88.9,21.4
2449,03.07.2022,20:08:05,22.4,53.8,12.5
2450,03.07.2022,22:08:05,21.2,56.8,12.2
2451,04.07.2022,0:08:05,20.2,57.5,11.5
2452,04.07.2022,2:08:05,19.6,54.9,10.2
2453,04.07.2022,4:08:05,19.2,53.4,9.5
2454,04.07.2022,6:08:05,18.8,54,9.3
2455,04.07.2022,8:08:05,20.5,50.1,9.7
2456,04.07.2022,10:08:05,27.4,36.3,11.1
2457,04.07.2022,12:08:05,30.3,43.1,16.3
2458,04.07.2022,14:08:05,29.7,60.6,21.2
2459,04.07.2022,16:08:05,30.3,42,15.9
2460,04.07.2022,18:08:05,25.4,45.1,12.6
2461,04.07.2022,20:08:05,22.9,47,10.9
2462,04.07.2022,22:08:05,21.5,51.1,10.9
2463,05.07.2022,0:08:05,20.5,54.1,10.9
2464,05.07.2022,2:08:05,19.8,51.2,9.4
2465,05.07.2022,4:08:05,19.4,51.1,9
2466,05.07.2022,6:08:05,19.1,51.2,8.7
2467,05.07.2022,8:08:05,20.6,49.3,9.6
2468,05.07.2022,10:08:05,27.6,35.7,11
2469,05.07.2022,12:08:05,30.5,38,14.5
2470,05.07.2022,14:08:05,30.7,44.1,17
2471,05.07.2022,16:08:05,30.6,40.4,15.6
2472,05.07.2022,18:08:05,25.5,44.6,12.5
2473,05.07.2022,20:08:05,23.1,44.9,10.4
2474,05.07.2022,22:08:05,21.7,47.3,9.9
2475,06.07.2022,0:08:05,20.7,51.7,10.4
2476,06.07.2022,2:08:05,20,51.6,9.7
2477,06.07.2022,4:08:05,19.6,51.1,9.2
2478,06.07.2022,6:08:05,19.2,51.4,8.9
2479,06.07.2022,8:08:05,20.8,48.5,9.5
2480,06.07.2022,10:08:05,27.6,36.8,11.5
2481,06.07.2022,12:08:05,30.3,34.1,12.7
2482,06.07.2022,14:08:05,29.4,63,21.6
2483,06.07.2022,16:08:05,30.4,42.7,16.3
2484,06.07.2022,18:08:05,25.5,46.1,13
2485,06.07.2022,20:08:05,23.2,46.2,11
2486,06.07.2022,22:08:05,21.7,50.2,10.8
2487,07.07.2022,0:08:05,20.9,52.8,10.9
2488,07.07.2022,2:08:05,20.2,51.8,9.9
2489,07.07.2022,4:08:05,19.8,52.3,9.7
2490,07.07.2022,6:08:05,19.5,52.6,9.5
2491,07.07.2022,8:08:05,21.1,50,10.2
2492,07.07.2022,10:08:05,28.1,36.9,12
2493,07.07.2022,12:08:05,30.8,34.6,13.3
2494,07.07.2022,14:08:05,32.3,33.9,14.3
2495,07.07.2022,16:08:05,31.6,35.8,14.6
2496,07.07.2022,18:08:05,26.2,40.4,11.6
2497,07.07.2022,20:08:05,23.7,41.8,9.9
2498,07.07.2022,22:08:05,22.2,44.2,9.4
2499,08.07.2022,0:08:05,21.2,45.9,9
2500,08.07.2022,2:08:05,20.4,46.3,8.4
2501,08.07.2022,4:08:05,19.9,45.6,7.8
2502,08.07.2022,6:08:05,19.5,46.2,7.6
2503,08.07.2022,8:08:05,21.3,46.1,9.2
2504,08.07.2022,10:08:05,25.9,76.2,21.3
2505,08.07.2022,12:08:05,30.4,41.3,15.7
2506,08.07.2022,14:08:05,32.1,37.5,15.7
2507,08.07.2022,16:08:05,31.7,36.6,15
2508,08.07.2022,18:08:05,26.3,41.2,12
2509,08.07.2022,20:08:05,23.8,41.5,9.9
2510,08.07.2022,22:08:05,22.3,41.9,8.7
2511,09.07.2022,0:08:05,21.3,45,8.8
2512,09.07.2022,2:08:05,20.5,46.6,8.6
2513,09.07.2022,4:08:05,20.1,46.6,8.3
2514,09.07.2022,6:08:05,19.7,47.2,8.1
2515,09.07.2022,8:08:05,21.3,44.6,8.7
2516,09.07.2022,10:08:05,28.3,34.8,11.2
2517,09.07.2022,12:08:05,31.1,32.7,12.7
2518,09.07.2022,14:08:05,29.4,62.9,21.5
2519,09.07.2022,16:08:05,31,40.5,16
2520,09.07.2022,18:08:05,25.9,42.8,12.2
2521,09.07.2022,20:08:05,23.5,42.4,9.9
2522,09.07.2022,22:08:05,22,44.8,9.4
2523,10.07.2022,0:08:05,21.1,49.1,10
2524,10.07.2022,2:08:05,20.4,49.2,9.3
2525,10.07.2022,4:08:05,20,49,8.9
2526,10.07.2022,6:08:05,19.6,48.8,8.5
2527,10.07.2022,8:08:05,21.2,47.3,9.5
2528,10.07.2022,10:08:05,28,34.8,11
2529,10.07.2022,12:08:05,30.2,36.3,13.6
2530,10.07.2022,14:08:05,27.1,88.6,25
2531,10.07.2022,16:08:05,29.9,47.7,17.5
2532,10.07.2022,18:08:05,25.4,47.1,13.3
2533,10.07.2022,20:08:05,23.1,47.1,11.2
2534,10.07.2022,22:08:05,21.7,49.1,10.5
2535,11.07.2022,0:08:05,20.8,53.8,11.1
2536,11.07.2022,2:08:05,20.3,52.6,10.3
2537,11.07.2022,4:08:05,19.9,53.1,10
2538,11.07.2022,6:08:05,19.5,52,9.3
2539,11.07.2022,8:08:05,21.1,49.8,10.2
2540,11.07.2022,10:08:05,28,36.7,11.8
2541,11.07.2022,12:08:05,30.7,34,13
2542,11.07.2022,14:08:05,27.7,88.8,25.6
2543,11.07.2022,16:08:05,30,50.9,18.7
2544,11.07.2022,18:08:05,25.4,49.7,14.1
2545,11.07.2022,20:08:05,23.3,49,11.9
2546,11.07.2022,22:08:05,21.9,50,11
2547,12.07.2022,0:08:05,21.1,52.8,11
2548,12.07.2022,2:08:05,20.5,55.4,11.2
2549,12.07.2022,4:08:05,20,55.2,10.7
2550,12.07.2022,6:08:05,19.7,54.1,10.1
2551,12.07.2022,8:08:05,21.3,52.7,11.2
2552,12.07.2022,10:08:05,28.2,37.5,12.3
2553,12.07.2022,12:08:05,27.7,86.8,25.2
2554,12.07.2022,14:08:05,31,48.1,18.7
2555,12.07.2022,16:08:05,30.9,41.1,16.1
2556,12.07.2022,18:08:05,26,45.4,13.2
2557,12.07.2022,20:08:05,23.9,48.3,12.3
2558,12.07.2022,22:08:05,22.5,48.9,11.2
2559,13.07.2022,0:08:05,21.6,49.4,10.5
2560,13.07.2022,2:08:05,21,49.8,10.1
2561,13.07.2022,4:08:05,20.6,49.8,9.7
2562,13.07.2022,6:08:05,20.2,50.2,9.5
2563,13.07.2022,8:08:05,21.8,49.1,10.6
2564,13.07.2022,10:08:05,28.2,36.9,12
2565,13.07.2022,12:08:05,30.8,34.9,13.5
2566,13.07.2022,14:08:05,31.9,36.3,15
2567,13.07.2022,16:08:05,29.6,45.4,16.5
2568,13.07.2022,18:08:05,25.6,45.8,13
2569,13.07.2022,20:08:05,23.5,45.6,11
2570,13.07.2022,22:08:05,22.1,48.6,10.7
2571,14.07.2022,0:08:05,21.3,49,10.1
2572,14.07.2022,2:08:05,20.7,49.9,9.8
2573,14.07.2022,4:08:05,20.3,49.8,9.4
2574,14.07.2022,6:08:05,19.9,49.4,8.9
2575,14.07.2022,8:08:05,21.5,47.9,10
2576,14.07.2022,10:08:05,27.8,35.5,11.1
2577,14.07.2022,12:08:05,30.3,33.6,12.5
2578,14.07.2022,14:08:05,26.2,88.5,24.1
2579,14.07.2022,16:08:05,28.5,53.3,18
2580,14.07.2022,18:08:05,24.7,53,14.4
2581,14.07.2022,20:08:05,22.8,54.9,13.2
2582,14.07.2022,22:08:05,21.6,53.8,11.8
2583,15.07.2022,0:08:05,20.9,53.9,11.2
2584,15.07.2022,2:08:05,20.3,54.1,10.7
2585,15.07.2022,4:08:05,19.9,54.1,10.3
2586,15.07.2022,6:08:05,19.6,53.6,9.9
2587,15.07.2022,8:08:05,21.3,51.1,10.7
2588,15.07.2022,10:08:05,27.8,37,11.7
2589,15.07.2022,12:08:05,27,64.9,19.8
2590,15.07.2022,14:08:05,30.2,43.4,16.3
2591,15.07.2022,16:08:05,29.9,40.1,14.8
2592,15.07.2022,18:08:05,25.1,44.3,12
2593,15.07.2022,20:08:05,22.6,44.4,9.8
2594,15.07.2022,22:08:05,21.1,48.9,9.9
2595,16.07.2022,0:08:05,20.1,49.7,9.2
2596,16.07.2022,2:08:05,19.4,51.4,9.1
2597,16.07.2022,4:08:05,18.9,51.5,8.6
2598,16.07.2022,6:08:05,18.5,51.9,8.4
2599,16.07.2022,8:08:05,20.2,49.5,9.3
2600,16.07.2022,10:08:05,27.4,36.6,11.2
2601,16.07.2022,12:08:05,30.3,35,13.1
2602,16.07.2022,14:08:05,29.9,49.8,18.2
2603,16.07.2022,16:08:05,30.2,41.1,15.5
2604,16.07.2022,18:08:05,25,45,12.2
2605,16.07.2022,20:08:05,22.5,46.2,10.3
2606,16.07.2022,22:08:05,21.1,50.9,10.5
2607,17.07.2022,0:08:05,20,51.6,9.7
2608,17.07.2022,2:08:05,19.4,50.9,8.9
2609,17.07.2022,4:08:05,18.9,51.6,8.7
2610,17.07.2022,6:08:05,18.5,53,8.7
2611,17.07.2022,8:08:05,20.2,49.8,9.3
2612,17.07.2022,10:08:05,27.4,36.1,11
2613,17.07.2022,12:08:05,30.4,34,12.7
2614,17.07.2022,14:08:05,31.9,32.1,13.2
2615,17.07.2022,16:08:05,31.1,34.1,13.4
2616,17.07.2022,18:08:05,25.5,38.7,10.4
2617,17.07.2022,20:08:05,22.9,40.6,8.8
2618,17.07.2022,22:08:05,21.3,43.3,8.3
2619,18.07.2022,0:08:05,20.2,46.3,8.3
2620,18.07.2022,2:08:05,19.5,46.3,7.6
2621,18.07.2022,4:08:05,19,47.3,7.5
2622,18.07.2022,6:08:05,18.6,47.3,7.1
2623,18.07.2022,8:08:05,20.2,45.6,8
2624,18.07.2022,10:08:05,23.9,89.6,22
2625,18.07.2022,12:08:05,28,58.4,19
2626,18.07.2022,14:08:05,30.6,40.1,15.4
2627,18.07.2022,16:08:05,30.2,38.8,14.6
2628,18.07.2022,18:08:05,24.9,43.6,11.6
2629,18.07.2022,20:08:05,22.4,43.9,9.5
2630,18.07.2022,22:08:05,20.9,46.2,8.9
2631,19.07.2022,0:08:05,19.8,48.3,8.5
2632,19.07.2022,2:08:05,19.1,47.7,7.7
2633,19.07.2022,4:08:05,18.6,48.7,7.5
2634,19.07.2022,6:08:05,18.2,48.9,7.2
2635,19.07.2022,8:08:05,20,47.2,8.4
2636,19.07.2022,10:08:05,27,35.6,10.4
2637,19.07.2022,12:08:05,27.1,71.9,21.5
2638,19.07.2022,14:08:05,30.3,40.8,15.5
2639,19.07.2022,16:08:05,29.9,38.2,14.1
2640,19.07.2022,18:08:05,24.5,43.4,11.2
2641,19.07.2022,20:08:05,22.1,44.6,9.4
2642,19.07.2022,22:08:05,20.6,51.9,10.3
2643,20.07.2022,0:08:05,19.6,50.6,9
2644,20.07.2022,2:08:05,18.9,51.4,8.6
2645,20.07.2022,4:08:05,18.4,51.3,8.1
2646,20.07.2022,6:08:05,18.3,53.6,8.7
2647,20.07.2022,8:08:05,20,50.4,9.3
2648,20.07.2022,10:08:05,27,36.9,11
2649,20.07.2022,12:08:05,29.9,34.4,12.5
2650,20.07.2022,14:08:05,27.3,77.1,22.9
2651,20.07.2022,16:08:05,29.4,42.8,15.4
2652,20.07.2022,18:08:05,24.6,45.6,12
2653,20.07.2022,20:08:05,22.1,45.4,9.7
2654,20.07.2022,22:08:05,20.7,50,9.9
2655,21.07.2022,0:08:05,19.6,51.1,9.2
2656,21.07.2022,2:08:05,19,51.2,8.7
2657,21.07.2022,4:08:05,18.5,51.9,8.4
2658,21.07.2022,6:08:05,18.2,53.5,8.6
2659,21.07.2022,8:08:05,20,50,9.2
2660,21.07.2022,10:08:05,27.1,37.2,11.2
2661,21.07.2022,12:08:05,27.4,52.1,16.7
2662,21.07.2022,14:08:05,30.5,41.4,15.9
2663,21.07.2022,16:08:05,30.2,38.2,14.3
2664,21.07.2022,18:08:05,24.8,41.7,10.9
2665,21.07.2022,20:08:05,22.3,43,9.1
2666,21.07.2022,22:08:05,20.8,46,8.7
2667,22.07.2022,0:08:05,19.8,49,8.7
2668,22.07.2022,2:08:05,19.1,48.8,8
2669,22.07.2022,4:08:05,18.6,48.7,7.5
2670,22.07.2022,6:08:05,18.3,49.5,7.5
2671,22.07.2022,8:08:05,20.2,46.4,8.3
2672,22.07.2022,10:08:05,27.2,35,10.4
2673,22.07.2022,12:08:05,28.3,47.5,16
2674,22.07.2022,14:08:05,30.7,38.3,14.8
2675,22.07.2022,16:08:05,30.3,37.9,14.3
2676,22.07.2022,18:08:05,25.1,42.4,11.4
2677,22.07.2022,20:08:05,22.5,42.5,9.1
2678,22.07.2022,22:08:05,20.9,47.3,9.2
2679,23.07.2022,0:08:05,19.8,48.5,8.6
2680,23.07.2022,2:08:05,19.2,49.3,8.3
2681,23.07.2022,4:08:05,18.7,50.3,8.1
2682,23.07.2022,6:08:05,18.4,50.7,8
2683,23.07.2022,8:08:05,20.2,46,8.2
2684,23.07.2022,10:08:05,25.6,52.8,15.2
2685,23.07.2022,12:08:05,29.2,42.6,15.1
2686,23.07.2022,14:08:05,31,39.2,15.5
2687,23.07.2022,16:08:05,30.4,38.9,14.8
2688,23.07.2022,18:08:05,25.2,43.1,11.7
2689,23.07.2022,20:08:05,22.7,43.9,9.7
2690,23.07.2022,22:08:05,21.1,49,9.9
2691,24.07.2022,0:08:05,20.2,50.6,9.6
2692,24.07.2022,2:08:05,19.4,51.3,9
2693,24.07.2022,4:08:05,18.9,52.2,8.8
2694,24.07.2022,6:08:05,18.6,51.7,8.4
2695,24.07.2022,8:08:05,20.3,47.5,8.7
2696,24.07.2022,10:08:05,24.6,69.6,18.6
2697,24.07.2022,12:08:05,28.8,45.8,15.9
2698,24.07.2022,14:08:05,31,40.7,16
2699,24.07.2022,16:08:05,30.5,39.7,15.2
2700,24.07.2022,18:08:05,25.2,44.1,12.1
2701,24.07.2022,20:08:05,22.7,44.9,10.1
2702,24.07.2022,22:08:05,21.3,47.6,9.7
2703,25.07.2022,0:08:05,20.3,50.1,9.5
2704,25.07.2022,2:08:05,19.6,50.6,9
2705,25.07.2022,4:08:05,19.1,50.4,8.5
2706,25.07.2022,6:08:05,18.7,50.1,8.1
2707,25.07.2022,8:08:05,19.4,88.1,17.3
2708,25.07.2022,10:08:05,26,55,16.2
2709,25.07.2022,12:08:05,29.3,43.3,15.5
2710,25.07.2022,14:08:05,31.3,39.2,15.7
2711,25.07.2022,16:08:05,32.3,37.7,16
2712,25.07.2022,18:08:05,27,42.5,13.1
2713,25.07.2022,20:08:05,23.7,44.7,10.9
2714,25.07.2022,22:08:05,22.1,48.2,10.6
2715,26.07.2022,0:08:05,21,49.6,10
2716,26.07.2022,2:08:05,20.2,50,9.4
2717,26.07.2022,4:08:05,19.7,50.4,9.1
2718,26.07.2022,6:08:05,23.9,41.5,10
2719,26.07.2022,8:08:05,24.5,75.8,19.9
2720,26.07.2022,10:08:05,28.9,45.2,15.8
2721,26.07.2022,12:08:05,30.9,40.3,15.8
2722,26.07.2022,14:08:05,32.2,38.4,16.2
2723,26.07.2022,16:08:05,33,34.9,15.4
2724,26.07.2022,18:08:05,28.4,39.9,13.4
2725,26.07.2022,20:08:05,24.8,42.1,11
2726,26.07.2022,22:08:05,23,45.4,10.5
2727,27.07.2022,0:08:05,21.8,46.7,9.8
2728,27.07.2022,2:08:05,21,48,9.5
2729,27.07.2022,4:08:05,20.4,48,9
2730,27.07.2022,6:08:05,25.9,38.8,10.8
2731,27.07.2022,8:08:05,27.5,57.9,18.4
2732,27.07.2022,10:08:05,30.3,45.6,17.2
2733,27.07.2022,12:08:05,31.9,40.4,16.7
2734,27.07.2022,14:08:05,32.9,38.9,17
2735,27.07.2022,16:08:05,33.2,35.6,15.9
2736,27.07.2022,18:08:05,28.9,41,14.3
2737,27.07.2022,20:08:05,25.3,43.7,12
2738,27.07.2022,22:08:05,23.4,44.8,10.7
2739,28.07.2022,0:08:05,22.3,47,10.4
2740,28.07.2022,2:08:05,21.4,50.3,10.6
2741,28.07.2022,4:08:05,20.7,51.1,10.2
2742,28.07.2022,6:08:05,26.1,38.4,10.8
2743,28.07.2022,8:08:05,30.3,34.8,13
2744,28.07.2022,10:08:05,29.2,55.3,19.3
2745,28.07.2022,12:08:05,31.3,43,17.2
2746,28.07.2022,14:08:05,32.3,40.1,17
2747,28.07.2022,16:08:05,32.9,37.2,16.3
2748,28.07.2022,18:08:05,28.5,44.2,15.1
2749,28.07.2022,20:08:05,25,47.5,13
2750,28.07.2022,22:08:05,23.1,49.2,11.8
2751,29.07.2022,0:08:05,21.9,52.7,11.8
2752,29.07.2022,2:08:05,21.1,53.9,11.4
2753,29.07.2022,4:08:05,20.4,54,10.7
2754,29.07.2022,6:08:05,25.9,39.4,11
2755,29.07.2022,8:08:05,29.5,35.8,12.7
2756,29.07.2022,10:08:05,26.4,65.1,19.3
2757,29.07.2022,12:08:05,30.2,49.5,18.4
2758,29.07.2022,14:08:05,32.4,40,17
2759,29.07.2022,16:08:05,31.4,54.9,21.2
2760,29.07.2022,18:08:05,27.8,50.8,16.6
2761,29.07.2022,20:08:05,24.4,50.7,13.5
2762,29.07.2022,22:08:05,22.6,55.3,13.1
2763,30.07.2022,0:08:05,21.4,57.4,12.6
2764,30.07.2022,2:08:05,20.5,57.7,11.8
2765,30.07.2022,4:08:05,19.9,57.6,11.2
2766,30.07.2022,6:08:05,25.7,46.9,13.5
2767,30.07.2022,8:08:05,29.6,39.5,14.3
2768,30.07.2022,10:08:05,28.6,59,19.7
2769,30.07.2022,12:08:05,31.1,44.2,17.4
2770,30.07.2022,14:08:05,32.2,39.7,16.7
2771,30.07.2022,16:08:05,32.9,38.9,17
2772,30.07.2022,18:08:05,28.5,42.7,14.5
2773,30.07.2022,20:08:05,24.9,46.1,12.5
2774,30.07.2022,22:08:05,22.9,47.6,11.1
2775,31.07.2022,0:08:05,21.6,51.4,11.1
2776,31.07.2022,2:08:05,20.8,54,11.1
2777,31.07.2022,4:08:05,20.2,54.1,10.6
2778,31.07.2022,6:08:05,25.9,41.6,11.8
2779,31.07.2022,8:08:05,29.8,35.9,13
2780,31.07.2022,10:08:05,31.4,35.1,14.1
2781,31.07.2022,12:08:05,32.5,34.8,14.9
2782,31.07.2022,14:08:05,31.5,44.7,18
2783,31.07.2022,16:08:05,32.9,37.3,16.4
2784,31.07.2022,18:08:05,28.7,42,14.5
2785,31.07.2022,20:08:05,25.1,44.8,12.2
2786,31.07.2022,22:08:05,23,48.1,11.4
2787,01.08.2022,0:08:05,21.8,48.9,10.5
2788,01.08.2022,2:08:05,20.9,49.7,10
2789,01.08.2022,4:08:05,20.3,50.6,9.7
2790,01.08.2022,6:08:05,25.8,39.9,11.1
2791,01.08.2022,8:08:05,29.9,35.2,12.8
2792,01.08.2022,10:08:05,31.7,33.7,13.7
2793,01.08.2022,12:08:05,32.8,33.8,14.7
2794,01.08.2022,14:08:05,29.4,73,24
2795,01.08.2022,16:08:05,32.6,39.5,17
2796,01.08.2022,18:08:05,28.5,42.5,14.5
2797,01.08.2022,20:08:05,25,46.1,12.6
2798,01.08.2022,22:08:05,23.1,48.9,11.7
2799,02.08.2022,0:08:05,21.8,50.2,10.9
2800,02.08.2022,2:08:05,21,50.9,10.4
2801,02.08.2022,4:08:05,20.4,50.8,9.8
2802,02.08.2022,6:08:05,26,39.8,11.2
2803,02.08.2022,8:08:05,29.9,35.2,12.8
2804,02.08.2022,10:08:05,31.9,33.3,13.7
2805,02.08.2022,12:08:05,32.9,32.6,14.3
2806,02.08.2022,14:08:05,31.9,77.5,27.4
2807,02.08.2022,16:08:05,31.3,47,18.6
2808,02.08.2022,18:08:05,28.5,44.9,15.3
2809,02.08.2022,20:08:05,25.1,49.1,13.6
2810,02.08.2022,22:08:05,23.2,54,13.3
2811,03.08.2022,0:08:05,22,54.8,12.4
2812,03.08.2022,2:08:05,21.2,54.3,11.6
2813,03.08.2022,4:08:05,20.7,54.8,11.2
2814,03.08.2022,6:08:05,26.1,42.7,12.4
2815,03.08.2022,8:08:05,30.1,36.3,13.5
2816,03.08.2022,10:08:05,26.9,89.2,24.9
2817,03.08.2022,12:08:05,31.5,42.9,17.3
2818,03.08.2022,14:08:05,32.9,38,16.6
2819,03.08.2022,16:08:05,34,37.4,17.4
2820,03.08.2022,18:08:05,29.4,41.6,14.9
2821,03.08.2022,20:08:05,25.7,44.4,12.6
2822,03.08.2022,22:08:05,23.7,47.7,11.9
2823,04.08.2022,0:08:05,22.4,49.7,11.3
2824,04.08.2022,2:08:05,21.5,50.9,10.9
2825,04.08.2022,4:08:05,20.8,52.1,10.6
2826,04.08.2022,6:08:05,26.4,40.4,11.8
2827,04.08.2022,8:08:05,30.2,35.5,13.2
2828,04.08.2022,10:08:05,29.9,61.3,21.6
2829,04.08.2022,12:08:05,31.3,43,17.2
2830,04.08.2022,14:08:05,32.6,37.4,16.1
2831,04.08.2022,16:08:05,33.4,37.4,16.8
2832,04.08.2022,18:08:05,29.1,41.7,14.7
2833,04.08.2022,20:08:05,25.4,44.5,12.4
2834,04.08.2022,22:08:05,23.5,47.7,11.7
2835,05.08.2022,0:08:05,22.3,48.7,10.9
2836,05.08.2022,2:08:05,21.5,50.3,10.7
2837,05.08.2022,4:08:05,20.9,52,10.6
2838,05.08.2022,6:08:05,26.4,41,12
2839,05.08.2022,8:08:05,30.4,36.3,13.7
2840,05.08.2022,10:08:05,32.1,33.6,14
2841,05.08.2022,12:08:05,33.2,33.3,14.8
2842,05.08.2022,14:08:05,31.7,46.9,18.9
2843,05.08.2022,16:08:05,33.2,38.4,17.1
2844,05.08.2022,18:08:05,28.9,41.9,14.6
2845,05.08.2022,20:08:05,25.2,46.8,13
2846,05.08.2022,22:08:05,23.3,50.3,12.3
2847,06.08.2022,0:08:05,22.2,50.9,11.5
2848,06.08.2022,2:08:05,21.4,52,11.1
2849,06.08.2022,4:08:05,20.8,53.1,10.9
2850,06.08.2022,6:08:05,26.2,40.8,11.8
2851,06.08.2022,8:08:05,29.9,36.5,13.4
2852,06.08.2022,10:08:05,31.5,34.6,14
2853,06.08.2022,12:08:05,30.2,50,18.6
2854,06.08.2022,14:08:05,31.9,37.8,15.7
2855,06.08.2022,16:08:05,32.9,34,14.9
2856,06.08.2022,18:08:05,28.6,37.6,12.7
2857,06.08.2022,20:08:05,25.1,41.1,10.9
2858,06.08.2022,22:08:05,23.2,44.3,10.3
2859,07.08.2022,0:08:05,22.2,45.6,9.9
2860,07.08.2022,2:08:05,21.5,46.2,9.4
2861,07.08.2022,4:08:05,21,47.5,9.4
2862,07.08.2022,6:08:05,26.7,37.7,11
2863,07.08.2022,8:08:05,30.5,33.7,12.7
2864,07.08.2022,10:08:05,32.2,31.8,13.3
2865,07.08.2022,12:08:05,27.7,86.5,25.2
2866,07.08.2022,14:08:05,32.2,39.3,16.6
2867,07.08.2022,16:08:05,33.2,34.8,15.5
2868,07.08.2022,18:08:05,28.8,38.9,13.4
2869,07.08.2022,20:08:05,25.2,42.7,11.6
2870,07.08.2022,22:08:05,23.4,49.1,12.1
2871,08.08.2022,0:08:05,22.2,49.8,11.2
2872,08.08.2022,2:08:05,21.6,50.7,10.9
2873,08.08.2022,4:08:05,21,51.5,10.6
2874,08.08.2022,6:08:05,26.6,39.4,11.6
2875,08.08.2022,8:08:05,30.4,33.7,12.6
2876,08.08.2022,10:08:05,32.2,33.1,13.9
2877,08.08.2022,12:08:05,31.4,42.1,16.9
2878,08.08.2022,14:08:05,32.7,36.9,16
2879,08.08.2022,16:08:05,33.7,34.2,15.7
2880,08.08.2022,18:08:05,29,40.2,14.1
2881,08.08.2022,20:08:05,25.5,46.8,13.2
2882,08.08.2022,22:08:05,23.5,48.5,12
2883,09.08.2022,0:08:05,22.3,50.3,11.4
2884,09.08.2022,2:08:05,21.4,50.1,10.5
2885,09.08.2022,4:08:05,20.8,49.7,9.9
2886,09.08.2022,6:08:05,26.3,39,11.2
2887,09.08.2022,8:08:05,30.2,33.8,12.5
2888,09.08.2022,10:08:05,31.9,31.7,13
2889,09.08.2022,12:08:05,29.3,74.2,24.2
2890,09.08.2022,14:08:05,31.5,39.8,16.1
2891,09.08.2022,16:08:05,32.8,35.3,15.4
2892,09.08.2022,18:08:05,28.5,39.3,13.3
2893,09.08.2022,20:08:05,24.9,46.7,12.7
2894,09.08.2022,22:08:05,22.9,48.3,11.4
2895,10.08.2022,0:08:05,21.8,48.9,10.5
2896,10.08.2022,2:08:05,21,50.3,10.2
2897,10.08.2022,4:08:05,20.4,50.5,9.7
2898,10.08.2022,6:08:05,26,39,10.9
2899,10.08.2022,8:08:05,30,34.3,12.5
2900,10.08.2022,10:08:05,28.8,61.3,20.6
2901,10.08.2022,12:08:05,31,42.8,16.8
2902,10.08.2022,14:08:05,32.4,38.1,16.2
2903,10.08.2022,16:08:05,33.3,35.9,16.1
2904,10.08.2022,18:08:05,29.3,39.5,14.1
2905,10.08.2022,20:08:05,25.3,43.8,12.1
2906,10.08.2022,22:08:05,23.3,47,11.3
2907,11.08.2022,0:08:05,21.9,48,10.4
2908,11.08.2022,2:08:05,21.1,48.2,9.7
2909,11.08.2022,4:08:05,20.4,48.6,9.2
2910,11.08.2022,6:08:05,26.7,36.9,10.7
2911,11.08.2022,8:08:05,27.4,85.2,24.6
2912,11.08.2022,10:08:05,29.3,49,17.4
2913,11.08.2022,12:08:05,31.3,35.5,14.2
2914,11.08.2022,14:08:05,32.1,31.4,13
2915,11.08.2022,16:08:05,32.3,28.9,11.9
2916,11.08.2022,18:08:05,27.1,36.6,10.9
2917,11.08.2022,20:08:05,24.3,41.3,10.3
2918,11.08.2022,22:08:05,23,46.9,11
2919,12.08.2022,0:08:05,22.2,48.1,10.7
2920,12.08.2022,2:08:05,21.8,49.3,10.7
2921,12.08.2022,4:08:05,21.5,49,10.3
2922,12.08.2022,6:08:05,27.6,36,11.1
2923,12.08.2022,8:08:05,30.6,30.6,11.3
2924,12.08.2022,10:08:05,32,28.1,11.2
2925,12.08.2022,12:08:05,30.8,39.9,15.5
2926,12.08.2022,14:08:05,31.2,33.4,13.2
2927,12.08.2022,16:08:05,31.8,30.6,12.3
2928,12.08.2022,18:08:05,27,38.3,11.5
2929,12.08.2022,20:08:05,24.3,43.3,11
2930,12.08.2022,22:08:05,23,46.4,10.8
2931,13.08.2022,0:08:05,22.3,48.6,10.9
2932,13.08.2022,2:08:05,22,50.8,11.3
2933,13.08.2022,4:08:05,21.6,50.9,11
2934,13.08.2022,6:08:05,27.7,37,11.6
2935,13.08.2022,8:08:05,30.2,31.4,11.3
2936,13.08.2022,10:08:05,31.2,29,11
2937,13.08.2022,12:08:05,29.5,42,15.2
2938,13.08.2022,14:08:05,30.5,35.3,13.4
2939,13.08.2022,16:08:05,31,31.6,12.1
2940,13.08.2022,18:08:05,26.5,39.3,11.5
2941,13.08.2022,20:08:05,24,44.2,11
2942,13.08.2022,22:08:05,22.8,46.8,10.8
2943,14.08.2022,0:08:05,22.1,50.8,11.4
2944,14.08.2022,2:08:05,21.7,52.1,11.4
2945,14.08.2022,4:08:05,21.5,51,10.9
2946,14.08.2022,6:08:05,27.5,38.3,12
2947,14.08.2022,8:08:05,30,31.6,11.3
2948,14.08.2022,10:08:05,26.7,84.4,23.8
2949,14.08.2022,12:08:05,29.4,41.2,14.8
2950,14.08.2022,14:08:05,30.7,35.2,13.5
2951,14.08.2022,16:08:05,31.3,33.1,13.1
2952,14.08.2022,18:08:05,25.3,39.2,10.4
2953,14.08.2022,20:08:05,21.7,43.1,8.6
2954,14.08.2022,22:08:05,19.7,45.6,7.6
2955,15.08.2022,0:08:05,18.4,47.4,7
2956,15.08.2022,2:08:05,17.6,52.7,7.8
2957,15.08.2022,4:08:05,17.2,53.6,7.7
2958,15.08.2022,6:08:05,21.4,41.7,7.8
2959,15.08.2022,8:08:05,25.4,36.6,9.4
2960,15.08.2022,10:08:05,24,80.9,20.5
2961,15.08.2022,12:08:05,27.4,45.5,14.5
2962,15.08.2022,14:08:05,33,31.7,13.9
2963,15.08.2022,16:08:05,34.5,28.6,13.6
2964,15.08.2022,18:08:05,24.9,41.4,10.8
2965,15.08.2022,20:08:05,21.1,47.8,9.6
2966,15.08.2022,22:08:05,19,50.3,8.4
2967,16.08.2022,0:08:05,17.6,51.3,7.4
2968,16.08.2022,2:08:05,17.3,54.6,8
2969,16.08.2022,4:08:05,17,58,8.6
2970,16.08.2022,6:08:05,17,55.4,8
2971,16.08.2022,8:08:05,22.9,44.4,10.1
2972,16.08.2022,10:08:05,27.6,51.5,16.7
2973,16.08.2022,12:08:05,31.4,36.1,14.5
2974,16.08.2022,14:08:05,33.4,31.2,14
2975,16.08.2022,16:08:05,34.3,29,13.7
2976,16.08.2022,18:08:05,25.2,43.8,12
2977,16.08.2022,20:08:05,21.3,47.2,9.6
2978,16.08.2022,22:08:05,19.2,48.9,8.2
2979,17.08.2022,0:08:05,18.5,55.9,9.5
2980,17.08.2022,2:08:05,18.1,55.9,9.1
2981,17.08.2022,4:08:05,18,58.3,9.6
2982,17.08.2022,6:08:05,17.7,53.7,8.2
2983,17.08.2022,8:08:05,23.5,44.1,10.5
2984,17.08.2022,10:08:05,30.7,30.6,11.4
2985,17.08.2022,12:08:05,30.1,44.9,16.8
2986,17.08.2022,14:08:05,33,33.1,14.6
2987,17.08.2022,16:08:05,34.3,29.9,14.1
2988,17.08.2022,18:08:05,25.1,46,12.6
2989,17.08.2022,20:08:05,21.3,47.8,9.7
2990,17.08.2022,22:08:05,19.2,53.8,9.6
2991,18.08.2022,0:08:05,18.5,53.6,8.9
2992,18.08.2022,2:08:05,18.2,58,9.8
2993,18.08.2022,4:08:05,18,58.8,9.8
2994,18.08.2022,6:08:05,17.7,53.3,8
2995,18.08.2022,8:08:05,23.1,43.3,9.9
2996,18.08.2022,10:08:05,26.1,69.6,20.1
2997,18.08.2022,12:08:05,30.8,37.8,14.7
2998,18.08.2022,14:08:05,32.8,31.6,13.7
2999,18.08.2022,16:08:05,34.3,29.9,14.1
3000,18.08.2022,18:08:05,25.2,45.6,12.6
3001,18.08.2022,20:08:05,21.4,48.6,10.1
3002,18.08.2022,22:08:05,19.4,51.5,9.1
3003,19.08.2022,0:08:05,18.5,55.9,9.5
3004,19.08.2022,2:08:05,18.1,55.3,9
3005,19.08.2022,4:08:05,17.9,58.2,9.5
3006,19.08.2022,6:08:05,17.7,54.4,8.3
3007,19.08.2022,8:08:05,23.5,43.5,10.3
3008,19.08.2022,10:08:05,31,31,11.8
3009,19.08.2022,12:08:05,31.5,48.4,19.2
3010,19.08.2022,14:08:05,33.2,32.3,14.4
3011,19.08.2022,16:08:05,34.5,28.8,13.7
3012,19.08.2022,18:08:05,25.3,41,11.1
3013,19.08.2022,20:08:05,21.5,44.5,8.9
3014,19.08.2022,22:08:05,19.4,49.2,8.4
3015,20.08.2022,0:08:05,18.6,49.1,7.7
3016,20.08.2022,2:08:05,18.2,53.7,8.6
3017,20.08.2022,4:08:05,18,53.4,8.3
3018,20.08.2022,6:08:05,17.8,49.8,7.1
3019,20.08.2022,8:08:05,23.7,38.5,8.7
3020,20.08.2022,10:08:05,31.1,28.2,10.5
3021,20.08.2022,12:08:05,30.4,45.2,17.1
3022,20.08.2022,14:08:05,32.1,33.9,14.2
3023,20.08.2022,16:08:05,33.1,30.4,13.4
3024,20.08.2022,18:08:05,25,39.6,10.3
3025,20.08.2022,20:08:05,21.1,44.4,8.5
3026,20.08.2022,22:08:05,19.3,49.4,8.4
3027,21.08.2022,0:08:05,18.6,51.9,8.5
3028,21.08.2022,2:08:05,18.2,54.1,8.7
3029,21.08.2022,4:08:05,18.1,56.2,9.2
3030,21.08.2022,6:08:05,17.8,49.1,6.9
3031,21.08.2022,8:08:05,22.5,40.7,8.4
3032,21.08.2022,10:08:05,27.6,71.7,22
3033,21.08.2022,12:08:05,29.9,38.2,14.1
3034,21.08.2022,14:08:05,31.9,32.8,13.5
3035,21.08.2022,16:08:05,32.7,30.1,12.9
3036,21.08.2022,18:08:05,24.8,41.2,10.7
3037,21.08.2022,20:08:05,21,44.9,8.5
3038,21.08.2022,22:08:05,19.2,47.6,7.8
3039,22.08.2022,0:08:05,18.5,53,8.7
3040,22.08.2022,2:08:05,18.1,55.5,9
3041,22.08.2022,4:08:05,17.9,56.3,9
3042,22.08.2022,6:08:05,17.8,50.7,7.4
3043,22.08.2022,8:08:05,22.4,41.8,8.7
3044,22.08.2022,10:08:05,27.6,45.5,14.7
3045,22.08.2022,12:08:05,30.6,37.3,14.3
3046,22.08.2022,14:08:05,32.5,32.7,14
3047,22.08.2022,16:08:05,33.4,30.6,13.7
3048,22.08.2022,18:08:05,25.3,40.6,10.9
3049,22.08.2022,20:08:05,21.7,45.2,9.3
3050,22.08.2022,22:08:05,19.5,46.7,7.8
3051,23.08.2022,0:08:05,18.5,49.8,7.8
3052,23.08.2022,2:08:05,18.2,52.8,8.4
3053,23.08.2022,4:08:05,17.9,54.2,8.5
3054,23.08.2022,6:08:05,17.7,51.3,7.5
3055,23.08.2022,8:08:05,22.6,42.2,9.1
3056,23.08.2022,10:08:05,27.8,45.8,15
3057,23.08.2022,12:08:05,31,36.1,14.2
3058,23.08.2022,14:08:05,32.9,33,14.4
3059,23.08.2022,16:08:05,34.4,32.3,15.4
3060,23.08.2022,18:08:05,25.9,39.1,10.9
3061,23.08.2022,20:08:05,21.7,43.2,8.6
3062,23.08.2022,22:08:05,19.4,45.1,7.2
3063,24.08.2022,0:08:05,18.5,51.6,8.3
3064,24.08.2022,2:08:05,18.1,52.4,8.2
3065,24.08.2022,4:08:05,17.8,55.7,8.8
3066,24.08.2022,6:08:05,17.6,49.7,6.9
3067,24.08.2022,8:08:05,22.4,41.2,8.5
3068,24.08.2022,10:08:05,28.1,49.7,16.6
3069,24.08.2022,12:08:05,30.7,34.9,13.4
3070,24.08.2022,14:08:05,32.7,31.8,13.7
3071,24.08.2022,16:08:05,33.5,29.4,13.2
3072,24.08.2022,18:08:05,25.2,37.6,9.7
3073,24.08.2022,20:08:05,21.2,41.9,7.7
3074,24.08.2022,22:08:05,19.1,44.9,6.8
3075,25.08.2022,0:08:05,18.4,48.9,7.4
3076,25.08.2022,2:08:05,18,52.8,8.2
3077,25.08.2022,4:08:05,17.9,54.2,8.5
3078,25.08.2022,6:08:05,17.5,49.1,6.7
3079,25.08.2022,8:08:05,19.8,89,17.9
3080,25.08.2022,10:08:05,27.4,42.1,13.3
3081,25.08.2022,12:08:05,30.8,33.9,13
3082,25.08.2022,14:08:05,32.5,30.7,13
3083,25.08.2022,16:08:05,33.5,28.9,12.9
3084,25.08.2022,18:08:05,25.4,36.5,9.4
3085,25.08.2022,20:08:05,21.3,41.4,7.6
3086,25.08.2022,22:08:05,19.1,46.9,7.5
3087,26.08.2022,0:08:05,18.5,51.6,8.3
3088,26.08.2022,2:08:05,18.1,50.8,7.7
3089,26.08.2022,4:08:05,17.9,54.6,8.6
3090,26.08.2022,6:08:05,17.6,48.8,6.7
3091,26.08.2022,8:08:05,21.6,41.8,8
3092,26.08.2022,10:08:05,29.3,30.7,10.2
3093,26.08.2022,12:08:05,30.8,31.8,12.1
3094,26.08.2022,14:08:05,30.1,57.8,20.8
3095,26.08.2022,16:08:05,33.2,34.3,15.3
3096,26.08.2022,18:08:05,25.1,41.8,11.2
3097,26.08.2022,20:08:05,21.1,46.4,9.1
3098,26.08.2022,22:08:05,19,50.9,8.6
3099,27.08.2022,0:08:05,18.2,54.6,8.9
3100,27.08.2022,2:08:05,17.8,56.4,9
3101,27.08.2022,4:08:05,17.7,59.7,9.7
3102,27.08.2022,6:08:05,17.4,53.6,7.8
3103,27.08.2022,8:08:05,22,46,9.8
3104,27.08.2022,10:08:05,27.7,54.1,17.5
3105,27.08.2022,12:08:05,31.2,39.5,15.7
3106,27.08.2022,14:08:05,32.8,34.1,14.9
3107,27.08.2022,16:08:05,33.8,31.3,14.4
3108,27.08.2022,18:08:05,25.4,40.3,10.9
3109,27.08.2022,20:08:05,21.3,44.4,8.6
3110,27.08.2022,22:08:05,19.1,48.7,8
3111,28.08.2022,0:08:05,18.2,55.1,9
3112,28.08.2022,2:08:05,17.8,57.7,9.3
3113,28.08.2022,4:08:05,17.7,57.6,9.2
3114,28.08.2022,6:08:05,17.4,52.8,7.6
3115,28.08.2022,8:08:05,22,44.7,9.4
3116,28.08.2022,10:08:05,29.6,32.2,11.2
3117,28.08.2022,12:08:05,31,41.1,16.2
3118,28.08.2022,14:08:05,32.9,33.6,14.7
3119,28.08.2022,16:08:05,34,30.3,14.1
3120,28.08.2022,18:08:05,25.5,37.8,10
3121,28.08.2022,20:08:05,21.4,42.8,8.2
3122,28.08.2022,22:08:05,19.2,48.2,7.9
3123,29.08.2022,0:08:05,18.3,50.6,7.8
3124,29.08.2022,2:08:05,18,54.8,8.7
3125,29.08.2022,4:08:05,17.8,57.1,9.2
3126,29.08.2022,6:08:05,17.5,50.6,7.1
3127,29.08.2022,8:08:05,21.8,43.5,8.8
3128,29.08.2022,10:08:05,25,79.9,21.2
3129,29.08.2022,12:08:05,30,43.6,16.2
3130,29.08.2022,14:08:05,32.3,34.6,14.7
3131,29.08.2022,16:08:05,33.3,31.4,14
3132,29.08.2022,18:08:05,24.8,40.7,10.5
3133,29.08.2022,20:08:05,20.7,45.1,8.3
3134,29.08.2022,22:08:05,19,52.3,9
3135,30.08.2022,0:08:05,18.3,53.5,8.7
3136,30.08.2022,2:08:05,18,56.3,9.1
3137,30.08.2022,4:08:05,17.8,58.2,9.4
3138,30.08.2022,6:08:05,17.3,52.6,7.5
3139,30.08.2022,8:08:05,21.7,45,9.2
3140,30.08.2022,10:08:05,28.2,43.8,14.7
3141,30.08.2022,12:08:05,31.3,35.3,14.1
3142,30.08.2022,14:08:05,33.1,32.2,14.2
3143,30.08.2022,16:08:05,34,30.2,14
3144,30.08.2022,18:08:05,25.2,39.9,10.6
3145,30.08.2022,20:08:05,21.1,43.8,8.3
3146,30.08.2022,22:08:05,19.1,50.6,8.6
3147,31.08.2022,0:08:05,18.4,53.5,8.7
3148,31.08.2022,2:08:05,18,58.1,9.6
3149,31.08.2022,4:08:05,17.7,58.5,9.4
3150,31.08.2022,6:08:05,17.5,51.8,7.4
3151,31.08.2022,8:08:05,19.4,84.4,16.7
3152,31.08.2022,10:08:05,28,43.7,14.5
3153,31.08.2022,12:08:05,31,34.4,13.4
3154,31.08.2022,14:08:05,32.4,30.9,13
3155,31.08.2022,16:08:05,33.8,28.1,12.7
3156,31.08.2022,18:08:05,24.5,38.2,9.3
3157,31.08.2022,20:08:05,22.5,48.9,11.2
3158,31.08.2022,22:08:05,22.2,51.3,11.6
3159,01.09.2022,0:08:05,22.1,52.8,12
3160,01.09.2022,2:08:05,22.2,54.2,12.5
3161,01.09.2022,4:08:05,22.3,54.5,12.6
3162,01.09.2022,6:08:05,22.8,56.5,13.7
3163,01.09.2022,8:08:05,27.6,45.5,14.7
3164,01.09.2022,10:08:05,31.8,48.6,19.6
3165,01.09.2022,12:08:05,34.5,34,16.3
3166,01.09.2022,14:08:05,35.6,31.4,16
3167,01.09.2022,16:08:05,31.6,32.7,13.2
3168,01.09.2022,18:08:05,25,37.7,9.5
3169,01.09.2022,20:08:05,21.9,44.5,9.2
3170,01.09.2022,22:08:05,20.8,51,10.2
3171,02.09.2022,0:08:05,20.3,53.5,10.5
3172,02.09.2022,2:08:05,20.1,55.8,11
3173,02.09.2022,4:08:05,19.9,56.4,10.9
3174,02.09.2022,6:08:05,19.8,56,10.7
3175,02.09.2022,8:08:05,19.5,53.7,9.8
3176,02.09.2022,10:08:05,28.8,32.3,10.6
3177,02.09.2022,12:08:05,32.8,28.4,12.1
3178,02.09.2022,14:08:05,32.3,37.3,15.8
3179,02.09.2022,16:08:05,28.8,44.3,15.4
3180,02.09.2022,18:08:05,20.6,63,13.3
3181,02.09.2022,20:08:05,19.3,67.5,13.1
3182,02.09.2022,22:08:05,18.9,70,13.3
3183,03.09.2022,0:08:05,18.8,71.3,13.4
3184,03.09.2022,2:08:05,18.8,71.4,13.5
3185,03.09.2022,4:08:05,18.8,71.1,13.4
3186,03.09.2022,6:08:05,18.9,68.9,13
3187,03.09.2022,8:08:05,18.7,69.9,13
3188,03.09.2022,10:08:05,28.5,42.6,14.5
3189,03.09.2022,12:08:05,31.1,35.5,14
3190,03.09.2022,14:08:05,30.7,46.8,18
3191,03.09.2022,16:08:05,27.9,43.8,14.4
3192,03.09.2022,18:08:05,21.5,57.8,12.8
3193,03.09.2022,20:08:05,20,62.2,12.5
3194,03.09.2022,22:08:05,19.5,65.8,12.9
3195,04.09.2022,0:08:05,19.2,66.9,12.9
3196,04.09.2022,2:08:05,19.1,67.5,12.9
3197,04.09.2022,4:08:05,19.1,66.8,12.7
3198,04.09.2022,6:08:05,19.1,66,12.6
3199,04.09.2022,8:08:05,19,66,12.5
3200,04.09.2022,10:08:05,29,38.6,13.4
3201,04.09.2022,12:08:05,31.4,32.7,13
3202,04.09.2022,14:08:05,32.2,30.6,12.7
3203,04.09.2022,16:08:05,26.8,44.1,13.5
3204,04.09.2022,18:08:05,21.2,56.6,12.2
3205,04.09.2022,20:08:05,21,61.9,13.4
3206,04.09.2022,22:08:05,21.2,61.9,13.6
3207,05.09.2022,0:08:05,21.2,62.7,13.8
3208,05.09.2022,2:08:05,21.4,62.6,13.9
3209,05.09.2022,4:08:05,21.5,62.2,13.9
3210,05.09.2022,6:08:05,21.8,62.6,14.3
3211,05.09.2022,8:08:05,22.2,63.7,14.9
3212,05.09.2022,10:08:05,32.9,43.6,18.8
3213,05.09.2022,12:08:05,36.7,38.5,20.2
3214,05.09.2022,14:08:05,37.9,35.3,19.9
3215,05.09.2022,16:08:05,33.2,58.8,24
3216,05.09.2022,18:08:05,25.7,61.6,17.7
3217,05.09.2022,20:08:05,24.6,61.9,16.8
3218,05.09.2022,22:08:05,23.8,61.2,15.8
3219,06.09.2022,0:08:05,23.1,60.8,15.1
3220,06.09.2022,2:08:05,22.7,59.8,14.4
3221,06.09.2022,4:08:05,22.5,59,14
3222,06.09.2022,6:08:05,22.7,60.3,14.6
3223,06.09.2022,8:08:05,22.9,60.3,14.8
3224,06.09.2022,10:08:05,33.3,40.1,17.9
3225,06.09.2022,12:08:05,37.2,31.6,17.5
3226,06.09.2022,14:08:05,38.1,32.6,18.8
3227,06.09.2022,16:08:05,31.3,51.1,19.9
3228,06.09.2022,18:08:05,26.8,55.4,17.1
3229,06.09.2022,20:08:05,25.5,59.3,16.9
3230,06.09.2022,22:08:05,24.9,60.7,16.7
3231,07.09.2022,0:08:05,24.5,61.2,16.5
3232,07.09.2022,2:08:05,24.3,61.9,16.5
3233,07.09.2022,4:08:05,24.2,62.1,16.4
3234,07.09.2022,6:08:05,24.2,62.3,16.5
3235,07.09.2022,8:08:05,24.5,62.9,16.9
3236,07.09.2022,10:08:05,34.7,42.3,20
3237,07.09.2022,12:08:05,35.8,28.8,14.8
3238,07.09.2022,14:08:05,32.3,51.2,20.9
3239,07.09.2022,16:08:05,30.3,39.8,15.1
3240,07.09.2022,18:08:05,24.3,47.6,12.4
3241,07.09.2022,20:08:05,23.6,55.7,14.2
3242,07.09.2022,22:08:05,23.2,54.9,13.6
3243,08.09.2022,0:08:05,22.9,54.5,13.2
3244,08.09.2022,2:08:05,22.8,54.5,13.1
3245,08.09.2022,4:08:05,22.6,53.9,12.7
3246,08.09.2022,6:08:05,22.6,55.2,13.1
3247,08.09.2022,8:08:05,23,56.3,13.8
3248,08.09.2022,10:08:05,33.7,35.9,16.5
3249,08.09.2022,12:08:05,32.6,63.8,24.8
3250,08.09.2022,14:08:05,36.9,35.7,19.2
3251,08.09.2022,16:08:05,32.6,38.6,16.6
3252,08.09.2022,18:08:05,27.5,51.3,16.5
3253,08.09.2022,20:08:05,26.1,54.9,16.3
3254,08.09.2022,22:08:05,25.3,56.7,16
3255,09.09.2022,0:08:05,25,58,16.1
3256,09.09.2022,2:08:05,24.6,58.6,15.9
3257,09.09.2022,4:08:05,24.6,59.4,16.1
3258,09.09.2022,6:08:05,24.5,59.4,16
3259,09.09.2022,8:08:05,24.8,59.7,16.4
3260,09.09.2022,10:08:05,34.8,38,18.3
3261,09.09.2022,12:08:05,37.3,35.6,19.5
3262,09.09.2022,14:08:05,38.2,31.3,18.2
3263,09.09.2022,16:08:05,33.6,36.3,16.5
3264,09.09.2022,18:08:05,25.8,59.9,17.4
3265,09.09.2022,20:08:05,25.1,59.5,16.6
3266,09.09.2022,22:08:05,24.9,59.7,16.5
3267,10.09.2022,0:08:05,24.7,61.6,16.8
3268,10.09.2022,2:08:05,24.6,61.6,16.7
3269,10.09.2022,4:08:05,24.5,60.2,16.2
3270,10.09.2022,6:08:05,24.5,59.7,16.1
3271,10.09.2022,8:08:05,24.8,60.4,16.6
3272,10.09.2022,10:08:05,32.6,51,21.1
3273,10.09.2022,12:08:05,36.2,36.1,18.7
3274,10.09.2022,14:08:05,37.7,31.3,17.8
3275,10.09.2022,16:08:05,30.9,50.6,19.4
3276,10.09.2022,18:08:05,24.7,48.5,13.1
3277,10.09.2022,20:08:05,24.1,52.8,13.8
3278,10.09.2022,22:08:05,23.5,56,14.2
3279,11.09.2022,0:08:05,23.1,53.8,13.2
3280,11.09.2022,2:08:05,22.9,53.1,12.8
3281,11.09.2022,4:08:05,22.7,53.1,12.6
3282,11.09.2022,6:08:05,22.7,54.2,12.9
3283,11.09.2022,8:08:05,23,52.5,12.7
3284,11.09.2022,10:08:05,33.4,32.8,14.8
3285,11.09.2022,12:08:05,36.1,29.6,15.5
3286,11.09.2022,14:08:05,37,28.6,15.7
3287,11.09.2022,16:08:05,30.3,43,16.3
3288,11.09.2022,18:08:05,25.2,53.7,15.1
3289,11.09.2022,20:08:05,24.2,54.9,14.5
3290,11.09.2022,22:08:05,23.6,54.5,13.8
3291,12.09.2022,0:08:05,23.3,53.4,13.3
3292,12.09.2022,2:08:05,23,54.1,13.2
3293,12.09.2022,4:08:05,22.9,54.2,13.1
3294,12.09.2022,6:08:05,23,55.1,13.5
3295,12.09.2022,8:08:05,23.1,55.7,13.7
3296,12.09.2022,10:08:05,31.5,60.9,23
3297,12.09.2022,12:08:05,34.1,41.2,19
3298,12.09.2022,14:08:05,35.8,33.3,17.1
3299,12.09.2022,16:08:05,31.4,36.5,14.7
3300,12.09.2022,18:08:05,25.9,52.4,15.4
3301,12.09.2022,20:08:05,24.6,54.7,14.8
3302,12.09.2022,22:08:05,24,56.1,14.7
3303,13.09.2022,0:08:05,23.9,56.9,14.8
3304,13.09.2022,2:08:05,23.8,58.1,15
3305,13.09.2022,4:08:05,23.8,57.8,14.9
3306,13.09.2022,6:08:05,23.6,57.8,14.8
3307,13.09.2022,8:08:05,23.4,59.2,14.9
3308,13.09.2022,10:08:05,33.5,37.7,17.1
3309,13.09.2022,12:08:05,33.6,42.5,19
3310,13.09.2022,14:08:05,35.7,34.9,17.8
3311,13.09.2022,16:08:05,31.4,36.7,14.8
3312,13.09.2022,18:08:05,26.1,52,15.4
3313,13.09.2022,20:08:05,24.7,54.3,14.8
3314,13.09.2022,22:08:05,24.2,55.8,14.8
3315,14.09.2022,0:08:05,24,57.4,15
3316,14.09.2022,2:08:05,23.7,57.8,14.8
3317,14.09.2022,4:08:05,23.8,59,15.3
3318,14.09.2022,6:08:05,23.6,57.7,14.7
3319,14.09.2022,8:08:05,23.5,57.7,14.6
3320,14.09.2022,10:08:05,31.3,52.2,20.3
3321,14.09.2022,12:08:05,35,32.9,16.2
3322,14.09.2022,14:08:05,35.1,28,13.8
3323,14.09.2022,16:08:05,30,31.3,11.1
3324,14.09.2022,18:08:05,22.9,40.7,8.8
3325,14.09.2022,20:08:05,20.8,51.3,10.3
3326,14.09.2022,22:08:05,19.6,50.6,9
3327,15.09.2022,0:08:05,19,53.7,9.4
3328,15.09.2022,2:08:05,18.7,57,10
3329,15.09.2022,4:08:05,18.5,59.7,10.5
3330,15.09.2022,6:08:05,18.4,56.9,9.7
3331,15.09.2022,8:08:05,18.3,56,9.3
3332,15.09.2022,10:08:05,28.2,33.2,10.4
3333,15.09.2022,12:08:05,30.2,41.9,15.8
3334,15.09.2022,14:08:05,32.2,30.3,12.5
3335,15.09.2022,16:08:05,28.4,35.1,11.5
3336,15.09.2022,18:08:05,21.6,47.3,9.9
3337,15.09.2022,20:08:05,19.9,54.4,10.4
3338,15.09.2022,22:08:05,19.2,58.2,10.7
3339,16.09.2022,0:08:05,18.9,58.7,10.6
3340,16.09.2022,2:08:05,18.7,61.7,11.2
3341,16.09.2022,4:08:05,18.6,62.4,11.2
3342,16.09.2022,6:08:05,18.5,62.4,11.1
3343,16.09.2022,8:08:05,18.3,59.6,10.3
3344,16.09.2022,10:08:05,28.1,37.1,12
3345,16.09.2022,12:08:05,30.5,42.5,16.3
3346,16.09.2022,14:08:05,31.6,36.1,14.7
3347,16.09.2022,16:08:05,26.7,39.2,11.6
3348,16.09.2022,18:08:05,21,53.6,11.2
3349,16.09.2022,20:08:05,19.6,58.6,11.2
3350,16.09.2022,22:08:05,19.1,62.7,11.8
3351,17.09.2022,0:08:05,18.8,64.9,12
3352,17.09.2022,2:08:05,18.6,65.7,12
3353,17.09.2022,4:08:05,18.5,63.8,11.5
3354,17.09.2022,6:08:05,18.4,65,11.7
3355,17.09.2022,8:08:05,18.3,63.6,11.2
3356,17.09.2022,10:08:05,27.9,36.7,11.7
3357,17.09.2022,12:08:05,30,36.2,13.3
3358,17.09.2022,14:08:05,31.5,32,12.8
3359,17.09.2022,16:08:05,25.8,39.3,10.9
3360,17.09.2022,18:08:05,21.3,51.1,10.7
3361,17.09.2022,20:08:05,19.9,56,10.8
3362,17.09.2022,22:08:05,19.4,59.5,11.3
3363,18.09.2022,0:08:05,19.1,61.8,11.6
3364,18.09.2022,2:08:05,18.9,63.1,11.7
3365,18.09.2022,4:08:05,18.8,64.9,12
3366,18.09.2022,6:08:05,18.6,66,12.1
3367,18.09.2022,8:08:05,18.8,67.6,12.6
3368,18.09.2022,10:08:05,24.4,52.8,14.1
3369,18.09.2022,12:08:05,31.3,47.2,18.7
3370,18.09.2022,14:08:05,33.6,40.2,18.2
3371,18.09.2022,16:08:05,25,54.4,15.1
3372,18.09.2022,18:08:05,22.2,60.8,14.2
3373,18.09.2022,20:08:05,21.2,63.2,13.9
3374,18.09.2022,22:08:05,20.6,68.4,14.5
3375,19.09.2022,0:08:05,20.2,70.2,14.5
3376,19.09.2022,2:08:05,20.1,71.5,14.7
3377,19.09.2022,4:08:05,20.2,70.8,14.7
3378,19.09.2022,6:08:05,20,63.9,12.9
3379,19.09.2022,8:08:05,19.6,65.5,12.9
3380,19.09.2022,10:08:05,22,85.7,19.4
3381,19.09.2022,12:08:05,30.6,46.4,17.7
3382,19.09.2022,14:08:05,33.1,37.3,16.5
3383,19.09.2022,16:08:05,24.6,47.8,12.8
3384,19.09.2022,18:08:05,21.8,55.3,12.4
3385,19.09.2022,20:08:05,20.2,58.7,11.8
3386,19.09.2022,22:08:05,19.4,61.5,11.8
3387,20.09.2022,0:08:05,19,63.7,11.9
3388,20.09.2022,2:08:05,18.7,64.5,11.8
3389,20.09.2022,4:08:05,18.8,67.9,12.7
3390,20.09.2022,6:08:05,18.7,66.2,12.2
3391,20.09.2022,8:08:05,18.7,65.4,12
3392,20.09.2022,10:08:05,23,63.7,15.7
3393,20.09.2022,12:08:05,30.3,42.9,16.2
3394,20.09.2022,14:08:05,32.3,39.1,16.6
3395,20.09.2022,16:08:05,24.6,48,12.8
3396,20.09.2022,18:08:05,21.8,56.9,12.8
3397,20.09.2022,20:08:05,20.4,59.8,12.3
3398,20.09.2022,22:08:05,19.4,62.8,12.1
3399,21.09.2022,0:08:05,18.7,64.4,11.8
3400,21.09.2022,2:08:05,18.1,65.7,11.5
3401,21.09.2022,4:08:05,17.9,68.1,11.9
3402,21.09.2022,6:08:05,17.9,70.9,12.5
3403,21.09.2022,8:08:05,18,69.8,12.4
3404,21.09.2022,10:08:05,23.3,50.3,12.3
3405,21.09.2022,12:08:05,29.8,46.4,17
3406,21.09.2022,14:08:05,29.7,35.8,12.9
3407,21.09.2022,16:08:05,21,54.4,11.4
3408,21.09.2022,18:08:05,18.8,66.9,12.5
3409,21.09.2022,20:08:05,18,68.6,12.1
3410,21.09.2022,22:08:05,17.7,69.3,12
3411,22.09.2022,0:08:05,17.4,70.3,11.9
3412,22.09.2022,2:08:05,17.4,70.5,11.9
3413,22.09.2022,4:08:05,17.3,69.2,11.6
3414,22.09.2022,6:08:05,17.3,70.8,11.9
3415,22.09.2022,8:08:05,17.1,71.6,11.9
3416,22.09.2022,10:08:05,22.1,61.1,14.2
3417,22.09.2022,12:08:05,26.8,46.9,14.5
3418,22.09.2022,14:08:05,29.2,41.6,14.8
3419,22.09.2022,16:08:05,21.1,58.4,12.6
3420,22.09.2022,18:08:05,18.7,65.6,12.1
3421,22.09.2022,20:08:05,17.9,68.3,11.9
3422,22.09.2022,22:08:05,17.4,70.2,11.9
3423,23.09.2022,0:08:05,17.2,71,11.8
3424,23.09.2022,2:08:05,17.1,71.6,11.9
3425,23.09.2022,4:08:05,17.3,73.1,12.4
3426,23.09.2022,6:08:05,17.1,72.8,12.1
3427,23.09.2022,8:08:05,16.9,72.2,11.8
3428,23.09.2022,10:08:05,21.7,58.4,13.1
3429,23.09.2022,12:08:05,28.5,40.5,13.7
3430,23.09.2022,14:08:05,30.2,34.1,12.6
3431,23.09.2022,16:08:05,21.5,54.6,11.9
3432,23.09.2022,18:08:05,19,61.9,11.5
3433,23.09.2022,20:08:05,18,64.5,11.2
3434,23.09.2022,22:08:05,17.5,65.5,10.9
3435,24.09.2022,0:08:05,17.3,68.1,11.3
3436,24.09.2022,2:08:05,17.1,69.6,11.5
3437,24.09.2022,4:08:05,17.6,71.2,12.3
3438,24.09.2022,6:08:05,17.3,70.1,11.8
3439,24.09.2022,8:08:05,17.1,69.5,11.4
3440,24.09.2022,10:08:05,21.9,55.7,12.6
3441,24.09.2022,12:08:05,28.7,38.2,13
3442,24.09.2022,14:08:05,30.3,31.7,11.6
3443,24.09.2022,16:08:05,20.1,71.9,14.8
3444,24.09.2022,18:08:05,18.4,71.5,13.1
3445,24.09.2022,20:08:05,17.6,72.3,12.5
3446,24.09.2022,22:08:05,17.2,72.4,12.1
3447,25.09.2022,0:08:05,17.1,72.6,12.1
3448,25.09.2022,2:08:05,17,72.5,12
3449,25.09.2022,4:08:05,17.4,72.6,12.4
3450,25.09.2022,6:08:05,17.2,71.1,11.9
3451,25.09.2022,8:08:05,16.9,71.4,11.6
3452,25.09.2022,10:08:05,21.8,57.2,12.9
3453,25.09.2022,12:08:05,28.7,37.8,12.9
3454,25.09.2022,14:08:05,29,43.5,15.3
3455,25.09.2022,16:08:05,21,56.7,12
3456,25.09.2022,18:08:05,18.6,65.1,11.9
3457,25.09.2022,20:08:05,17.7,67.5,11.6
3458,25.09.2022,22:08:05,17.2,69,11.4
3459,26.09.2022,0:08:05,17,70,11.4
3460,26.09.2022,2:08:05,17,69.5,11.3
3461,26.09.2022,4:08:05,17.4,71.9,12.2
3462,26.09.2022,6:08:05,17.2,70.6,11.8
3463,26.09.2022,8:08:05,16.9,70.5,11.5
3464,26.09.2022,10:08:05,21.7,57.3,12.8
3465,26.09.2022,12:08:05,26.6,50.2,15.3
3466,26.09.2022,14:08:05,29.3,37.7,13.3
3467,26.09.2022,16:08:05,21.1,58.7,12.7
3468,26.09.2022,18:08:05,18.6,66.2,12.1
3469,26.09.2022,20:08:05,17.7,68.1,11.7
3470,26.09.2022,22:08:05,17.2,69.6,11.5
3471,27.09.2022,0:08:05,17.1,69.5,11.4
3472,27.09.2022,2:08:05,17,71.2,11.7
3473,27.09.2022,4:08:05,17.4,72,12.3
3474,27.09.2022,6:08:05,17.2,70.5,11.7
3475,27.09.2022,8:08:05,16.9,69.5,11.2
3476,27.09.2022,10:08:05,21.7,58.5,13.2
3477,27.09.2022,12:08:05,28.4,41.8,14.1
3478,27.09.2022,14:08:05,28.2,47.8,16
3479,27.09.2022,16:08:05,21,60.2,12.9
3480,27.09.2022,18:08:05,18.9,66.1,12.4
3481,27.09.2022,20:08:05,18,67.5,11.8
3482,27.09.2022,22:08:05,17.5,69,11.7
3483,28.09.2022,0:08:05,17.3,70.2,11.8
3484,28.09.2022,2:08:05,17.2,71.3,11.9
3485,28.09.2022,4:08:05,17.5,71.4,12.2
3486,28.09.2022,6:08:05,17.3,71.5,12.1
3487,28.09.2022,8:08:05,17.1,70.6,11.7
3488,28.09.2022,10:08:05,19.8,91.8,18.4
3489,28.09.2022,12:08:05,27.5,60.7,19.2
3490,28.09.2022,14:08:05,29.9,36.8,13.5
3491,28.09.2022,16:08:05,21.1,60.7,13.2
3492,28.09.2022,18:08:05,18.8,66,12.3
3493,28.09.2022,20:08:05,17.9,68.6,12
3494,28.09.2022,22:08:05,17.5,70.5,12
3495,29.09.2022,0:08:05,17.3,71.8,12.1
3496,29.09.2022,2:08:05,17.2,71.6,12
3497,29.09.2022,4:08:05,17.5,72.4,12.4
3498,29.09.2022,6:08:05,17.3,71.2,12
3499,29.09.2022,8:08:05,17.1,71.5,11.9
3500,29.09.2022,10:08:05,21,78,17
3501,29.09.2022,12:08:05,28.1,42.8,14.2
3502,29.09.2022,14:08:05,30.1,34.2,12.6
3503,29.09.2022,16:08:05,21.3,52.4,11.1
3504,29.09.2022,18:08:05,19.1,64.1,12.1
3505,29.09.2022,20:08:05,18.1,67.1,11.9
3506,29.09.2022,22:08:05,17.6,69.7,12
3507,30.09.2022,0:08:05,17.5,70.3,12
3508,30.09.2022,2:08:05,17.4,71.3,12.1
3509,30.09.2022,4:08:05,17.7,71.8,12.5
3510,30.09.2022,6:08:05,17.3,72.4,12.2
3511,30.09.2022,8:08:05,17.1,72.4,12
3512,30.09.2022,10:08:05,22.1,58.2,13.5
3513,30.09.2022,12:08:05,26.6,51,15.6
3514,30.09.2022,14:08:05,29.5,35.6,12.6
3515,30.09.2022,16:08:05,21.1,54.9,11.6
3516,30.09.2022,18:08:05,18.8,65.6,12.2
3517,30.09.2022,20:08:05,18,69,12.2
3518,30.09.2022,22:08:05,17.6,69.2,11.8
3519,01.10.2022,0:08:05,17.4,72.4,12.3
3520,01.10.2022,2:08:05,17.3,71.4,12
3521,01.10.2022,4:08:05,17.7,72.1,12.6
3522,01.10.2022,6:08:05,17.3,71.1,12
3523,01.10.2022,8:08:05,17.2,72.8,12.2
3524,01.10.2022,10:08:05,22.2,59.5,13.9
3525,01.10.2022,12:08:05,28.6,36.5,12.2
3526,01.10.2022,14:08:05,28.2,62,20.2
3527,01.10.2022,16:08:05,21.6,62.4,14.1
3528,01.10.2022,18:08:05,19.2,68.1,13.1
3529,01.10.2022,20:08:05,18,68.7,12.1
3530,01.10.2022,22:08:05,17.2,69.6,11.5
3531,02.10.2022,0:08:05,16.6,70.4,11.1
3532,02.10.2022,2:08:05,16.1,70.3,10.6
3533,02.10.2022,4:08:05,16.5,74.2,11.8
3534,02.10.2022,6:08:05,16.4,74.6,11.8
3535,02.10.2022,8:08:05,16.4,71.1,11.1
3536,02.10.2022,10:08:05,21.3,53,11.3
3537,02.10.2022,12:08:05,28.5,37.9,12.7
3538,02.10.2022,14:08:05,28.2,43.3,14.5
3539,02.10.2022,16:08:05,20.8,59.1,12.5
3540,02.10.2022,18:08:05,18.7,63.6,11.6
3541,02.10.2022,20:08:05,17.9,69.4,12.2
3542,02.10.2022,22:08:05,17.5,70.9,12.1
3543,03.10.2022,0:08:05,17.3,71.4,12
3544,03.10.2022,2:08:05,17.2,74.4,12.6
3545,03.10.2022,4:08:05,17.6,74.8,13
3546,03.10.2022,6:08:05,17.2,72.3,12.1
3547,03.10.2022,8:08:05,17,76.5,12.8
3548,03.10.2022,10:08:05,21.8,58.8,13.3
3549,03.10.2022,12:08:05,28.1,40.2,13.3
3550,03.10.2022,14:08:05,29.6,36.9,13.3
3551,03.10.2022,16:08:05,21.2,51.7,10.8
3552,03.10.2022,18:08:05,19,63,11.8
3553,03.10.2022,20:08:05,18.1,65.7,11.5
3554,03.10.2022,22:08:05,17.6,67.4,11.4
3555,04.10.2022,0:08:05,17.4,68.6,11.5
3556,04.10.2022,2:08:05,17.3,70.3,11.8
3557,04.10.2022,4:08:05,17.6,71.1,12.3
3558,04.10.2022,6:08:05,17.3,71.4,12
3559,04.10.2022,8:08:05,17,71.8,11.8
3560,04.10.2022,10:08:05,21.9,54.8,12.4
3561,04.10.2022,12:08:05,28.3,37.7,12.5
3562,04.10.2022,14:08:05,30,30.4,10.7
3563,04.10.2022,16:08:05,21.5,52.1,11.2
3564,04.10.2022,18:08:05,19.1,60.3,11.2
3565,04.10.2022,20:08:05,18.2,63.7,11.2
3566,04.10.2022,22:08:05,17.6,64,10.7
3567,05.10.2022,0:08:05,17.4,66.9,11.1
3568,05.10.2022,2:08:05,17.2,68.1,11.2
3569,05.10.2022,4:08:05,17.4,68.7,11.5
3570,05.10.2022,6:08:05,17.2,68.8,11.4
3571,05.10.2022,8:08:05,17,69.3,11.3
3572,05.10.2022,10:08:05,22,53.6,12.1
3573,05.10.2022,12:08:05,28.3,32.9,10.4
3574,05.10.2022,14:08:05,28,40.4,13.2
3575,05.10.2022,16:08:05,20.7,56.2,11.6
3576,05.10.2022,18:08:05,18.6,60.9,10.9
3577,05.10.2022,20:08:05,17.7,63.1,10.5
3578,05.10.2022,22:08:05,17.3,65.1,10.6
3579,06.10.2022,0:08:05,17.1,66.5,10.8
3580,06.10.2022,2:08:05,17.1,68.1,11.1
3581,06.10.2022,4:08:05,17.4,67.4,11.3
3582,06.10.2022,6:08:05,17.2,69.4,11.5
3583,06.10.2022,8:08:05,17,68.5,11.1
3584,06.10.2022,10:08:05,21.9,54,12.1
3585,06.10.2022,12:08:05,28.5,33.6,10.9
3586,06.10.2022,14:08:05,30,29.6,10.3
3587,06.10.2022,16:08:05,21.5,50,10.6
3588,06.10.2022,18:08:05,19,58.8,10.7
3589,06.10.2022,20:08:05,18,60.5,10.2
3590,06.10.2022,22:08:05,17.6,62.5,10.3
3591,07.10.2022,0:08:05,17.3,64.6,10.5
3592,07.10.2022,2:08:05,17.3,68.1,11.3
3593,07.10.2022,4:08:05,17.6,68.7,11.7
3594,07.10.2022,6:08:05,17.3,67.9,11.3
3595,07.10.2022,8:08:05,17,70.8,11.6
3596,07.10.2022,10:08:05,21.8,50.6,11.1
3597,07.10.2022,12:08:05,28.6,37.9,12.8
3598,07.10.2022,14:08:05,27.8,58.1,18.8
3599,07.10.2022,16:08:05,20.5,59.2,12.2
3600,07.10.2022,18:08:05,18.4,62.9,11.2
3601,07.10.2022,20:08:05,17.5,65.9,11
3602,07.10.2022,22:08:05,17.2,69.4,11.5
3603,08.10.2022,0:08:05,17.1,69.2,11.4
3604,08.10.2022,2:08:05,17,69.8,11.4
3605,08.10.2022,4:08:05,17.3,69.4,11.6
3606,08.10.2022,6:08:05,17.1,71.8,11.9
3607,08.10.2022,8:08:05,16.9,72,11.8
3608,08.10.2022,10:08:05,20.3,70,14.6
3609,08.10.2022,12:08:05,27.6,36.7,11.4
3610,08.10.2022,14:08:05,29.6,31.7,11
3611,08.10.2022,16:08:05,21.2,48,9.7
3612,08.10.2022,18:08:05,18.6,57.9,10.1
3613,08.10.2022,20:08:05,17.7,61.6,10.2
3614,08.10.2022,22:08:05,17.3,64.3,10.5
3615,09.10.2022,0:08:05,17.1,66.5,10.8
3616,09.10.2022,2:08:05,17.1,65.6,10.6
3617,09.10.2022,4:08:05,17.3,65.1,10.6
3618,09.10.2022,6:08:05,17.1,66,10.7
3619,09.10.2022,8:08:05,16.8,66.1,10.4
3620,09.10.2022,10:08:05,21.8,52.5,11.6
3621,09.10.2022,12:08:05,25.9,64,18.5
3622,09.10.2022,14:08:05,29.1,35,12
3623,09.10.2022,16:08:05,20.8,52.1,10.6
3624,09.10.2022,18:08:05,18.4,63,11.2
3625,09.10.2022,20:08:05,17.6,66.2,11.2
3626,09.10.2022,22:08:05,17.3,68.8,11.5
3627,10.10.2022,0:08:05,17,69.5,11.3
3628,10.10.2022,2:08:05,17,69.2,11.3
3629,10.10.2022,4:08:05,17.3,68.2,11.3
3630,10.10.2022,6:08:05,17,70.7,11.6
3631,10.10.2022,8:08:05,16.8,70.6,11.4
3632,10.10.2022,10:08:05,21.9,51.7,11.5
3633,10.10.2022,12:08:05,28.4,32.9,10.5
3634,10.10.2022,14:08:05,30,28.2,9.6
3635,10.10.2022,16:08:05,21.2,47.8,9.6
3636,10.10.2022,18:08:05,18.8,55.7,9.7
3637,10.10.2022,20:08:05,17.8,58.1,9.4
3638,10.10.2022,22:08:05,17.3,58.7,9.1
3639,11.10.2022,0:08:05,17,60.2,9.2
3640,11.10.2022,2:08:05,16.9,62.5,9.6
3641,11.10.2022,4:08:05,17,58.7,8.8
3642,11.10.2022,6:08:05,17,62.6,9.8
3643,11.10.2022,8:08:05,16.8,62.8,9.6
3644,11.10.2022,10:08:05,22,47.4,10.3
3645,11.10.2022,12:08:05,28.6,30.1,9.3
3646,11.10.2022,14:08:05,30,28.8,9.9
3647,11.10.2022,16:08:05,21.2,45.4,8.9
3648,11.10.2022,18:08:05,18.7,53.2,8.9
3649,11.10.2022,20:08:05,17.6,56.4,8.8
3650,11.10.2022,22:08:05,17.1,57.3,8.5
3651,12.10.2022,0:08:05,16.9,59,8.8
3652,12.10.2022,2:08:05,16.8,60.9,9.2
3653,12.10.2022,4:08:05,17,57.3,8.5
3654,12.10.2022,6:08:05,16.9,61.6,9.4
3655,12.10.2022,8:08:05,16.8,61.5,9.3
3656,12.10.2022,10:08:05,21.9,46.9,10
3657,12.10.2022,12:08:05,26.8,39.8,11.9
3658,12.10.2022,14:08:05,29.3,29.3,9.5
3659,12.10.2022,16:08:05,18.7,78.4,14.8
3660,12.10.2022,18:08:05,17.2,76.8,13
3661,12.10.2022,20:08:05,16.7,74.3,12.1
3662,12.10.2022,22:08:05,16.6,74.3,12
3663,13.10.2022,0:08:05,16.4,73.7,11.6
3664,13.10.2022,2:08:05,16.5,72.4,11.5
3665,13.10.2022,4:08:05,16.9,68.7,11.1
3666,13.10.2022,6:08:05,16.7,72.1,11.6
3667,13.10.2022,8:08:05,16.6,71.4,11.4
3668,13.10.2022,10:08:05,19.5,90,17.8
3669,13.10.2022,12:08:05,26.4,45.4,13.6
3670,13.10.2022,14:08:05,28.5,34.4,11.2
3671,13.10.2022,16:08:05,20.4,56.8,11.5
3672,13.10.2022,18:08:05,18.1,63,10.9
3673,13.10.2022,20:08:05,17.2,64.3,10.4
3674,13.10.2022,22:08:05,16.8,66.5,10.5
3675,14.10.2022,0:08:05,16.6,67.2,10.4
3676,14.10.2022,2:08:05,16.6,68.1,10.6
3677,14.10.2022,4:08:05,16.8,64.6,10
3678,14.10.2022,6:08:05,16.6,67.4,10.5
3679,14.10.2022,8:08:05,16.6,67.4,10.5
3680,14.10.2022,10:08:05,21.7,51.4,11.2
3681,14.10.2022,12:08:05,28.3,34.8,11.2
3682,14.10.2022,14:08:05,30,32.4,11.6
3683,14.10.2022,16:08:05,27.4,37.4,11.5
3684,14.10.2022,18:08:05,26.7,35.3,10.1
3685,14.10.2022,20:08:05,26.4,37.4,10.7
3686,14.10.2022,22:08:05,26.3,36.7,10.3
3687,15.10.2022,0:08:05,26.3,36,10
3688,15.10.2022,2:08:05,26.3,35.2,9.7
3689,15.10.2022,4:08:05,26.8,35.4,10.2
3690,15.10.2022,6:08:05,26.5,34.6,9.6
3691,15.10.2022,8:08:05,26.3,34.8,9.5
3692,15.10.2022,10:08:05,26.5,33.4,9.1
3693,15.10.2022,12:08:05,26.2,45.3,13.4
3694,15.10.2022,14:08:05,24.5,37.4,9
3695,15.10.2022,16:08:05,19.7,53.3,9.9
3696,15.10.2022,18:08:05,18,57.9,9.5
3697,15.10.2022,20:08:05,17.3,60.2,9.5
3698,15.10.2022,22:08:05,16.9,60.2,9.1
3699,16.10.2022,0:08:05,16.8,60.7,9.1
3700,16.10.2022,2:08:05,16.7,62.4,9.4
3701,16.10.2022,4:08:05,17,59.5,9
3702,16.10.2022,6:08:05,16.9,62.4,9.6
3703,16.10.2022,8:08:05,16.7,62,9.3
3704,16.10.2022,10:08:05,16.8,61.2,9.2
3705,16.10.2022,12:08:05,23.5,72.8,18.3
3706,16.10.2022,14:08:05,23.3,44.8,10.6
3707,16.10.2022,16:08:05,19.3,58.6,10.9
3708,16.10.2022,18:08:05,17.7,61.1,10.1
3709,16.10.2022,20:08:05,17.1,61.1,9.5
3710,16.10.2022,22:08:05,16.7,63.1,9.6
3711,17.10.2022,0:08:05,16.5,63.6,9.5
3712,17.10.2022,2:08:05,16.6,63.3,9.6
3713,17.10.2022,4:08:05,16.8,58,8.4
3714,17.10.2022,6:08:05,16.7,63,9.6
3715,17.10.2022,8:08:05,16.6,62,9.2
3716,17.10.2022,10:08:05,16.8,62.2,9.5
3717,17.10.2022,12:08:05,26.8,34.1,9.6
3718,17.10.2022,14:08:05,23.9,49.1,12.5
3719,17.10.2022,16:08:05,19.4,57.4,10.7
3720,17.10.2022,18:08:05,18,60.8,10.3
3721,17.10.2022,20:08:05,17.3,63.3,10.2
3722,17.10.2022,22:08:05,17.1,65,10.4
3723,18.10.2022,0:08:05,16.9,65.8,10.4
3724,18.10.2022,2:08:05,16.7,66.9,10.5
3725,18.10.2022,4:08:05,17.1,63.2,10
3726,18.10.2022,6:08:05,17,67,10.8
3727,18.10.2022,8:08:05,16.8,66.8,10.5
3728,18.10.2022,10:08:05,16.9,67.1,10.7
3729,18.10.2022,12:08:05,26.8,35.2,10.1
3730,18.10.2022,14:08:05,24.6,36.2,8.6
3731,18.10.2022,16:08:05,19.9,49.6,9
3732,18.10.2022,18:08:05,18.1,60.3,10.2
3733,18.10.2022,20:08:05,17.4,62.4,10.1
3734,18.10.2022,22:08:05,17.1,63.5,10.1
3735,19.10.2022,0:08:05,16.9,64.7,10.2
3736,19.10.2022,2:08:05,16.8,65.6,10.3
3737,19.10.2022,4:08:05,17.2,61.7,9.7
3738,19.10.2022,6:08:05,17,64.3,10.2
3739,19.10.2022,8:08:05,16.8,66.9,10.6
3740,19.10.2022,10:08:05,16.9,66.4,10.6
3741,19.10.2022,12:08:05,24.7,62.2,16.9
3742,19.10.2022,14:08:05,23.8,41.6,9.9
3743,19.10.2022,16:08:05,19.7,58.9,11.4
3744,19.10.2022,18:08:05,18,61.9,10.5
3745,19.10.2022,20:08:05,17.3,63.9,10.4
3746,19.10.2022,22:08:05,16.8,62.9,9.6
3747,20.10.2022,0:08:05,16.7,64.3,9.9
3748,20.10.2022,2:08:05,16.6,65.4,10
3749,20.10.2022,4:08:05,16.9,62,9.5
3750,20.10.2022,6:08:05,16.8,64.4,10
3751,20.10.2022,8:08:05,16.7,64.2,9.9
3752,20.10.2022,10:08:05,16.8,62.1,9.5
3753,20.10.2022,12:08:05,27.3,36.2,11
3754,20.10.2022,14:08:05,25.1,36.4,9.1
3755,20.10.2022,16:08:05,20,50,9.2
3756,20.10.2022,18:08:05,18,53.2,8.3
3757,20.10.2022,20:08:05,17.1,54.7,7.9
3758,20.10.2022,22:08:05,16.9,55.9,8
3759,21.10.2022,0:08:05,16.6,56.3,7.8
3760,21.10.2022,2:08:05,16.6,57.8,8.2
3761,21.10.2022,4:08:05,16.8,53.2,7.2
3762,21.10.2022,6:08:05,16.7,57.9,8.3
3763,21.10.2022,8:08:05,16.6,58.4,8.4
3764,21.10.2022,10:08:05,16.9,58.3,8.6
3765,21.10.2022,12:08:05,27.3,33.3,9.7
3766,21.10.2022,14:08:05,24.3,37.6,8.9
3767,21.10.2022,16:08:05,19.8,52.8,9.8
3768,21.10.2022,18:08:05,18,55.5,8.9
3769,21.10.2022,20:08:05,17.2,57.1,8.6
3770,21.10.2022,22:08:05,16.9,58.4,8.6
3771,22.10.2022,0:08:05,16.6,59.7,8.7
3772,22.10.2022,2:08:05,16.7,60.6,9
3773,22.10.2022,4:08:05,17,58.1,8.7
3774,22.10.2022,6:08:05,16.9,61.4,9.4
3775,22.10.2022,8:08:05,16.8,61.3,9.3
3776,22.10.2022,10:08:05,16.9,59.7,9
3777,22.10.2022,12:08:05,27.6,32.8,9.7
3778,22.10.2022,14:08:05,25.3,35.2,8.8
3779,22.10.2022,16:08:05,20.2,48.3,8.9
3780,22.10.2022,18:08:05,18.2,53.8,8.6
3781,22.10.2022,20:08:05,17.1,81.1,13.8
3782,22.10.2022,22:08:05,15.7,88.7,13.8
3783,23.10.2022,0:08:05,15.5,86,13.1
3784,23.10.2022,2:08:05,15.6,85,13
3785,23.10.2022,4:08:05,16,75.3,11.6
3786,23.10.2022,6:08:05,16.2,77.6,12.2
3787,23.10.2022,8:08:05,16.3,74.2,11.7
3788,23.10.2022,10:08:05,16.6,71.1,11.3
3789,23.10.2022,12:08:05,26.4,51.7,15.6
3790,23.10.2022,14:08:05,24,52,13.5
3791,23.10.2022,16:08:05,19.6,60.7,11.8
3792,23.10.2022,18:08:05,17.7,68.2,11.7
3793,23.10.2022,20:08:05,17,70.4,11.5
3794,23.10.2022,22:08:05,16.7,73.2,11.8
3795,24.10.2022,0:08:05,16.6,72.6,11.6
3796,24.10.2022,2:08:05,16.5,70.8,11.1
3797,24.10.2022,4:08:05,16.7,63.3,9.6
3798,24.10.2022,6:08:05,16.7,69.9,11.1
3799,24.10.2022,8:08:05,16.6,70.5,11.2
3800,24.10.2022,10:08:05,16.8,70.6,11.4
3801,24.10.2022,12:08:05,23.7,71.4,18.2
3802,24.10.2022,14:08:05,23.3,56.2,14
3803,24.10.2022,16:08:05,19.1,65,12.3
3804,24.10.2022,18:08:05,17.3,70.8,11.9
3805,24.10.2022,20:08:05,16.7,71.7,11.5
3806,24.10.2022,22:08:05,16.4,72.7,11.4
3807,25.10.2022,0:08:05,16.3,72.2,11.2
3808,25.10.2022,2:08:05,16.3,72.1,11.2
3809,25.10.2022,4:08:05,16.5,63.8,9.6
3810,25.10.2022,6:08:05,16.5,72.1,11.4
3811,25.10.2022,8:08:05,16.5,71,11.2
3812,25.10.2022,10:08:05,16.6,71,11.3
3813,25.10.2022,12:08:05,27,37.8,11.3
3814,25.10.2022,14:08:05,24.3,46.1,11.9
3815,25.10.2022,16:08:05,19.6,56.4,10.6
3816,25.10.2022,18:08:05,16.5,90.8,14.9
3817,25.10.2022,20:08:05,16,91,14.5
3818,25.10.2022,22:08:05,16.2,86,13.8
3819,26.10.2022,0:08:05,16.2,80.8,12.9
3820,26.10.2022,2:08:05,16.4,75.1,11.9
3821,26.10.2022,4:08:05,16.6,67.5,10.5
3822,26.10.2022,6:08:05,16.5,71.1,11.2
3823,26.10.2022,8:08:05,16.5,70.5,11.1
3824,26.10.2022,10:08:05,16.8,69,11
3825,26.10.2022,12:08:05,27.1,41.5,12.9
3826,26.10.2022,14:08:05,24.6,42.8,11.1
3827,26.10.2022,16:08:05,19.7,57.7,11.1
3828,26.10.2022,18:08:05,17.9,60.8,10.2
3829,26.10.2022,20:08:05,17.2,62.6,10
3830,26.10.2022,22:08:05,16.8,63.9,9.9
3831,27.10.2022,0:08:05,16.7,63.2,9.6
3832,27.10.2022,2:08:05,16.6,63.9,9.7
3833,27.10.2022,4:08:05,16.9,59.4,8.9
3834,27.10.2022,6:08:05,16.8,64.2,10
3835,27.10.2022,8:08:05,16.6,64.7,9.9
3836,27.10.2022,10:08:05,16.8,65.6,10.3
3837,27.10.2022,12:08:05,27.7,33.7,10.2
3838,27.10.2022,14:08:05,25.4,39,10.4
3839,27.10.2022,16:08:05,20.2,46.7,8.4
3840,27.10.2022,18:08:05,18,51.2,7.7
3841,27.10.2022,20:08:05,16.9,57,8.3
3842,27.10.2022,22:08:05,16.4,58,8.1
3843,28.10.2022,0:08:05,15.9,59.2,7.9
3844,28.10.2022,2:08:05,15.8,56.8,7.2
3845,28.10.2022,4:08:05,16.2,53,6.6
3846,28.10.2022,6:08:05,15.9,54.1,6.6
3847,28.10.2022,8:08:05,15.9,58.3,7.7
3848,28.10.2022,10:08:05,16.4,55.6,7.5
3849,28.10.2022,12:08:05,28,33.6,10.5
3850,28.10.2022,14:08:05,25.5,45.3,12.7
3851,28.10.2022,16:08:05,20.3,52.8,10.3
3852,28.10.2022,18:08:05,18.3,61.9,10.8
3853,28.10.2022,20:08:05,17.5,62.9,10.3
3854,28.10.2022,22:08:05,17.2,65.3,10.6
3855,29.10.2022,0:08:05,17,67.2,10.8
3856,29.10.2022,2:08:05,16.9,66.7,10.6
3857,29.10.2022,4:08:05,17.3,65.5,10.7
3858,29.10.2022,6:08:05,17.2,68,11.2
3859,29.10.2022,8:08:05,17,69.2,11.3
3860,29.10.2022,10:08:05,17.1,68.6,11.2
3861,29.10.2022,12:08:05,27.6,34.7,10.6
3862,29.10.2022,14:08:05,25.2,39.1,10.3
3863,29.10.2022,16:08:05,20.1,52.3,10
3864,29.10.2022,18:08:05,18.4,61,10.7
3865,29.10.2022,20:08:05,17.6,63.9,10.6
3866,29.10.2022,22:08:05,17.2,64.5,10.4
3867,30.10.2022,0:08:05,17.1,66.4,10.7
3868,30.10.2022,2:08:05,17,66,10.6
3869,30.10.2022,4:08:05,17.4,66.2,11
3870,30.10.2022,6:08:05,17.2,67.7,11.1
3871,30.10.2022,8:08:05,17,67,10.8
3872,30.10.2022,10:08:05,16,91.3,14.5
3873,30.10.2022,12:08:05,25,63.4,17.5
3874,30.10.2022,14:08:05,23.9,44.1,10.9
3875,30.10.2022,16:08:05,19.6,53.3,9.8
3876,30.10.2022,18:08:05,17.4,53.5,7.8
3877,30.10.2022,20:08:05,16.4,52.8,6.7
3878,30.10.2022,22:08:05,15.6,50.1,5.2
3879,31.10.2022,0:08:05,15.1,49.2,4.5
3880,31.10.2022,2:08:05,14.8,47.3,3.7
3881,31.10.2022,4:08:05,15,43.7,2.7
3882,31.10.2022,6:08:05,14.8,46,3.3
3883,31.10.2022,8:08:05,14.5,48.1,3.6
3884,31.10.2022,10:08:05,14.3,86.5,12
3885,31.10.2022,12:08:05,24.8,46.8,12.6
3886,31.10.2022,14:08:05,23.9,40.2,9.5
3887,31.10.2022,16:08:05,19.4,49.5,8.5
3888,31.10.2022,18:08:05,17.2,50.5,6.8
3889,31.10.2022,20:08:05,16.2,50.5,5.9
3890,31.10.2022,22:08:05,15.5,50.1,5.1
3891,01.11.2022,0:08:05,15,49.4,4.5
3892,01.11.2022,2:08:05,14.7,48.4,3.9
3893,01.11.2022,4:08:05,14.9,42.5,2.2
3894,01.11.2022,6:08:05,14.6,45.1,2.8
3895,01.11.2022,8:08:05,14.4,46.5,3
3896,01.11.2022,10:08:05,14.8,45.5,3.1
3897,01.11.2022,12:08:05,26.7,27.4,6.3
3898,01.11.2022,14:08:05,24.6,29,5.3
3899,01.11.2022,16:08:05,19.8,38.9,5.4
3900,01.11.2022,18:08:05,17.3,43,4.6
3901,01.11.2022,20:08:05,16.3,44.1,4
3902,01.11.2022,22:08:05,15.7,44.7,3.7
3903,02.11.2022,0:08:05,15.3,45.2,3.5
3904,02.11.2022,2:08:05,15.2,45.6,3.5
3905,02.11.2022,4:08:05,15.3,41.9,2.4
3906,02.11.2022,6:08:05,15.2,45.1,3.3
3907,02.11.2022,8:08:05,15.1,45.6,3.4
3908,02.11.2022,10:08:05,14.6,88.8,12.7
3909,02.11.2022,12:08:05,23.8,63,16.3
3910,02.11.2022,14:08:05,22.5,51,11.8
3911,02.11.2022,16:08:05,18,63.1,10.8
3912,02.11.2022,18:08:05,15.7,64.4,9
3913,02.11.2022,20:08:05,14.7,62.1,7.5
3914,02.11.2022,22:08:05,13.9,59.9,6.2
3915,03.11.2022,0:08:05,13.5,56.1,4.9
3916,03.11.2022,2:08:05,13.2,51.9,3.5
3917,03.11.2022,4:08:05,13.3,43.9,1.2
3918,03.11.2022,6:08:05,13,46.6,1.8
3919,03.11.2022,8:08:05,12.8,47.4,1.9
3920,03.11.2022,10:08:05,13.2,49.3,2.8
3921,03.11.2022,12:08:05,23.9,41,9.8
3922,03.11.2022,14:08:05,22.2,42.9,9
3923,03.11.2022,16:08:05,17.5,57.1,8.9
3924,03.11.2022,18:08:05,15.2,59.1,7.2
3925,03.11.2022,20:08:05,14.2,59.5,6.4
3926,03.11.2022,22:08:05,13.5,56.5,5
3927,04.11.2022,0:08:05,13.1,54.1,4
3928,04.11.2022,2:08:05,12.9,49.4,2.5
3929,04.11.2022,4:08:05,13.2,43.2,0.9
3930,04.11.2022,6:08:05,12.9,46.7,1.7
3931,04.11.2022,8:08:05,12.7,46.7,1.6
3932,04.11.2022,10:08:05,13.1,50.3,3
3933,04.11.2022,12:08:05,25.2,31.9,7.2
3934,04.11.2022,14:08:05,22.2,66.3,15.6
3935,04.11.2022,16:08:05,16.6,65.4,10
3936,04.11.2022,18:08:05,15,65.8,8.6
3937,04.11.2022,20:08:05,14.2,62,7
3938,04.11.2022,22:08:05,13.6,59.7,5.9
3939,05.11.2022,0:08:05,13.3,55.8,4.6
3940,05.11.2022,2:08:05,13.1,50.8,3.1
3941,05.11.2022,4:08:05,13.3,43.6,1.1
3942,05.11.2022,6:08:05,13.1,47.5,2.2
3943,05.11.2022,8:08:05,12.9,47.9,2.1
3944,05.11.2022,10:08:05,13.1,46.8,1.9
3945,05.11.2022,12:08:05,13.5,82.1,10.5
3946,05.11.2022,14:08:05,13.2,80.9,9.9
3947,05.11.2022,16:08:05,13.2,80.8,9.9
3948,05.11.2022,18:08:05,13,79.6,9.5
3949,05.11.2022,20:08:05,12.8,76.9,8.8
3950,05.11.2022,22:08:05,12.5,61.8,5.3
3951,06.11.2022,0:08:05,12.2,56.9,3.9
3952,06.11.2022,2:08:05,12.1,55.2,3.3
3953,06.11.2022,4:08:05,12.1,53.7,3
3954,06.11.2022,6:08:05,11.9,53.5,2.7
3955,06.11.2022,8:08:05,11.9,53.5,2.7
3956,06.11.2022,10:08:05,12,53.7,2.9
3957,06.11.2022,12:08:05,12.3,55.7,3.7
3958,06.11.2022,14:08:05,12.8,56.4,4.3
3959,06.11.2022,16:08:05,12.8,56.2,4.3
3960,06.11.2022,18:08:05,12.5,55,3.7
3961,06.11.2022,20:08:05,12.4,55.3,3.7
3962,06.11.2022,22:08:05,12.3,56,3.7
3963,07.11.2022,0:08:05,12.4,57.1,4.1
3964,07.11.2022,2:08:05,12.5,58.3,4.5
3965,07.11.2022,4:08:05,12.7,60,5.1
3966,07.11.2022,6:08:05,12.7,60.1,5.1
3967,07.11.2022,8:08:05,12.8,60.3,5.3
3968,07.11.2022,10:08:05,13.1,66.4,6.9
3969,07.11.2022,12:08:05,13.6,77.9,9.8
3970,07.11.2022,14:08:05,13.8,78.7,10.1
3971,07.11.2022,16:08:05,13.8,80,10.4
3972,07.11.2022,18:08:05,13.7,80.1,10.3
3973,07.11.2022,20:08:05,13.7,80.5,10.4
3974,07.11.2022,22:08:05,13.7,80.6,10.4
3975,08.11.2022,0:08:05,13.7,81.3,10.5
3976,08.11.2022,2:08:05,13.8,81.3,10.6
3977,08.11.2022,4:08:05,13.9,81.3,10.7
3978,08.11.2022,6:08:05,14,81.6,10.9
3979,08.11.2022,8:08:05,14.1,82.3,11.1
3980,08.11.2022,10:08:05,14.4,81.4,11.2
3981,08.11.2022,12:08:05,14.7,80.7,11.4
3982,08.11.2022,14:08:05,14.8,81.3,11.6
3983,08.11.2022,16:08:05,14.9,81.5,11.7
3984,08.11.2022,18:08:05,14.9,81.2,11.7
3985,08.11.2022,20:08:05,14.8,81.6,11.6
3986,08.11.2022,22:08:05,14.9,81.9,11.8
3987,09.11.2022,0:08:05,15,81.7,11.8
3988,09.11.2022,2:08:05,15.1,81.8,12
3989,09.11.2022,4:08:05,15.2,81.5,12
3990,09.11.2022,6:08:05,15.5,82.3,12.4
3991,09.11.2022,8:08:05,15.6,82.1,12.5
3992,09.11.2022,10:08:05,15.9,82,12.8
3993,09.11.2022,12:08:05,16.3,81.1,13
3994,09.11.2022,14:08:05,16.4,89.1,14.6
3995,09.11.2022,16:08:05,16.4,87.5,14.3
3996,09.11.2022,18:08:05,16.5,85,13.9
3997,09.11.2022,20:08:05,16.5,83.6,13.7
3998,09.11.2022,22:08:05,16.5,82.9,13.5
3999,10.11.2022,0:08:05,16.4,82.9,13.4
4000,10.11.2022,2:08:05,16.4,83.1,13.5
4001,10.11.2022,4:08:05,16.4,82.2,13.3
4002,10.11.2022,6:08:05,16.3,82.3,13.2
4003,10.11.2022,8:08:05,16.3,81.8,13.1
4004,10.11.2022,10:08:05,16.4,81.8,13.2
4005,10.11.2022,12:08:05,16.6,81.9,13.4
4006,10.11.2022,14:08:05,16.6,81.4,13.4
4007,10.11.2022,16:08:05,16.4,80.5,13
4008,10.11.2022,18:08:05,16.1,81.2,12.8
4009,10.11.2022,20:08:05,15.8,81.4,12.6
4010,10.11.2022,22:08:05,15.7,81.4,12.5
4011,11.11.2022,0:08:05,15.6,81,12.3
4012,11.11.2022,2:08:05,15.5,81,12.2
4013,11.11.2022,4:08:05,15.6,81.4,12.4
4014,11.11.2022,6:08:05,15.5,80.6,12.1
4015,11.11.2022,8:08:05,15.6,80.8,12.3
4016,11.11.2022,10:08:05,15.7,79.8,12.2
4017,11.11.2022,12:08:05,15.8,78.8,12.1
4018,11.11.2022,14:08:05,16.1,77.6,12.1
4019,11.11.2022,16:08:05,16.1,80,12.6
4020,11.11.2022,18:08:05,15.9,79.7,12.3
4021,11.11.2022,20:08:05,15.8,80.3,12.4
4022,11.11.2022,22:08:05,15.8,80.6,12.4
4023,12.11.2022,0:08:05,15.8,80.7,12.4
4024,12.11.2022,2:08:05,15.8,80.7,12.4
4025,12.11.2022,4:08:05,15.8,81,12.5
4026,12.11.2022,6:08:05,15.9,81.2,12.6
4027,12.11.2022,8:08:05,16,81.2,12.7
4028,12.11.2022,10:08:05,16.2,81,12.9
4029,12.11.2022,12:08:05,16.4,79.7,12.8
4030,12.11.2022,14:08:05,16.6,82.1,13.5
1,12.11.2022,18:24:18,26.9,47.9,14.9
2,12.11.2022,20:24:18,16.5,83.3,13.6
3,12.11.2022,22:24:18,16.3,83.1,13.4
4,13.11.2022,00:24:18,16.2,81.6,13.0
5,13.11.2022,02:24:18,16.0,79.0,12.3
6,13.11.2022,04:24:18,15.8,78.3,12.0
7,13.11.2022,06:24:18,15.7,78.7,12.0
8,13.11.2022,08:24:18,15.7,83.2,12.8
9,13.11.2022,10:24:18,15.6,76.7,11.5
10,13.11.2022,12:24:18,15.7,76.8,11.6
11,13.11.2022,14:24:18,15.5,81.1,12.2
12,13.11.2022,16:24:18,15.4,81.9,12.3
13,13.11.2022,18:24:18,15.2,80.0,11.7
14,13.11.2022,20:24:18,15.1,77.9,11.2
15,13.11.2022,22:24:18,14.7,63.6,7.8
16,14.11.2022,00:24:18,14.3,58.1,6.1
17,14.11.2022,02:24:18,13.9,55.0,5.0
18,14.11.2022,04:24:18,13.6,51.8,3.8
19,14.11.2022,06:24:18,13.3,48.5,2.6
20,14.11.2022,08:24:18,13.1,49.4,2.7
21,14.11.2022,10:24:18,13.1,78.3,9.4
22,14.11.2022,12:24:18,12.9,74.7,8.5
23,14.11.2022,14:24:18,12.6,58.0,4.5
24,14.11.2022,16:24:18,12.4,49.2,2.0
25,14.11.2022,18:24:18,12.3,45.1,0.7
26,14.11.2022,20:24:18,12.1,43.7,0.1
27,14.11.2022,22:24:18,11.9,43.7,0.0
28,15.11.2022,00:24:18,11.7,41.7,-0.8
29,15.11.2022,02:24:18,11.6,41.4,-1.0
30,15.11.2022,04:24:18,11.4,40.0,-1.7
31,15.11.2022,06:24:18,11.3,41.8,-1.1
32,15.11.2022,08:24:18,11.4,40.7,-1.4
33,15.11.2022,10:24:18,11.4,40.9,-1.3
34,15.11.2022,12:24:18,11.7,48.1,1.0
35,15.11.2022,14:24:18,11.5,47.3,0.6
36,15.11.2022,16:24:18,11.3,46.9,0.3
37,15.11.2022,18:24:18,11.2,48.3,0.6
38,15.11.2022,20:24:18,11.1,47.6,0.4
39,15.11.2022,22:24:18,11.0,47.3,0.2
40,16.11.2022,00:24:18,10.9,46.5,-0.1
41,16.11.2022,02:24:18,10.8,45.7,-0.4
42,16.11.2022,04:24:18,10.6,45.5,-0.6
43,16.11.2022,06:24:18,10.4,45.0,-1.0
44,16.11.2022,08:24:18,10.3,43.8,-1.4
45,16.11.2022,10:24:18,10.5,42.8,-1.5
46,16.11.2022,12:24:18,10.7,45.2,-0.6
47,16.11.2022,14:24:18,10.7,43.4,-1.2
48,16.11.2022,16:24:18,10.4,42.2,-1.8
49,16.11.2022,18:24:18,10.3,41.6,-2.1
50,16.11.2022,20:24:18,10.2,42.0,-2.1
51,16.11.2022,22:24:18,10.2,43.0,-1.8
52,17.11.2022,00:24:18,10.2,43.3,-1.7
53,17.11.2022,02:24:18,10.2,44.0,-1.4
54,17.11.2022,04:24:18,10.2,44.8,-1.2
55,17.11.2022,06:24:18,10.2,45.1,-1.1
56,17.11.2022,08:24:18,10.3,45.1,-1.0
57,17.11.2022,10:24:18,10.4,43.8,-1.3
58,17.11.2022,12:24:18,10.4,43.0,-1.6
59,17.11.2022,14:24:18,10.3,42.4,-1.9
60,17.11.2022,16:24:18,10.2,56.4,1.9
61,17.11.2022,18:24:18,9.7,45.3,-1.5
62,17.11.2022,20:24:18,9.3,43.7,-2.4
63,17.11.2022,22:24:18,9.1,42.5,-2.9
64,18.11.2022,00:24:18,8.9,42.3,-3.2
65,18.11.2022,02:24:18,8.7,42.0,-3.4
66,18.11.2022,04:24:18,8.6,41.7,-3.6
67,18.11.2022,06:24:18,8.5,41.3,-3.8
68,18.11.2022,08:24:18,8.4,41.2,-4.0
69,18.11.2022,10:24:18,8.7,41.4,-3.6
70,18.11.2022,12:24:18,9.0,41.6,-3.3
71,18.11.2022,14:24:18,8.8,41.8,-3.4
72,18.11.2022,16:24:18,8.8,42.1,-3.3
73,18.11.2022,18:24:18,8.7,42.3,-3.3
74,18.11.2022,20:24:18,8.6,43.2,-3.1
75,18.11.2022,22:24:18,8.6,43.1,-3.2
76,19.11.2022,00:24:18,8.5,42.7,-3.4
77,19.11.2022,02:24:18,8.3,42.0,-3.8
78,19.11.2022,04:24:18,8.2,42.1,-3.8
79,19.11.2022,06:24:18,8.3,42.1,-3.8
80,19.11.2022,08:24:18,7.6,87.8,5.7
81,19.11.2022,10:24:18,7.3,76.4,3.4
82,19.11.2022,12:24:18,8.6,53.2,-0.3
83,19.11.2022,14:24:18,9.0,47.7,-1.4
84,19.11.2022,16:24:18,9.0,47.5,-1.5
85,19.11.2022,18:24:18,9.0,47.7,-1.4
86,19.11.2022,20:24:18,9.0,47.8,-1.4
87,19.11.2022,22:24:18,9.1,47.9,-1.3
88,20.11.2022,00:24:18,9.2,48.9,-0.9
89,20.11.2022,02:24:18,9.3,48.5,-0.9
90,20.11.2022,04:24:18,9.2,48.3,-1.1
91,20.11.2022,06:24:18,9.2,47.5,-1.3
92,20.11.2022,08:24:18,9.1,47.2,-1.5
93,20.11.2022,10:24:18,8.5,86.5,6.3
94,20.11.2022,12:24:18,9.1,57.6,1.1
95,20.11.2022,14:24:18,9.5,51.6,0.0
96,20.11.2022,16:24:18,9.6,49.8,-0.3
97,20.11.2022,18:24:18,9.6,49.0,-0.5
98,20.11.2022,20:24:18,9.6,51.1,0.0
99,20.11.2022,22:24:18,9.7,51.0,0.0
100,21.11.2022,00:24:18,9.7,50.6,0.0
101,21.11.2022,02:24:18,9.7,50.5,0.0
102,21.11.2022,04:24:18,9.6,50.2,-0.2
103,21.11.2022,06:24:18,9.5,50.0,-0.3
104,21.11.2022,08:24:18,9.4,48.3,-0.9
105,21.11.2022,10:24:18,9.4,48.2,-0.9
106,21.11.2022,12:24:18,9.6,47.5,-0.9
107,21.11.2022,14:24:18,9.4,45.7,-1.7
108,21.11.2022,16:24:18,9.3,45.5,-1.8
109,21.11.2022,18:24:18,9.2,45.2,-2.0
110,21.11.2022,20:24:18,9.1,45.4,-2.0
111,21.11.2022,22:24:18,9.0,45.5,-2.1
112,22.11.2022,00:24:18,8.9,45.1,-2.3
113,22.11.2022,02:24:18,8.9,45.0,-2.3
114,22.11.2022,04:24:18,9.0,46.2,-1.9
115,22.11.2022,06:24:18,9.1,46.7,-1.6
116,22.11.2022,08:24:18,9.3,48.7,-0.9
117,22.11.2022,10:24:18,8.3,90.7,6.8
118,22.11.2022,12:24:18,9.0,70.2,3.8
119,22.11.2022,14:24:18,9.9,58.5,2.1
120,22.11.2022,16:24:18,10.2,56.2,1.8
121,22.11.2022,18:24:18,10.3,56.0,1.9
122,22.11.2022,20:24:18,10.4,56.6,2.1
123,22.11.2022,22:24:18,10.5,56.5,2.2
124,23.11.2022,00:24:18,10.5,56.2,2.1
125,23.11.2022,02:24:18,10.6,56.3,2.2
126,23.11.2022,04:24:18,10.6,56.1,2.2
127,23.11.2022,06:24:18,10.6,56.0,2.1
128,23.11.2022,08:24:18,10.7,56.3,2.3
129,23.11.2022,10:24:18,11.0,55.9,2.5
130,23.11.2022,12:24:18,11.1,56.8,2.8
131,23.11.2022,14:24:18,11.0,55.8,2.5
132,23.11.2022,16:24:18,10.9,55.5,2.3
133,23.11.2022,18:24:18,10.8,54.1,1.9
134,23.11.2022,20:24:18,10.6,52.8,1.3
135,23.11.2022,22:24:18,10.4,52.8,1.1
136,24.11.2022,00:24:18,10.3,50.8,0.5
137,24.11.2022,02:24:18,10.0,49.1,-0.1
138,24.11.2022,04:24:18,9.8,48.8,-0.4
139,24.11.2022,06:24:18,9.7,46.3,-1.2
140,24.11.2022,08:24:18,9.5,45.0,-1.8
141,24.11.2022,10:24:18,9.7,44.9,-1.6
142,24.11.2022,12:24:18,9.3,86.5,7.1
143,24.11.2022,14:24:18,8.0,77.9,4.3
144,24.11.2022,16:24:18,8.4,52.8,-0.6
145,24.11.2022,18:24:18,8.7,47.0,-1.9
146,24.11.2022,20:24:18,8.7,53.8,-0.1
147,24.11.2022,22:24:18,8.5,47.5,-2.0
148,25.11.2022,00:24:18,8.4,46.5,-2.3
149,25.11.2022,02:24:18,8.2,45.7,-2.8
150,25.11.2022,04:24:18,8.2,45.2,-2.9
151,25.11.2022,06:24:18,8.1,45.4,-2.9
152,25.11.2022,08:24:18,8.1,45.9,-2.8
153,25.11.2022,10:24:18,8.2,45.9,-2.7
154,25.11.2022,12:24:18,8.4,46.2,-2.4
155,25.11.2022,14:24:18,8.4,45.9,-2.5
156,25.11.2022,16:24:18,8.3,46.1,-2.5
157,25.11.2022,18:24:18,8.2,45.7,-2.8
158,25.11.2022,20:24:18,8.2,45.3,-2.9
159,25.11.2022,22:24:18,8.1,45.4,-2.9
160,26.11.2022,00:24:18,8.1,45.4,-2.9
161,26.11.2022,02:24:18,8.1,46.0,-2.8
162,26.11.2022,04:24:18,8.0,46.1,-2.8
163,26.11.2022,06:24:18,8.0,46.6,-2.7
164,26.11.2022,08:24:18,7.9,47.8,-2.4
165,26.11.2022,10:24:18,7.9,45.9,-3.0
166,26.11.2022,12:24:18,6.5,91.5,5.2
167,26.11.2022,14:24:18,7.3,72.0,2.5
168,26.11.2022,16:24:18,7.7,58.9,0.1
169,26.11.2022,18:24:18,7.8,48.4,-2.3
170,26.11.2022,20:24:18,7.7,46.9,-2.9
171,26.11.2022,22:24:18,7.7,46.3,-3.0
172,27.11.2022,00:24:18,7.7,46.0,-3.1
173,27.11.2022,02:24:18,7.7,46.7,-2.9
174,27.11.2022,04:24:18,7.7,46.5,-3.0
175,27.11.2022,06:24:18,7.8,46.7,-2.8
176,27.11.2022,08:24:18,8.0,47.8,-2.3
177,27.11.2022,10:24:18,8.3,48.5,-1.9
178,27.11.2022,12:24:18,8.7,50.5,-0.9
179,27.11.2022,14:24:18,8.7,48.8,-1.4
180,27.11.2022,16:24:18,8.6,48.8,-1.5
181,27.11.2022,18:24:18,8.5,48.5,-1.7
182,27.11.2022,20:24:18,8.5,48.1,-1.8
183,27.11.2022,22:24:18,8.5,48.4,-1.7
184,28.11.2022,00:24:18,8.5,48.4,-1.7
185,28.11.2022,02:24:18,8.5,48.5,-1.7
186,28.11.2022,04:24:18,8.5,49.9,-1.3
187,28.11.2022,06:24:18,8.3,50.2,-1.4
188,28.11.2022,08:24:18,8.3,48.5,-1.9
189,28.11.2022,10:24:18,8.4,47.9,-1.9
190,28.11.2022,12:24:18,8.5,47.2,-2.0
191,28.11.2022,14:24:18,8.4,83.1,5.7
192,28.11.2022,16:24:18,7.3,64.3,1.0
193,28.11.2022,18:24:18,7.6,53.8,-1.1
194,28.11.2022,20:24:18,7.7,48.4,-2.4
195,28.11.2022,22:24:18,7.8,48.0,-2.5
196,29.11.2022,00:24:18,7.8,48.1,-2.4
197,29.11.2022,02:24:18,7.8,47.8,-2.5
198,29.11.2022,04:24:18,7.7,46.2,-3.1
199,29.11.2022,06:24:18,7.5,45.2,-3.5
200,29.11.2022,08:24:18,7.4,44.0,-4.0
201,29.11.2022,10:24:18,7.4,44.0,-4.0
202,29.11.2022,12:24:18,7.4,46.0,-3.4
203,29.11.2022,14:24:18,7.3,44.3,-4.0
204,29.11.2022,16:24:18,7.1,46.5,-3.5
205,29.11.2022,18:24:18,6.8,45.6,-4.1
206,29.11.2022,20:24:18,6.6,45.0,-4.4
207,29.11.2022,22:24:18,6.5,44.7,-4.6
208,30.11.2022,00:24:18,6.4,43.8,-5.0
209,30.11.2022,02:24:18,6.2,44.0,-5.1
210,30.11.2022,04:24:18,6.1,44.1,-5.1
211,30.11.2022,06:24:18,6.0,43.3,-5.5
212,30.11.2022,08:24:18,5.9,42.7,-5.7
213,30.11.2022,10:24:18,6.1,41.0,-6.1
214,30.11.2022,12:24:18,5.2,55.7,-2.9
215,30.11.2022,14:24:18,6.0,44.1,-5.2
216,30.11.2022,16:24:18,6.1,43.4,-5.3
217,30.11.2022,18:24:18,6.5,42.2,-5.4
218,30.11.2022,20:24:18,6.8,41.3,-5.4
219,30.11.2022,22:24:18,6.9,40.1,-5.7
220,01.12.2022,00:24:18,6.9,40.3,-5.6
221,01.12.2022,02:24:18,6.9,39.8,-5.8
222,01.12.2022,04:24:18,6.9,40.2,-5.6
223,01.12.2022,06:24:18,6.9,38.5,-6.2
224,01.12.2022,08:24:18,6.9,39.9,-5.7
225,01.12.2022,10:24:18,7.0,40.7,-5.4
226,01.12.2022,12:24:18,6.1,87.8,4.2
227,01.12.2022,14:24:18,5.0,82.4,2.2
228,01.12.2022,16:24:18,6.2,59.6,-1.0
229,01.12.2022,18:24:18,6.6,42.8,-5.1
230,01.12.2022,20:24:18,6.8,40.7,-5.6
231,01.12.2022,22:24:18,6.8,42.1,-5.1
232,02.12.2022,00:24:18,6.8,41.0,-5.5
233,02.12.2022,02:24:18,6.8,40.2,-5.7
234,02.12.2022,04:24:18,6.9,39.9,-5.7
235,02.12.2022,06:24:18,6.9,39.6,-5.8
236,02.12.2022,08:24:18,6.9,41.2,-5.3
237,02.12.2022,10:24:18,6.9,40.9,-5.4
238,02.12.2022,12:24:18,6.9,39.4,-5.9
239,02.12.2022,14:24:18,6.1,86.7,4.0
240,02.12.2022,16:24:18,4.8,79.3,1.5
241,02.12.2022,18:24:18,5.9,47.7,-4.3
242,02.12.2022,20:24:18,6.4,43.0,-5.2
243,02.12.2022,22:24:18,6.6,41.3,-5.5
244,03.12.2022,00:24:18,6.6,39.2,-6.2
245,03.12.2022,02:24:18,6.7,38.8,-6.3
246,03.12.2022,04:24:18,6.7,38.0,-6.5
247,03.12.2022,06:24:18,6.7,37.1,-6.9
248,03.12.2022,08:24:18,6.8,37.9,-6.5
249,03.12.2022,10:24:18,6.7,41.8,-5.3
250,03.12.2022,12:24:18,6.7,41.1,-5.5
251,03.12.2022,14:24:18,6.8,41.8,-5.2
252,03.12.2022,16:24:18,6.7,42.9,-5.0
253,03.12.2022,18:24:18,6.6,43.6,-4.8
254,03.12.2022,20:24:18,6.6,42.1,-5.3
255,03.12.2022,22:24:18,6.6,41.0,-5.6
256,04.12.2022,00:24:18,6.7,41.3,-5.5
257,04.12.2022,02:24:18,6.6,40.1,-5.9
258,04.12.2022,04:24:18,6.6,39.1,-6.3
259,04.12.2022,06:24:18,6.7,39.3,-6.1
260,04.12.2022,08:24:18,6.7,38.4,-6.4
261,04.12.2022,10:24:18,6.7,38.1,-6.5
262,04.12.2022,12:24:18,6.6,92.6,5.4
263,04.12.2022,14:24:18,5.3,93.4,4.3
264,04.12.2022,16:24:18,5.4,93.7,4.4
265,04.12.2022,18:24:18,5.8,74.4,1.6
266,04.12.2022,20:24:18,6.2,53.1,-2.6
267,04.12.2022,22:24:18,6.3,41.7,-5.7
268,05.12.2022,00:24:18,6.3,40.8,-6.0
269,05.12.2022,02:24:18,6.3,40.5,-6.1
270,05.12.2022,04:24:18,6.4,40.1,-6.1
271,05.12.2022,06:24:18,6.4,38.9,-6.5
272,05.12.2022,08:24:18,6.4,37.8,-6.9
273,05.12.2022,10:24:18,6.4,40.1,-6.1
274,05.12.2022,12:24:18,6.3,37.6,-7.0
275,05.12.2022,14:24:18,6.3,38.7,-6.7
276,05.12.2022,16:24:18,6.3,37.7,-7.0
277,05.12.2022,18:24:18,6.3,37.0,-7.2
278,05.12.2022,20:24:18,6.3,37.4,-7.1
279,05.12.2022,22:24:18,6.4,37.8,-6.9
280,06.12.2022,00:24:18,6.4,36.3,-7.4
281,06.12.2022,02:24:18,6.4,37.5,-7.0
282,06.12.2022,04:24:18,6.4,37.5,-7.0
283,06.12.2022,06:24:18,6.4,36.5,-7.3
284,06.12.2022,08:24:18,6.3,36.6,-7.4
285,06.12.2022,10:24:18,6.3,36.5,-7.4
286,06.12.2022,12:24:18,6.4,38.2,-6.7
287,06.12.2022,14:24:18,6.6,36.3,-7.2
288,06.12.2022,16:24:18,6.6,36.1,-7.3
289,06.12.2022,18:24:18,6.6,35.4,-7.5
290,06.12.2022,20:24:18,6.5,35.1,-7.7
291,06.12.2022,22:24:18,6.5,34.2,-8.1
292,07.12.2022,00:24:18,6.4,33.6,-8.4
293,07.12.2022,02:24:18,6.4,33.6,-8.4
294,07.12.2022,04:24:18,6.4,33.6,-8.4
295,07.12.2022,06:24:18,6.5,34.0,-8.2
296,07.12.2022,08:24:18,6.5,36.6,-7.2
297,07.12.2022,10:24:18,6.4,36.7,-7.3
298,07.12.2022,12:24:18,6.5,35.1,-7.7
299,07.12.2022,14:24:18,6.8,75.4,2.7
300,07.12.2022,16:24:18,6.4,45.7,-4.4
301,07.12.2022,18:24:18,6.4,41.9,-5.5
302,07.12.2022,20:24:18,6.4,39.8,-6.2
303,07.12.2022,22:24:18,6.4,40.6,-5.9
304,08.12.2022,00:24:18,6.4,41.4,-5.7
305,08.12.2022,02:24:18,6.4,39.8,-6.2
306,08.12.2022,04:24:18,6.4,39.5,-6.3
307,08.12.2022,06:24:18,6.4,40.6,-5.9
308,08.12.2022,08:24:18,6.5,40.1,-6.0
309,08.12.2022,10:24:18,6.3,40.4,-6.1
310,08.12.2022,12:24:18,6.3,41.2,-5.8
311,08.12.2022,14:24:18,6.3,41.7,-5.7
312,08.12.2022,16:24:18,6.4,42.2,-5.4
313,08.12.2022,18:24:18,6.5,43.3,-5.0
314,08.12.2022,20:24:18,6.6,44.3,-4.6
315,08.12.2022,22:24:18,6.7,45.2,-4.3
316,09.12.2022,00:24:18,6.9,45.9,-3.9
317,09.12.2022,02:24:18,7.0,46.5,-3.6
318,09.12.2022,04:24:18,7.1,47.1,-3.4
319,09.12.2022,06:24:18,7.1,47.8,-3.2
320,09.12.2022,08:24:18,7.3,48.4,-2.8
321,09.12.2022,10:24:18,7.5,48.7,-2.5
322,09.12.2022,12:24:18,7.5,48.6,-2.6
323,09.12.2022,14:24:18,7.7,66.5,1.8
324,09.12.2022,16:24:18,7.7,70.3,2.6
325,09.12.2022,18:24:18,7.6,55.0,-0.8
326,09.12.2022,20:24:18,7.6,51.5,-1.7
327,09.12.2022,22:24:18,7.6,50.9,-1.8
328,10.12.2022,00:24:18,7.6,51.1,-1.8
329,10.12.2022,02:24:18,7.6,51.7,-1.6
330,10.12.2022,04:24:18,7.8,51.8,-1.4
331,10.12.2022,06:24:18,7.8,52.2,-1.3
332,10.12.2022,08:24:18,8.0,52.2,-1.1
333,10.12.2022,10:24:18,8.2,53.5,-0.6
334,10.12.2022,12:24:18,8.3,54.7,-0.2
335,10.12.2022,14:24:18,8.5,55.1,0.0
336,10.12.2022,16:24:18,8.6,56.6,0.4
337,10.12.2022,18:24:18,8.8,57.3,0.8
338,10.12.2022,20:24:18,8.9,58.4,1.1
339,10.12.2022,22:24:18,9.1,59.0,1.5
340,11.12.2022,00:24:18,9.2,59.7,1.7
341,11.12.2022,02:24:18,9.3,60.3,2.0
342,11.12.2022,04:24:18,9.4,60.4,2.1
343,11.12.2022,06:24:18,9.4,60.7,2.2
344,11.12.2022,08:24:18,9.3,59.9,1.9
345,11.12.2022,10:24:18,9.3,60.0,1.9
346,11.12.2022,12:24:18,9.3,60.4,2.0
347,11.12.2022,14:24:18,9.3,58.3,1.5
348,11.12.2022,16:24:18,9.5,65.3,3.3
349,11.12.2022,18:24:18,9.4,63.5,2.8
350,11.12.2022,20:24:18,9.4,62.0,2.4
351,11.12.2022,22:24:18,9.6,60.6,2.3
352,12.12.2022,00:24:18,9.8,61.7,2.8
353,12.12.2022,02:24:18,10.1,63.3,3.4
354,12.12.2022,04:24:18,10.2,65.2,3.9
355,12.12.2022,06:24:18,10.4,66.9,4.5
356,12.12.2022,08:24:18,10.6,69.7,5.3
357,12.12.2022,10:24:18,10.7,70.9,5.6
358,12.12.2022,12:24:18,10.8,73.0,6.1
359,12.12.2022,14:24:18,10.9,74.7,6.5
360,12.12.2022,16:24:18,10.9,74.5,6.5
361,12.12.2022,18:24:18,10.8,75.1,6.5
362,12.12.2022,20:24:18,10.9,74.2,6.4
363,12.12.2022,22:24:18,10.8,73.8,6.3
364,13.12.2022,00:24:18,10.8,73.2,6.2
365,13.12.2022,02:24:18,10.7,68.3,5.1
366,13.12.2022,04:24:18,10.7,67.0,4.8
367,13.12.2022,06:24:18,10.7,65.1,4.4
368,13.12.2022,08:24:18,10.7,65.2,4.4
369,13.12.2022,10:24:18,10.7,64.0,4.1
370,13.12.2022,12:24:18,11.0,75.6,6.8
371,13.12.2022,14:24:18,10.7,75.7,6.5
372,13.12.2022,16:24:18,10.5,74.4,6.1
373,13.12.2022,18:24:18,10.4,66.2,4.3
374,13.12.2022,20:24:18,10.2,62.3,3.3
375,13.12.2022,22:24:18,10.0,60.2,2.6
376,14.12.2022,00:24:18,9.7,62.2,2.8
377,14.12.2022,02:24:18,9.2,59.9,1.8
378,14.12.2022,04:24:18,8.8,54.5,0.1
379,14.12.2022,06:24:18,8.6,48.5,-1.6
380,14.12.2022,08:24:18,8.4,47.7,-2.0
381,14.12.2022,10:24:18,8.4,47.8,-2.0
382,14.12.2022,12:24:18,8.6,50.1,-1.1
383,14.12.2022,14:24:18,8.5,48.1,-1.8
384,14.12.2022,16:24:18,8.5,48.3,-1.7
385,14.12.2022,18:24:18,8.5,48.8,-1.6
386,14.12.2022,20:24:18,8.5,47.6,-1.9
387,14.12.2022,22:24:18,8.5,47.3,-2.0
388,15.12.2022,00:24:18,8.3,46.8,-2.3
389,15.12.2022,02:24:18,8.3,46.3,-2.5
390,15.12.2022,04:24:18,8.2,45.6,-2.8
391,15.12.2022,06:24:18,8.2,45.2,-2.9
392,15.12.2022,08:24:18,8.1,45.1,-3.0
393,15.12.2022,10:24:18,7.9,43.9,-3.6
394,15.12.2022,12:24:18,7.8,44.3,-3.5
395,15.12.2022,14:24:18,7.7,43.1,-4.0
396,15.12.2022,16:24:18,7.7,41.9,-4.4
397,15.12.2022,18:24:18,7.5,42.3,-4.4
398,15.12.2022,20:24:18,7.5,43.1,-4.2
399,15.12.2022,22:24:18,7.6,45.1,-3.5
400,16.12.2022,00:24:18,7.8,45.6,-3.1
401,16.12.2022,02:24:18,8.0,46.7,-2.6
402,16.12.2022,04:24:18,8.2,47.8,-2.1
403,16.12.2022,06:24:18,8.4,48.5,-1.8
404,16.12.2022,08:24:18,8.5,48.2,-1.8
405,16.12.2022,10:24:18,8.5,84.4,6.0
406,16.12.2022,12:24:18,7.6,90.5,6.1
407,16.12.2022,14:24:18,6.5,91.1,5.1
408,16.12.2022,16:24:18,6.9,72.8,2.3
409,16.12.2022,18:24:18,7.6,58.9,0.0
410,16.12.2022,20:24:18,7.7,46.9,-2.9
411,16.12.2022,22:24:18,7.8,46.6,-2.9
412,17.12.2022,00:24:18,7.8,46.6,-2.9
413,17.12.2022,02:24:18,7.8,46.7,-2.8
414,17.12.2022,04:24:18,7.8,46.7,-2.8
415,17.12.2022,06:24:18,7.8,46.6,-2.9
416,17.12.2022,08:24:18,7.8,47.4,-2.6
417,17.12.2022,10:24:18,7.9,47.8,-2.4
418,17.12.2022,12:24:18,8.0,48.0,-2.3
419,17.12.2022,14:24:18,8.1,48.0,-2.2
420,17.12.2022,16:24:18,8.1,47.9,-2.2
421,17.12.2022,18:24:18,8.2,48.3,-2.0
422,17.12.2022,20:24:18,8.2,48.6,-1.9
423,17.12.2022,22:24:18,8.2,48.2,-2.0
424,18.12.2022,00:24:18,8.2,48.0,-2.1
425,18.12.2022,02:24:18,8.1,47.4,-2.4
426,18.12.2022,04:24:18,8.0,46.1,-2.8
427,18.12.2022,06:24:18,8.0,45.3,-3.1
428,18.12.2022,08:24:18,7.8,44.7,-3.4
429,18.12.2022,10:24:18,7.7,44.2,-3.7
430,18.12.2022,12:24:18,7.8,44.6,-3.4
431,18.12.2022,14:24:18,7.8,45.2,-3.3
432,18.12.2022,16:24:18,7.8,44.2,-3.6
433,18.12.2022,18:24:18,7.7,43.2,-4.0
434,18.12.2022,20:24:18,7.4,40.3,-5.1
435,18.12.2022,22:24:18,7.3,39.8,-5.4
436,19.12.2022,00:24:18,7.3,39.3,-5.6
437,19.12.2022,02:24:18,7.3,39.3,-5.6
438,19.12.2022,04:24:18,7.3,39.9,-5.4
439,19.12.2022,06:24:18,7.3,40.2,-5.3
440,19.12.2022,08:24:18,7.3,40.9,-5.0
441,19.12.2022,10:24:18,7.4,42.0,-4.6
442,19.12.2022,12:24:18,7.5,43.8,-4.0
443,19.12.2022,14:24:18,7.8,44.8,-3.4
444,19.12.2022,16:24:18,8.0,46.7,-2.6
445,19.12.2022,18:24:18,8.2,47.4,-2.3
446,19.12.2022,20:24:18,8.4,47.2,-2.1
447,19.12.2022,22:24:18,8.5,46.7,-2.2
448,20.12.2022,00:24:18,8.5,47.3,-2.0
449,20.12.2022,02:24:18,8.4,46.4,-2.4
450,20.12.2022,04:24:18,8.2,44.1,-3.2
451,20.12.2022,06:24:18,7.9,42.2,-4.1
452,20.12.2022,08:24:18,7.7,38.4,-5.5
453,20.12.2022,10:24:18,7.5,37.2,-6.1
454,20.12.2022,12:24:18,7.4,36.8,-6.3
455,20.12.2022,14:24:18,6.2,88.0,4.3
456,20.12.2022,16:24:18,5.9,74.9,1.7
457,20.12.2022,18:24:18,6.6,51.7,-2.6
458,20.12.2022,20:24:18,7.0,47.8,-3.2
459,20.12.2022,22:24:18,7.1,45.5,-3.8
460,21.12.2022,00:24:18,7.2,44.0,-4.2
461,21.12.2022,02:24:18,7.2,43.5,-4.3
462,21.12.2022,04:24:18,7.3,43.7,-4.2
463,21.12.2022,06:24:18,7.4,44.3,-3.9
464,21.12.2022,08:24:18,7.5,45.0,-3.6
465,21.12.2022,10:24:18,7.6,45.2,-3.4
466,21.12.2022,12:24:18,7.6,46.1,-3.2
467,21.12.2022,14:24:18,8.2,81.3,5.1
468,21.12.2022,16:24:18,8.0,76.3,4.0
469,21.12.2022,18:24:18,7.9,62.8,1.2
470,21.12.2022,20:24:18,8.1,57.0,0.1
471,21.12.2022,22:24:18,8.4,58.1,0.6
472,22.12.2022,00:24:18,8.8,58.7,1.1
473,22.12.2022,02:24:18,9.0,60.6,1.8
474,22.12.2022,04:24:18,9.3,61.4,2.2
475,22.12.2022,06:24:18,9.4,64.1,2.9
476,22.12.2022,08:24:18,9.6,65.1,3.3
477,22.12.2022,10:24:18,9.7,65.7,3.6
478,22.12.2022,12:24:18,9.8,68.0,4.1
479,22.12.2022,14:24:18,9.9,71.3,4.9
480,22.12.2022,16:24:18,10.0,72.8,5.3
481,22.12.2022,18:24:18,10.0,73.4,5.4
482,22.12.2022,20:24:18,10.2,73.5,5.6
483,22.12.2022,22:24:18,10.2,73.7,5.7
484,23.12.2022,00:24:18,10.2,74.8,5.9
485,23.12.2022,02:24:18,10.3,74.4,5.9
486,23.12.2022,04:24:18,10.3,75.4,6.1
487,23.12.2022,06:24:18,10.3,75.9,6.2
488,23.12.2022,08:24:18,10.4,75.5,6.2
489,23.12.2022,10:24:18,10.4,75.5,6.2
490,23.12.2022,12:24:18,10.6,74.7,6.3
491,23.12.2022,14:24:18,10.8,75.1,6.5
492,23.12.2022,16:24:18,10.8,76.0,6.7
493,23.12.2022,18:24:18,10.8,75.9,6.7
494,23.12.2022,20:24:18,10.8,76.7,6.8
495,23.12.2022,22:24:18,10.9,76.0,6.8
496,24.12.2022,00:24:18,10.9,75.6,6.7
497,24.12.2022,02:24:18,11.0,76.1,6.9
498,24.12.2022,04:24:18,11.0,76.1,6.9
499,24.12.2022,06:24:18,11.0,76.5,7.0
500,24.12.2022,08:24:18,11.0,76.6,7.0
501,24.12.2022,10:24:18,11.0,75.9,6.9
502,24.12.2022,12:24:18,11.0,76.4,7.0
503,24.12.2022,14:24:18,11.0,75.5,6.8
504,24.12.2022,16:24:18,11.0,75.2,6.7
505,24.12.2022,18:24:18,11.0,74.3,6.6
506,24.12.2022,20:24:18,11.0,72.6,6.2
507,24.12.2022,22:24:18,10.8,64.6,4.4
508,25.12.2022,00:24:18,10.7,60.3,3.3
509,25.12.2022,02:24:18,10.5,57.2,2.4
510,25.12.2022,04:24:18,10.2,56.5,1.9
511,25.12.2022,06:24:18,9.8,52.9,0.6
512,25.12.2022,08:24:18,9.6,50.1,-0.2
513,25.12.2022,10:24:18,9.4,47.6,-1.1
514,25.12.2022,12:24:18,9.7,74.0,5.2
515,25.12.2022,14:24:18,9.4,72.7,4.7
516,25.12.2022,16:24:18,9.0,55.9,0.6
517,25.12.2022,18:24:18,8.8,48.6,-1.4
518,25.12.2022,20:24:18,8.8,47.2,-1.8
519,25.12.2022,22:24:18,8.6,47.2,-2.0
520,26.12.2022,00:24:18,8.5,46.1,-2.4
521,26.12.2022,02:24:18,8.5,46.1,-2.4
522,26.12.2022,04:24:18,8.4,44.8,-2.8
523,26.12.2022,06:24:18,8.3,44.4,-3.0
524,26.12.2022,08:24:18,8.3,43.9,-3.2
525,26.12.2022,10:24:18,8.2,43.9,-3.3
526,26.12.2022,12:24:18,8.2,45.1,-2.9
527,26.12.2022,14:24:18,8.1,44.5,-3.2
528,26.12.2022,16:24:18,8.0,44.1,-3.4
529,26.12.2022,18:24:18,7.9,43.6,-3.7
530,26.12.2022,20:24:18,7.8,43.2,-3.9
531,26.12.2022,22:24:18,7.7,42.6,-4.1
532,27.12.2022,00:24:18,7.5,42.0,-4.5
533,27.12.2022,02:24:18,7.4,42.4,-4.5
534,27.12.2022,04:24:18,7.3,42.1,-4.7
535,27.12.2022,06:24:18,7.2,42.0,-4.8
536,27.12.2022,08:24:18,7.2,42.6,-4.6
537,27.12.2022,10:24:18,7.2,43.6,-4.3
538,27.12.2022,12:24:18,7.3,44.8,-3.8
539,27.12.2022,14:24:18,7.5,46.1,-3.3
540,27.12.2022,16:24:18,7.7,48.6,-2.4
541,27.12.2022,18:24:18,7.9,49.7,-1.9
542,27.12.2022,20:24:18,8.1,51.3,-1.3
543,27.12.2022,22:24:18,8.4,52.1,-0.8
544,28.12.2022,00:24:18,8.5,53.2,-0.4
545,28.12.2022,02:24:18,8.6,52.7,-0.5
546,28.12.2022,04:24:18,8.7,52.8,-0.3
547,28.12.2022,06:24:18,8.7,52.8,-0.3
548,28.12.2022,08:24:18,8.8,53.1,-0.2
549,28.12.2022,10:24:18,8.8,53.4,-0.1
550,28.12.2022,12:24:18,8.9,53.7,0.0
551,28.12.2022,14:24:18,9.0,53.6,0.1
552,28.12.2022,16:24:18,8.9,52.8,-0.1
553,28.12.2022,18:24:18,8.9,52.3,-0.3
554,28.12.2022,20:24:18,9.0,53.1,0.0
555,28.12.2022,22:24:18,9.1,53.7,0.2
556,29.12.2022,00:24:18,9.2,54.1,0.4
557,29.12.2022,02:24:18,9.2,52.5,0.0
558,29.12.2022,04:24:18,9.1,51.3,-0.4
559,29.12.2022,06:24:18,8.9,50.2,-0.8
560,29.12.2022,08:24:18,8.8,49.0,-1.3
561,29.12.2022,10:24:18,8.7,48.7,-1.4
562,29.12.2022,12:24:18,8.3,88.0,6.4
563,29.12.2022,14:24:18,7.2,89.9,5.6
564,29.12.2022,16:24:18,7.5,73.7,3.1
565,29.12.2022,18:24:18,8.5,57.5,0.6
566,29.12.2022,20:24:18,8.9,55.4,0.4
567,29.12.2022,22:24:18,9.0,55.1,0.4
568,30.12.2022,00:24:18,9.0,54.9,0.4
569,30.12.2022,02:24:18,9.1,54.3,0.3
570,30.12.2022,04:24:18,9.1,54.9,0.5
571,30.12.2022,06:24:18,9.2,55.4,0.7
572,30.12.2022,08:24:18,9.3,55.7,0.9
573,30.12.2022,10:24:18,9.5,56.8,1.3
574,30.12.2022,12:24:18,9.6,57.5,1.6
575,30.12.2022,14:24:18,9.8,58.5,2.0
576,30.12.2022,16:24:18,9.8,59.3,2.2
577,30.12.2022,18:24:18,10.0,59.7,2.5
578,30.12.2022,20:24:18,10.1,60.4,2.7
579,30.12.2022,22:24:18,10.2,60.7,2.9
580,31.12.2022,00:24:18,10.2,61.5,3.1
581,31.12.2022,02:24:18,10.3,60.9,3.0
582,31.12.2022,04:24:18,10.2,59.6,2.6
583,31.12.2022,06:24:18,10.1,59.6,2.6
584,31.12.2022,08:24:18,10.2,59.2,2.6
585,31.12.2022,10:24:18,10.3,59.9,2.8
586,31.12.2022,12:24:18,10.2,89.9,8.6
587,31.12.2022,14:24:18,9.7,90.0,8.1
588,31.12.2022,16:24:18,9.9,84.5,7.4
589,31.12.2022,18:24:18,10.1,71.3,5.1
590,31.12.2022,20:24:18,10.2,66.7,4.2
591,31.12.2022,22:24:18,10.2,64.3,3.7
592,01.01.2023,00:24:18,10.1,63.7,3.5
593,01.01.2023,02:24:18,10.2,63.5,3.5
594,01.01.2023,04:24:18,10.3,63.2,3.6
595,01.01.2023,06:24:18,10.3,63.5,3.6
596,01.01.2023,08:24:18,10.5,63.8,3.9
597,01.01.2023,10:24:18,10.7,66.0,4.6
598,01.01.2023,12:24:18,11.0,67.7,5.2
599,01.01.2023,14:24:18,11.2,69.5,5.8
600,01.01.2023,16:24:18,11.3,70.9,6.2
601,01.01.2023,18:24:18,11.7,86.8,9.5
602,01.01.2023,20:24:18,11.8,84.2,9.2
603,01.01.2023,22:24:18,12.1,83.6,9.4
604,02.01.2023,00:24:18,12.1,83.6,9.4
605,02.01.2023,02:24:18,11.8,82.0,8.8
606,02.01.2023,04:24:18,11.5,82.1,8.5
607,02.01.2023,06:24:18,11.2,81.5,8.1
608,02.01.2023,08:24:18,11.0,79.4,7.5
609,02.01.2023,10:24:18,10.8,75.5,6.6
610,02.01.2023,12:24:18,10.5,56.7,2.2
611,02.01.2023,14:24:18,10.4,55.9,1.9
612,02.01.2023,16:24:18,10.3,52.7,1.0
613,02.01.2023,18:24:18,10.2,51.2,0.5
614,02.01.2023,20:24:18,10.0,50.2,0.1
615,02.01.2023,22:24:18,9.9,49.8,0.0
616,03.01.2023,00:24:18,9.8,50.0,-0.1
617,03.01.2023,02:24:18,9.8,49.0,-0.3
618,03.01.2023,04:24:18,9.7,49.2,-0.4
619,03.01.2023,06:24:18,9.7,50.7,0.0
620,03.01.2023,08:24:18,9.8,51.8,0.3
621,03.01.2023,10:24:18,9.9,52.7,0.7
622,03.01.2023,12:24:18,9.9,56.0,1.5
623,03.01.2023,14:24:18,10.3,58.3,2.4
624,03.01.2023,16:24:18,10.7,60.5,3.3
625,03.01.2023,18:24:18,10.9,60.2,3.4
626,03.01.2023,20:24:18,11.0,61.4,3.8
627,03.01.2023,22:24:18,11.0,61.9,3.9
628,04.01.2023,00:24:18,10.9,59.8,3.4
629,04.01.2023,02:24:18,10.7,57.4,2.6
630,04.01.2023,04:24:18,10.2,56.4,1.9
631,04.01.2023,06:24:18,9.9,52.0,0.5
632,04.01.2023,08:24:18,9.6,49.4,-0.4
633,04.01.2023,10:24:18,9.4,46.9,-1.3
634,04.01.2023,12:24:18,9.2,48.6,-1.0
635,04.01.2023,14:24:18,9.1,46.2,-1.8
636,04.01.2023,16:24:18,9.1,46.1,-1.8
637,04.01.2023,18:24:18,9.1,47.8,-1.3
638,04.01.2023,20:24:18,9.2,49.0,-0.9
639,04.01.2023,22:24:18,9.3,49.1,-0.8
640,05.01.2023,00:24:18,9.3,49.0,-0.8
641,05.01.2023,02:24:18,9.3,48.8,-0.9
642,05.01.2023,04:24:18,9.1,47.0,-1.6
643,05.01.2023,06:24:18,8.9,45.4,-2.2
644,05.01.2023,08:24:18,8.8,44.0,-2.7
645,05.01.2023,10:24:18,8.8,90.2,7.2
646,05.01.2023,12:24:18,8.4,91.5,7.0
647,05.01.2023,14:24:18,7.0,91.6,5.7
648,05.01.2023,16:24:18,6.9,76.2,3.0
649,05.01.2023,18:24:18,7.0,60.7,0.0
650,05.01.2023,20:24:18,7.1,42.8,-4.6
651,05.01.2023,22:24:18,7.1,39.7,-5.6
652,06.01.2023,00:24:18,7.1,37.5,-6.4
653,06.01.2023,02:24:18,7.0,36.6,-6.8
654,06.01.2023,04:24:18,7.0,35.5,-7.2
655,06.01.2023,06:24:18,7.0,34.9,-7.4
656,06.01.2023,08:24:18,7.0,34.4,-7.6
657,06.01.2023,10:24:18,7.0,34.1,-7.7
658,06.01.2023,12:24:18,7.4,43.0,-4.3
659,06.01.2023,14:24:18,7.3,36.7,-6.5
660,06.01.2023,16:24:18,7.0,34.9,-7.4
661,06.01.2023,18:24:18,7.0,34.0,-7.7
662,06.01.2023,20:24:18,7.0,33.9,-7.7
663,06.01.2023,22:24:18,6.9,33.4,-8.0
664,07.01.2023,00:24:18,6.9,32.9,-8.2
665,07.01.2023,02:24:18,6.9,32.7,-8.3
666,07.01.2023,04:24:18,6.9,32.3,-8.5
667,07.01.2023,06:24:18,6.8,32.3,-8.5
668,07.01.2023,08:24:18,6.9,32.5,-8.4
669,07.01.2023,10:24:18,6.9,32.4,-8.4
670,07.01.2023,12:24:18,6.9,31.5,-8.8
671,07.01.2023,14:24:18,6.9,31.3,-8.9
672,07.01.2023,16:24:18,6.9,31.5,-8.8
673,07.01.2023,18:24:18,7.0,31.9,-8.5
674,07.01.2023,20:24:18,6.9,31.9,-8.6
675,07.01.2023,22:24:18,7.0,31.7,-8.6
676,08.01.2023,00:24:18,7.0,31.5,-8.7
677,08.01.2023,02:24:18,7.0,32.0,-8.5
678,08.01.2023,04:24:18,7.0,31.7,-8.6
679,08.01.2023,06:24:18,7.0,32.2,-8.4
680,08.01.2023,08:24:18,7.0,31.8,-8.6
681,08.01.2023,10:24:18,7.1,32.2,-8.3
682,08.01.2023,12:24:18,7.1,33.8,-7.7
683,08.01.2023,14:24:18,7.3,86.6,5.2
684,08.01.2023,16:24:18,6.8,80.1,3.6
685,08.01.2023,18:24:18,6.9,43.3,-4.7
686,08.01.2023,20:24:18,7.0,38.6,-6.1
687,08.01.2023,22:24:18,7.0,37.6,-6.4
688,09.01.2023,00:24:18,6.9,37.6,-6.5
689,09.01.2023,02:24:18,6.9,37.1,-6.7
690,09.01.2023,04:24:18,6.9,35.8,-7.1
691,09.01.2023,06:24:18,6.9,35.0,-7.4
692,09.01.2023,08:24:18,6.8,34.4,-7.7
693,09.01.2023,10:24:18,6.8,34.8,-7.6
694,09.01.2023,12:24:18,6.8,34.5,-7.7
695,09.01.2023,14:24:18,6.9,34.4,-7.7
696,09.01.2023,16:24:18,6.9,58.5,-0.6
697,09.01.2023,18:24:18,6.7,50.6,-2.8
698,09.01.2023,20:24:18,6.7,42.9,-5.0
699,09.01.2023,22:24:18,6.8,36.8,-6.9
700,10.01.2023,00:24:18,6.8,35.8,-7.2
701,10.01.2023,02:24:18,6.8,34.7,-7.6
702,10.01.2023,04:24:18,6.8,34.3,-7.8
703,10.01.2023,06:24:18,6.8,34.2,-7.8
704,10.01.2023,08:24:18,6.9,34.8,-7.5
705,10.01.2023,10:24:18,7.1,39.0,-5.8
706,10.01.2023,12:24:18,7.0,39.4,-5.8
707,10.01.2023,14:24:18,7.0,37.7,-6.4
708,10.01.2023,16:24:18,6.9,37.3,-6.6
709,10.01.2023,18:24:18,7.0,38.8,-6.0
710,10.01.2023,20:24:18,7.0,36.9,-6.7
711,10.01.2023,22:24:18,6.9,38.1,-6.3
712,11.01.2023,00:24:18,6.9,37.2,-6.6
713,11.01.2023,02:24:18,6.9,38.6,-6.2
714,11.01.2023,04:24:18,6.9,36.6,-6.8
715,11.01.2023,06:24:18,6.9,38.3,-6.3
716,11.01.2023,08:24:18,6.9,36.1,-7.0
717,11.01.2023,10:24:18,6.9,39.9,-5.7
718,11.01.2023,12:24:18,7.0,34.3,-7.6
719,11.01.2023,14:24:18,7.0,33.9,-7.7
720,11.01.2023,16:24:18,7.0,35.0,-7.3
721,11.01.2023,18:24:18,7.0,34.4,-7.6
722,11.01.2023,20:24:18,7.0,34.7,-7.4
723,11.01.2023,22:24:18,7.0,35.2,-7.3
724,12.01.2023,00:24:18,7.1,35.4,-7.1
725,12.01.2023,02:24:18,7.1,35.6,-7.0
726,12.01.2023,04:24:18,7.1,36.0,-6.9
727,12.01.2023,06:24:18,7.1,35.6,-7.0
728,12.01.2023,08:24:18,7.1,37.3,-6.4
729,12.01.2023,10:24:18,7.1,35.8,-7.0
730,12.01.2023,12:24:18,7.1,36.6,-6.7
731,12.01.2023,14:24:18,7.1,38.9,-5.9
732,12.01.2023,16:24:18,7.1,39.2,-5.8
733,12.01.2023,18:24:18,7.1,38.6,-6.0
734,12.01.2023,20:24:18,7.1,38.6,-6.0
735,12.01.2023,22:24:18,7.1,38.4,-6.0
736,13.01.2023,00:24:18,7.1,39.4,-5.7
737,13.01.2023,02:24:18,7.2,41.2,-5.0
738,13.01.2023,04:24:18,7.1,40.7,-5.3
739,13.01.2023,06:24:18,7.2,40.5,-5.3
740,13.01.2023,08:24:18,7.1,40.1,-5.5
741,13.01.2023,10:24:18,7.1,40.5,-5.4
742,13.01.2023,12:24:18,7.2,43.2,-4.4
743,13.01.2023,14:24:18,7.3,88.5,5.5
744,13.01.2023,16:24:18,6.9,90.0,5.3
745,13.01.2023,18:24:18,6.5,89.2,4.8
746,13.01.2023,20:24:18,6.0,83.7,3.4
747,13.01.2023,22:24:18,6.4,75.7,2.4
748,14.01.2023,00:24:18,6.9,60.7,-0.1
749,14.01.2023,02:24:18,7.2,57.4,-0.6
750,14.01.2023,04:24:18,7.4,54.9,-1.0
751,14.01.2023,06:24:18,7.4,55.9,-0.8
752,14.01.2023,08:24:18,7.5,53.3,-1.3
753,14.01.2023,10:24:18,7.6,50.7,-1.9
754,14.01.2023,12:24:18,7.6,51.3,-1.7
755,14.01.2023,14:24:18,7.7,51.4,-1.6
756,14.01.2023,16:24:18,7.8,51.2,-1.6
757,14.01.2023,18:24:18,7.8,51.3,-1.6
758,14.01.2023,20:24:18,8.0,51.7,-1.3
759,14.01.2023,22:24:18,8.0,51.8,-1.2
760,15.01.2023,00:24:18,8.0,52.9,-1.0
761,15.01.2023,02:24:18,8.1,52.4,-1.0
762,15.01.2023,04:24:18,8.0,52.5,-1.1
763,15.01.2023,06:24:18,8.0,52.5,-1.1
764,15.01.2023,08:24:18,8.1,51.7,-1.2
765,15.01.2023,10:24:18,8.1,51.5,-1.2
766,15.01.2023,12:24:18,8.2,55.1,-0.2
767,15.01.2023,14:24:18,8.3,52.0,-0.9
768,15.01.2023,16:24:18,8.4,52.5,-0.7
769,15.01.2023,18:24:18,8.4,54.1,-0.3
770,15.01.2023,20:24:18,8.2,51.0,-1.3
771,15.01.2023,22:24:18,8.0,50.0,-1.7
772,16.01.2023,00:24:18,7.8,49.1,-2.2
773,16.01.2023,02:24:18,7.7,48.1,-2.5
774,16.01.2023,04:24:18,7.7,48.6,-2.4
775,16.01.2023,06:24:18,7.6,48.1,-2.6
776,16.01.2023,08:24:18,7.6,47.0,-2.9
777,16.01.2023,10:24:18,7.5,46.4,-3.2
778,16.01.2023,12:24:18,7.8,80.5,4.6
779,16.01.2023,14:24:18,7.7,63.0,1.1
780,16.01.2023,16:24:18,7.6,53.7,-1.1
781,16.01.2023,18:24:18,7.7,54.3,-0.9
782,16.01.2023,20:24:18,7.6,54.6,-0.9
783,16.01.2023,22:24:18,7.7,54.5,-0.8
784,17.01.2023,00:24:18,7.7,54.7,-0.8
785,17.01.2023,02:24:18,7.8,55.4,-0.5
786,17.01.2023,04:24:18,7.9,55.5,-0.4
787,17.01.2023,06:24:18,8.0,55.5,-0.3
788,17.01.2023,08:24:18,8.1,54.7,-0.4
789,17.01.2023,10:24:18,8.3,56.0,0.0
790,17.01.2023,12:24:18,8.5,57.8,0.6
791,17.01.2023,14:24:18,8.8,59.9,1.4
792,17.01.2023,16:24:18,9.1,65.1,2.9
793,17.01.2023,18:24:18,9.4,70.0,4.2
794,17.01.2023,20:24:18,9.4,73.1,4.8
795,17.01.2023,22:24:18,9.4,77.6,5.6
796,18.01.2023,00:24:18,9.3,76.4,5.3
797,18.01.2023,02:24:18,9.3,76.6,5.4
798,18.01.2023,04:24:18,9.3,77.9,5.6
799,18.01.2023,06:24:18,9.3,77.8,5.6
800,18.01.2023,08:24:18,9.4,78.5,5.8
801,18.01.2023,10:24:18,9.5,76.8,5.6
802,18.01.2023,12:24:18,9.5,76.5,5.5
803,18.01.2023,14:24:18,9.6,81.1,6.5
804,18.01.2023,16:24:18,9.6,82.4,6.7
805,18.01.2023,18:24:18,9.5,79.9,6.2
806,18.01.2023,20:24:18,9.7,78.5,6.1
807,18.01.2023,22:24:18,9.7,80.1,6.4
808,19.01.2023,00:24:18,9.8,78.0,6.1
809,19.01.2023,02:24:18,9.9,80.7,6.7
810,19.01.2023,04:24:18,9.9,81.1,6.8
811,19.01.2023,06:24:18,10.0,79.8,6.6
812,19.01.2023,08:24:18,10.1,80.0,6.8
813,19.01.2023,10:24:18,10.3,79.6,6.9
814,19.01.2023,12:24:18,10.5,92.3,9.3
815,19.01.2023,14:24:18,10.3,93.5,9.2
816,19.01.2023,16:24:18,10.1,93.8,9.1
817,19.01.2023,18:24:18,10.1,94.1,9.1
818,19.01.2023,20:24:18,10.1,94.3,9.2
819,19.01.2023,22:24:18,10.1,94.4,9.2
820,20.01.2023,00:24:18,10.2,94.5,9.3
821,20.01.2023,02:24:18,10.3,94.6,9.4
822,20.01.2023,04:24:18,10.4,94.7,9.5
823,20.01.2023,06:24:18,10.3,94.8,9.5
824,20.01.2023,08:24:18,10.4,94.9,9.6
825,20.01.2023,10:24:18,10.6,95.0,9.8
826,20.01.2023,12:24:18,10.6,95.0,9.8
827,20.01.2023,14:24:18,10.8,95.0,10.0
828,20.01.2023,16:24:18,10.8,94.4,9.9
829,20.01.2023,18:24:18,10.7,93.5,9.6
830,20.01.2023,20:24:18,10.7,93.4,9.6
831,20.01.2023,22:24:18,10.5,82.5,7.6
832,21.01.2023,00:24:18,11.5,78.8,7.9
833,21.01.2023,02:24:18,11.3,88.1,9.4
834,21.01.2023,04:24:18,10.8,85.8,8.5
835,21.01.2023,06:24:18,10.4,82.4,7.5
836,21.01.2023,08:24:18,9.7,68.2,4.1
837,21.01.2023,10:24:18,9.5,94.5,8.6
838,21.01.2023,12:24:18,9.1,94.8,8.3
839,21.01.2023,14:24:18,7.7,93.8,6.7
840,21.01.2023,16:24:18,7.9,87.6,5.9
841,21.01.2023,18:24:18,8.3,73.1,3.7
842,21.01.2023,20:24:18,8.4,51.3,-1.0
843,21.01.2023,22:24:18,8.3,47.9,-2.0
844,22.01.2023,00:24:18,8.2,46.5,-2.5
845,22.01.2023,02:24:18,8.1,46.3,-2.7
846,22.01.2023,04:24:18,8.2,46.8,-2.4
847,22.01.2023,06:24:18,8.1,46.7,-2.6
848,22.01.2023,08:24:18,8.2,47.4,-2.3
849,22.01.2023,10:24:18,8.2,48.5,-2.0
850,22.01.2023,12:24:18,7.4,82.5,4.6
851,22.01.2023,14:24:18,8.2,66.1,2.2
852,22.01.2023,16:24:18,8.4,52.9,-0.6
853,22.01.2023,18:24:18,8.5,52.4,-0.6
854,22.01.2023,20:24:18,8.5,52.0,-0.7
855,22.01.2023,22:24:18,8.5,52.3,-0.6
856,23.01.2023,00:24:18,8.5,52.6,-0.6
857,23.01.2023,02:24:18,8.4,51.7,-0.9
858,23.01.2023,04:24:18,8.3,51.1,-1.1
859,23.01.2023,06:24:18,8.3,50.0,-1.4
860,23.01.2023,08:24:18,8.3,49.8,-1.5
861,23.01.2023,10:24:18,8.1,48.8,-2.0
862,23.01.2023,12:24:18,8.2,47.6,-2.2
863,23.01.2023,14:24:18,8.3,48.8,-1.8
864,23.01.2023,16:24:18,8.3,49.3,-1.6
865,23.01.2023,18:24:18,8.4,49.6,-1.5
866,23.01.2023,20:24:18,8.4,49.3,-1.5
867,23.01.2023,22:24:18,8.4,49.5,-1.5
868,24.01.2023,00:24:18,8.4,49.7,-1.4
869,24.01.2023,02:24:18,8.5,50.1,-1.2
870,24.01.2023,04:24:18,8.5,49.9,-1.3
871,24.01.2023,06:24:18,8.5,50.0,-1.3
872,24.01.2023,08:24:18,8.4,50.0,-1.4
873,24.01.2023,10:24:18,8.5,50.1,-1.2
874,24.01.2023,12:24:18,8.6,50.7,-1.0
875,24.01.2023,14:24:18,8.8,50.6,-0.8
876,24.01.2023,16:24:18,8.9,51.4,-0.5
877,24.01.2023,18:24:18,9.0,51.9,-0.3
878,24.01.2023,20:24:18,9.0,52.2,-0.2
879,24.01.2023,22:24:18,9.1,52.7,0.0
880,25.01.2023,00:24:18,9.1,52.8,0.0
881,25.01.2023,02:24:18,9.1,52.2,-0.1
882,25.01.2023,04:24:18,9.0,51.7,-0.3
883,25.01.2023,06:24:18,9.0,51.8,-0.3
884,25.01.2023,08:24:18,8.9,51.1,-0.6
885,25.01.2023,10:24:18,9.0,51.8,-0.3
886,25.01.2023,12:24:18,9.0,50.9,-0.6
887,25.01.2023,14:24:18,8.7,91.8,7.4
888,25.01.2023,16:24:18,8.3,92.4,7.1
889,25.01.2023,18:24:18,8.1,93.2,7.0
890,25.01.2023,20:24:18,7.5,87.0,5.4
891,25.01.2023,22:24:18,8.0,73.6,3.5
892,26.01.2023,00:24:18,8.3,62.1,1.4
893,26.01.2023,02:24:18,8.4,51.7,-0.9
894,26.01.2023,04:24:18,8.5,50.8,-1.0
895,26.01.2023,06:24:18,8.4,50.3,-1.3
896,26.01.2023,08:24:18,8.4,50.0,-1.4
897,26.01.2023,10:24:18,8.5,50.5,-1.1
898,26.01.2023,12:24:18,8.6,51.8,-0.7
899,26.01.2023,14:24:18,8.7,51.6,-0.6
900,26.01.2023,16:24:18,8.8,51.6,-0.6
901,26.01.2023,18:24:18,9.1,53.6,0.1
902,26.01.2023,20:24:18,9.9,55.3,1.3
903,26.01.2023,22:24:18,10.5,55.9,2.0
904,27.01.2023,00:24:18,10.9,56.8,2.6
905,27.01.2023,02:24:18,11.2,58.5,3.3
906,27.01.2023,04:24:18,11.5,60.2,4.0
907,27.01.2023,06:24:18,11.7,61.2,4.4
908,27.01.2023,08:24:18,11.9,62.5,4.9
909,27.01.2023,10:24:18,12.1,63.4,5.3
910,27.01.2023,12:24:18,11.5,92.4,10.3
911,27.01.2023,14:24:18,10.5,93.1,9.4
912,27.01.2023,16:24:18,10.0,93.4,8.9
913,27.01.2023,18:24:18,9.8,93.6,8.8
914,27.01.2023,20:24:18,9.6,93.8,8.6
915,27.01.2023,22:24:18,9.1,93.8,8.1
916,28.01.2023,00:24:18,8.6,92.5,7.4
917,28.01.2023,02:24:18,8.9,83.4,6.2
918,28.01.2023,04:24:18,9.0,79.7,5.6
919,28.01.2023,06:24:18,9.0,72.6,4.3
920,28.01.2023,08:24:18,8.9,53.9,0.0
921,28.01.2023,10:24:18,9.2,92.4,8.0
922,28.01.2023,12:24:18,8.6,92.3,7.4
923,28.01.2023,14:24:18,7.8,86.3,5.6
924,28.01.2023,16:24:18,8.3,64.4,1.9
925,28.01.2023,18:24:18,8.7,57.8,0.8
926,28.01.2023,20:24:18,8.8,56.9,0.7
927,28.01.2023,22:24:18,8.8,56.8,0.7
928,29.01.2023,00:24:18,8.9,55.8,0.5
929,29.01.2023,02:24:18,8.7,53.2,-0.2
930,29.01.2023,04:24:18,8.6,50.8,-1.0
931,29.01.2023,06:24:18,8.5,49.6,-1.4
932,29.01.2023,08:24:18,8.5,49.3,-1.5
933,29.01.2023,10:24:18,8.6,53.4,-0.3
934,29.01.2023,12:24:18,8.6,48.2,-1.7
935,29.01.2023,14:24:18,8.6,48.7,-1.5
936,29.01.2023,16:24:18,8.7,48.8,-1.4
937,29.01.2023,18:24:18,8.7,50.5,-0.9
938,29.01.2023,20:24:18,8.7,50.9,-0.8
939,29.01.2023,22:24:18,8.7,50.5,-0.9
940,30.01.2023,00:24:18,8.7,50.6,-0.9
941,30.01.2023,02:24:18,8.7,50.5,-0.9
942,30.01.2023,04:24:18,8.6,50.4,-1.1
943,30.01.2023,06:24:18,8.6,50.0,-1.2
944,30.01.2023,08:24:18,8.6,50.3,-1.1
945,30.01.2023,10:24:18,7.8,86.0,5.6
946,30.01.2023,12:24:18,8.4,64.0,1.9
947,30.01.2023,14:24:18,8.8,54.8,0.2
948,30.01.2023,16:24:18,9.0,55.0,0.4
949,30.01.2023,18:24:18,9.0,54.2,0.2
950,30.01.2023,20:24:18,9.1,53.3,0.1
951,30.01.2023,22:24:18,9.1,53.6,0.1
952,31.01.2023,00:24:18,9.1,53.1,0.0
953,31.01.2023,02:24:18,9.0,53.1,0.0
954,31.01.2023,04:24:18,9.0,52.5,-0.1
955,31.01.2023,06:24:18,9.1,52.4,-0.1
956,31.01.2023,08:24:18,9.1,52.6,0.0
957,31.01.2023,10:24:18,9.2,53.8,0.3
958,31.01.2023,12:24:18,9.4,54.3,0.6
959,31.01.2023,14:24:18,9.5,52.9,0.3
960,31.01.2023,16:24:18,9.6,55.6,1.1
961,31.01.2023,18:24:18,9.7,55.5,1.2
962,31.01.2023,20:24:18,9.7,56.2,1.4
963,31.01.2023,22:24:18,9.8,56.6,1.6
964,01.02.2023,00:24:18,9.9,57.1,1.8
965,01.02.2023,02:24:18,9.9,56.8,1.7
966,01.02.2023,04:24:18,9.9,57.5,1.9
967,01.02.2023,06:24:18,10.0,56.9,1.8
968,01.02.2023,08:24:18,10.0,92.0,8.7
969,01.02.2023,10:24:18,9.8,93.0,8.7
970,01.02.2023,12:24:18,9.7,93.4,8.6
971,01.02.2023,14:24:18,9.7,93.6,8.7
972,01.02.2023,16:24:18,9.6,93.9,8.6
973,01.02.2023,18:24:18,9.6,94.0,8.6
974,01.02.2023,20:24:18,9.5,93.9,8.5
975,01.02.2023,22:24:18,9.3,88.3,7.4
976,02.02.2023,00:24:18,9.4,73.1,4.8
977,02.02.2023,02:24:18,9.6,59.7,2.1
978,02.02.2023,04:24:18,9.6,55.3,1.0
979,02.02.2023,06:24:18,9.6,53.5,0.6
980,02.02.2023,08:24:18,9.6,53.2,0.5
981,02.02.2023,10:24:18,9.6,92.1,8.3
982,02.02.2023,12:24:18,9.4,93.3,8.3
983,02.02.2023,14:24:18,9.3,93.9,8.3
984,02.02.2023,16:24:18,9.1,94.2,8.2
985,02.02.2023,18:24:18,8.5,90.5,7.0
986,02.02.2023,20:24:18,9.3,73.7,4.8
987,02.02.2023,22:24:18,9.6,62.1,2.7
988,03.02.2023,00:24:18,9.7,58.0,1.8
989,03.02.2023,02:24:18,9.7,57.5,1.7
990,03.02.2023,04:24:18,9.7,57.1,1.6
991,03.02.2023,06:24:18,9.8,57.7,1.8
992,03.02.2023,08:24:18,9.9,58.0,2.0
993,03.02.2023,10:24:18,10.1,59.3,2.5
994,03.02.2023,12:24:18,10.4,64.1,3.9
995,03.02.2023,14:24:18,10.5,69.6,5.1
996,03.02.2023,16:24:18,10.6,68.4,5.0
997,03.02.2023,18:24:18,10.6,68.6,5.0
998,03.02.2023,20:24:18,10.6,64.7,4.2
999,03.02.2023,22:24:18,10.5,59.7,3.0
1000,04.02.2023,00:24:18,10.4,58.1,2.5
1001,04.02.2023,02:24:18,10.4,57.7,2.4
1002,04.02.2023,04:24:18,10.3,57.3,2.2
1003,04.02.2023,06:24:18,10.3,56.0,1.9
1004,04.02.2023,08:24:18,10.3,56.6,2.0
1005,04.02.2023,10:24:18,10.3,56.3,1.9
1006,04.02.2023,12:24:18,10.5,90.2,8.9
1007,04.02.2023,14:24:18,10.3,92.1,9.0
1008,04.02.2023,16:24:18,10.2,92.7,9.0
1009,04.02.2023,18:24:18,10.1,92.9,9.0
1010,04.02.2023,20:24:18,10.0,92.6,8.8
1011,04.02.2023,22:24:18,9.9,90.8,8.4
1012,05.02.2023,00:24:18,9.7,84.7,7.2
1013,05.02.2023,02:24:18,9.7,66.7,3.8
1014,05.02.2023,04:24:18,9.7,58.1,1.8
1015,05.02.2023,06:24:18,9.6,54.9,0.9
1016,05.02.2023,08:24:18,9.5,51.9,0.1
1017,05.02.2023,10:24:18,9.5,50.9,-0.1
1018,05.02.2023,12:24:18,9.7,55.2,1.1
1019,05.02.2023,14:24:18,9.7,55.3,1.1
1020,05.02.2023,16:24:18,9.8,60.3,2.4
1021,05.02.2023,18:24:18,9.7,51.8,0.2
1022,05.02.2023,20:24:18,9.6,49.8,-0.3
1023,05.02.2023,22:24:18,9.5,47.7,-1.0
1024,06.02.2023,00:24:18,9.3,45.9,-1.7
1025,06.02.2023,02:24:18,9.0,44.7,-2.3
1026,06.02.2023,04:24:18,8.8,44.0,-2.7
1027,06.02.2023,06:24:18,8.7,43.7,-2.9
1028,06.02.2023,08:24:18,8.5,42.6,-3.4
1029,06.02.2023,10:24:18,8.5,42.4,-3.5
1030,06.02.2023,12:24:18,9.4,51.0,-0.2
1031,06.02.2023,14:24:18,9.1,43.1,-2.7
1032,06.02.2023,16:24:18,8.7,43.9,-2.8
1033,06.02.2023,18:24:18,8.5,43.7,-3.1
1034,06.02.2023,20:24:18,8.5,42.3,-3.5
1035,06.02.2023,22:24:18,8.3,41.6,-3.9
1036,07.02.2023,00:24:18,8.2,40.9,-4.2
1037,07.02.2023,02:24:18,8.1,40.5,-4.5
1038,07.02.2023,04:24:18,8.1,40.1,-4.6
1039,07.02.2023,06:24:18,8.0,39.5,-4.9
1040,07.02.2023,08:24:18,8.0,39.3,-4.9
1041,07.02.2023,10:24:18,8.1,38.7,-5.1
1042,07.02.2023,12:24:18,6.9,90.1,5.3
1043,07.02.2023,14:24:18,7.9,62.7,1.2
1044,07.02.2023,16:24:18,8.1,43.5,-3.5
1045,07.02.2023,18:24:18,8.0,41.8,-4.1
1046,07.02.2023,20:24:18,7.9,40.4,-4.7
1047,07.02.2023,22:24:18,7.8,39.7,-5.0
1048,08.02.2023,00:24:18,7.7,39.4,-5.2
1049,08.02.2023,02:24:18,7.6,39.0,-5.4
1050,08.02.2023,04:24:18,7.5,38.9,-5.5
1051,08.02.2023,06:24:18,7.6,39.6,-5.2
1052,08.02.2023,08:24:18,7.6,39.8,-5.1
1053,08.02.2023,10:24:18,7.9,40.7,-4.6
1054,08.02.2023,12:24:18,8.9,49.2,-1.1
1055,08.02.2023,14:24:18,8.9,50.2,-0.8
1056,08.02.2023,16:24:18,8.8,47.4,-1.7
1057,08.02.2023,18:24:18,8.7,49.7,-1.2
1058,08.02.2023,20:24:18,8.7,50.1,-1.0
1059,08.02.2023,22:24:18,8.7,50.5,-0.9
1060,09.02.2023,00:24:18,8.7,51.4,-0.7
1061,09.02.2023,02:24:18,8.8,52.2,-0.4
1062,09.02.2023,04:24:18,8.9,52.9,-0.1
1063,09.02.2023,06:24:18,8.9,53.2,0.0
1064,09.02.2023,08:24:18,9.0,52.8,-0.1
1065,09.02.2023,10:24:18,9.2,54.5,0.5
1066,09.02.2023,12:24:18,8.6,90.3,7.1
1067,09.02.2023,14:24:18,9.2,85.0,6.8
1068,09.02.2023,16:24:18,9.8,89.0,8.0
1069,09.02.2023,18:24:18,9.7,89.7,8.0
1070,09.02.2023,20:24:18,9.6,88.4,7.7
1071,09.02.2023,22:24:18,9.5,86.3,7.3
1072,10.02.2023,00:24:18,9.4,82.5,6.5
1073,10.02.2023,02:24:18,9.2,57.0,1.1
1074,10.02.2023,04:24:18,9.1,51.4,-0.3
1075,10.02.2023,06:24:18,9.1,50.0,-0.7
1076,10.02.2023,08:24:18,9.0,48.4,-1.2
1077,10.02.2023,10:24:18,9.1,44.6,-2.3
1078,10.02.2023,12:24:18,10.2,49.7,0.1
1079,10.02.2023,14:24:18,10.2,67.6,4.4
1080,10.02.2023,16:24:18,10.0,77.0,6.1
1081,10.02.2023,18:24:18,10.0,73.6,5.5
1082,10.02.2023,20:24:18,9.9,72.3,5.1
1083,10.02.2023,22:24:18,9.8,69.5,4.4
1084,11.02.2023,00:24:18,9.6,58.1,1.7
1085,11.02.2023,02:24:18,9.5,51.1,0.0
1086,11.02.2023,04:24:18,9.4,50.5,-0.3
1087,11.02.2023,06:24:18,9.3,46.7,-1.5
1088,11.02.2023,08:24:18,9.1,50.1,-0.7
1089,11.02.2023,10:24:18,9.4,48.1,-1.0
1090,11.02.2023,12:24:18,10.0,48.8,-0.2
1091,11.02.2023,14:24:18,9.8,56.3,1.5
1092,11.02.2023,16:24:18,9.6,56.5,1.3
1093,11.02.2023,18:24:18,9.5,53.5,0.5
1094,11.02.2023,20:24:18,9.5,54.6,0.8
1095,11.02.2023,22:24:18,9.6,55.2,1.0
1096,12.02.2023,00:24:18,9.7,56.9,1.5
1097,12.02.2023,02:24:18,9.7,56.1,1.3
1098,12.02.2023,04:24:18,9.5,51.7,0.0
1099,12.02.2023,06:24:18,9.2,49.0,-0.9
1100,12.02.2023,08:24:18,8.9,46.5,-1.9
1101,12.02.2023,10:24:18,8.8,40.6,-3.8
1102,12.02.2023,12:24:18,8.7,54.6,0.0
1103,12.02.2023,14:24:18,8.9,57.2,0.9
1104,12.02.2023,16:24:18,8.7,51.9,-0.6
1105,12.02.2023,18:24:18,8.5,45.7,-2.5
1106,12.02.2023,20:24:18,8.3,46.2,-2.5
1107,12.02.2023,22:24:18,8.0,42.9,-3.8
1108,13.02.2023,00:24:18,7.8,41.9,-4.3
1109,13.02.2023,02:24:18,7.7,42.3,-4.2
1110,13.02.2023,04:24:18,7.6,43.0,-4.1
1111,13.02.2023,06:24:18,7.8,44.4,-3.5
1112,13.02.2023,08:24:18,8.0,46.2,-2.8
1113,13.02.2023,10:24:18,8.2,47.7,-2.2
1114,13.02.2023,12:24:18,9.2,57.8,1.3
1115,13.02.2023,14:24:18,9.9,52.3,0.5
1116,13.02.2023,16:24:18,9.9,55.1,1.3
1117,13.02.2023,18:24:18,10.0,58.6,2.2
1118,13.02.2023,20:24:18,10.1,61.2,2.9
1119,13.02.2023,22:24:18,10.2,64.7,3.8
1120,14.02.2023,00:24:18,10.3,66.2,4.2
1121,14.02.2023,02:24:18,10.3,66.2,4.2
1122,14.02.2023,04:24:18,10.3,67.6,4.5
1123,14.02.2023,06:24:18,10.3,67.3,4.5
1124,14.02.2023,08:24:18,10.3,67.9,4.6
1125,14.02.2023,10:24:18,10.4,52.6,1.1
1126,14.02.2023,12:24:18,10.9,62.8,4.0
1127,14.02.2023,14:24:18,11.2,55.4,2.6
1128,14.02.2023,16:24:18,11.0,54.7,2.2
1129,14.02.2023,18:24:18,10.9,55.2,2.2
1130,14.02.2023,20:24:18,11.1,84.1,8.5
1131,14.02.2023,22:24:18,10.4,82.7,7.5
1132,15.02.2023,00:24:18,10.2,81.0,7.0
1133,15.02.2023,02:24:18,10.1,78.5,6.5
1134,15.02.2023,04:24:18,10.0,74.9,5.7
1135,15.02.2023,06:24:18,9.6,60.2,2.2
1136,15.02.2023,08:24:18,9.3,50.9,-0.3
1137,15.02.2023,10:24:18,9.2,43.7,-2.4
1138,15.02.2023,12:24:18,8.4,89.8,6.8
1139,15.02.2023,14:24:18,8.1,82.9,5.3
1140,15.02.2023,16:24:18,9.2,66.4,3.2
1141,15.02.2023,18:24:18,9.3,53.7,0.4
1142,15.02.2023,20:24:18,9.1,49.5,-0.8
1143,15.02.2023,22:24:18,8.9,49.0,-1.2
1144,16.02.2023,00:24:18,8.8,49.8,-1.0
1145,16.02.2023,02:24:18,8.8,47.5,-1.7
1146,16.02.2023,04:24:18,8.6,48.0,-1.7
1147,16.02.2023,06:24:18,8.5,46.3,-2.3
1148,16.02.2023,08:24:18,8.4,46.2,-2.4
1149,16.02.2023,10:24:18,8.5,44.3,-2.9
1150,16.02.2023,12:24:18,7.8,73.6,3.3
1151,16.02.2023,14:24:18,9.0,49.2,-1.0
1152,16.02.2023,16:24:18,9.0,44.7,-2.3
1153,16.02.2023,18:24:18,8.8,43.0,-3.0
1154,16.02.2023,20:24:18,8.3,42.0,-3.8
1155,16.02.2023,22:24:18,8.0,40.2,-4.6
1156,17.02.2023,00:24:18,7.8,40.1,-4.9
1157,17.02.2023,02:24:18,7.7,40.2,-4.9
1158,17.02.2023,04:24:18,7.6,40.3,-5.0
1159,17.02.2023,06:24:18,7.5,41.6,-4.6
1160,17.02.2023,08:24:18,7.5,41.5,-4.7
1161,17.02.2023,10:24:18,7.7,40.1,-4.9
1162,17.02.2023,12:24:18,8.4,53.4,-0.5
1163,17.02.2023,14:24:18,8.7,50.4,-1.0
1164,17.02.2023,16:24:18,8.5,43.0,-3.3
1165,17.02.2023,18:24:18,8.2,41.1,-4.2
1166,17.02.2023,20:24:18,8.0,41.0,-4.4
1167,17.02.2023,22:24:18,7.7,39.9,-5.0
1168,18.02.2023,00:24:18,7.5,39.8,-5.2
1169,18.02.2023,02:24:18,7.5,38.7,-5.6
1170,18.02.2023,04:24:18,7.4,38.7,-5.7
1171,18.02.2023,06:24:18,7.4,39.6,-5.4
1172,18.02.2023,08:24:18,7.4,38.3,-5.8
1173,18.02.2023,10:24:18,7.4,37.5,-6.1
1174,18.02.2023,12:24:18,8.3,51.3,-1.1
1175,18.02.2023,14:24:18,8.6,47.1,-2.0
1176,18.02.2023,16:24:18,8.2,41.3,-4.1
1177,18.02.2023,18:24:18,7.9,40.8,-4.5
1178,18.02.2023,20:24:18,7.8,39.9,-4.9
1179,18.02.2023,22:24:18,7.6,40.7,-4.8
1180,19.02.2023,00:24:18,7.4,39.3,-5.5
1181,19.02.2023,02:24:18,7.4,39.2,-5.5
1182,19.02.2023,04:24:18,7.4,38.8,-5.6
1183,19.02.2023,06:24:18,7.5,39.6,-5.3
1184,19.02.2023,08:24:18,7.5,39.5,-5.3
1185,19.02.2023,10:24:18,7.5,37.7,-5.9
1186,19.02.2023,12:24:18,8.1,50.5,-1.5
1187,19.02.2023,14:24:18,8.4,47.3,-2.1
1188,19.02.2023,16:24:18,8.0,42.7,-3.8
1189,19.02.2023,18:24:18,7.7,42.1,-4.3
1190,19.02.2023,20:24:18,7.6,41.6,-4.5
1191,19.02.2023,22:24:18,7.5,41.8,-4.6
1192,20.02.2023,00:24:18,7.4,41.9,-4.6
1193,20.02.2023,02:24:18,7.4,41.1,-4.9
1194,20.02.2023,04:24:18,7.4,40.9,-5.0
1195,20.02.2023,06:24:18,7.4,40.3,-5.1
1196,20.02.2023,08:24:18,7.4,39.9,-5.3
1197,20.02.2023,10:24:18,7.4,38.6,-5.7
1198,20.02.2023,12:24:18,8.1,46.8,-2.5
1199,20.02.2023,14:24:18,8.4,57.2,0.4
1200,20.02.2023,16:24:18,8.0,55.8,-0.2
1201,20.02.2023,18:24:18,7.6,50.2,-2.0
1202,20.02.2023,20:24:18,7.5,44.3,-3.8
1203,20.02.2023,22:24:18,7.4,43.2,-4.2
1204,21.02.2023,00:24:18,7.4,39.7,-5.3
1205,21.02.2023,02:24:18,7.5,39.0,-5.5
1206,21.02.2023,04:24:18,7.4,39.7,-5.3
1207,21.02.2023,06:24:18,7.4,38.2,-5.8
1208,21.02.2023,08:24:18,7.4,36.9,-6.3
1209,21.02.2023,10:24:18,7.8,42.9,-4.0
1210,21.02.2023,12:24:18,8.0,46.6,-2.7
1211,21.02.2023,14:24:18,8.0,44.5,-3.3
1212,21.02.2023,16:24:18,7.8,39.5,-5.0
1213,21.02.2023,18:24:18,7.7,39.4,-5.2
1214,21.02.2023,20:24:18,7.6,37.3,-6.0
1215,21.02.2023,22:24:18,7.6,37.0,-6.1
1216,22.02.2023,00:24:18,7.5,35.7,-6.6
1217,22.02.2023,02:24:18,7.5,35.2,-6.8
1218,22.02.2023,04:24:18,7.5,33.7,-7.4
1219,22.02.2023,06:24:18,7.5,33.2,-7.6
1220,22.02.2023,08:24:18,7.6,31.8,-8.0
1221,22.02.2023,10:24:18,8.8,48.3,-1.5
1222,22.02.2023,12:24:18,10.2,48.8,0.0
1223,22.02.2023,14:24:18,11.3,48.1,0.7
1224,22.02.2023,16:24:18,11.6,74.0,7.1
1225,22.02.2023,18:24:18,11.6,74.6,7.2
1226,22.02.2023,20:24:18,11.8,74.7,7.4
1227,22.02.2023,22:24:18,11.8,71.8,6.8
1228,23.02.2023,00:24:18,11.9,70.5,6.7
1229,23.02.2023,02:24:18,12.0,71.8,7.0
1230,23.02.2023,04:24:18,12.0,71.7,7.0
1231,23.02.2023,06:24:18,12.0,70.7,6.8
1232,23.02.2023,08:24:18,12.1,72.9,7.3
1233,23.02.2023,10:24:18,12.9,74.0,8.3
1234,23.02.2023,12:24:18,20.9,36.4,5.4
1235,23.02.2023,14:24:18,18.7,55.0,9.4
1236,23.02.2023,16:24:18,17.3,69.7,11.7
1237,23.02.2023,18:24:18,15.5,59.4,7.6
1238,23.02.2023,20:24:18,16.6,80.9,13.3
1239,23.02.2023,22:24:18,15.2,81.0,11.9
1240,24.02.2023,00:24:18,14.6,80.8,11.3
1241,24.02.2023,02:24:18,14.3,80.0,10.8
1242,24.02.2023,04:24:18,14.1,79.8,10.6
1243,24.02.2023,06:24:18,14.0,79.9,10.5
1244,24.02.2023,08:24:18,20.7,64.1,13.6
1245,24.02.2023,10:24:18,27.6,47.3,15.3
1246,24.02.2023,12:24:18,30.0,42.5,15.8
1247,24.02.2023,14:24:18,21.4,82.0,18.1
1248,24.02.2023,16:24:18,16.2,79.4,12.6
1249,24.02.2023,18:24:18,14.8,77.4,10.8
1250,24.02.2023,20:24:18,14.2,77.6,10.3
1251,24.02.2023,22:24:18,13.9,79.1,10.3
1252,25.02.2023,00:24:18,13.8,79.2,10.2
1253,25.02.2023,02:24:18,13.7,79.4,10.2
1254,25.02.2023,04:24:18,13.6,79.1,10.0
1255,25.02.2023,06:24:18,13.7,79.4,10.2
1256,25.02.2023,08:24:18,20.4,61.3,12.7
1257,25.02.2023,10:24:18,27.1,45.2,14.2
1258,25.02.2023,12:24:18,29.1,41.2,14.5
1259,25.02.2023,14:24:18,21.1,86.0,18.6
1260,25.02.2023,16:24:18,16.2,86.6,13.9
1261,25.02.2023,18:24:18,15.0,80.3,11.6
1262,25.02.2023,20:24:18,14.5,74.8,10.0
1263,25.02.2023,22:24:18,14.3,76.3,10.1
1264,26.02.2023,00:24:18,14.2,77.3,10.2
1265,26.02.2023,02:24:18,14.0,76.8,9.9
1266,26.02.2023,04:24:18,14.1,77.1,10.1
1267,26.02.2023,06:24:18,14.0,75.9,9.8
1268,26.02.2023,08:24:18,20.8,56.8,11.9
1269,26.02.2023,10:24:18,27.9,38.5,12.4
1270,26.02.2023,12:24:18,28.2,46.2,15.5
1271,26.02.2023,14:24:18,24.0,47.4,12.1
1272,26.02.2023,16:24:18,17.7,51.9,7.7
1273,26.02.2023,18:24:18,15.5,56.1,6.7
1274,26.02.2023,20:24:18,14.8,63.4,7.9
1275,26.02.2023,22:24:18,14.3,62.9,7.3
1276,27.02.2023,00:24:18,14.2,64.7,7.6
1277,27.02.2023,02:24:18,14.1,64.4,7.4
1278,27.02.2023,04:24:18,14.0,65.0,7.5
1279,27.02.2023,06:24:18,14.0,64.9,7.5
1280,27.02.2023,08:24:18,21.0,48.8,9.8
1281,27.02.2023,10:24:18,27.7,32.2,9.6
1282,27.02.2023,12:24:18,27.1,47.5,14.9
1283,27.02.2023,14:24:18,23.1,48.0,11.4
1284,27.02.2023,16:24:18,17.1,56.5,8.3
1285,27.02.2023,18:24:18,15.4,61.6,8.0
1286,27.02.2023,20:24:18,14.7,67.1,8.6
1287,27.02.2023,22:24:18,14.4,68.9,8.7
1288,28.02.2023,00:24:18,14.2,69.0,8.6
1289,28.02.2023,02:24:18,14.1,68.5,8.3
1290,28.02.2023,04:24:18,14.0,68.4,8.2
1291,28.02.2023,06:24:18,14.0,68.3,8.2
1292,28.02.2023,08:24:18,20.7,50.5,10.0
1293,28.02.2023,10:24:18,27.4,36.1,11.0
1294,28.02.2023,12:24:18,25.2,64.0,17.9
1295,28.02.2023,14:24:18,23.5,45.5,11.0
1296,28.02.2023,16:24:18,17.4,54.0,8.0
1297,28.02.2023,18:24:18,15.7,55.9,6.9
1298,28.02.2023,20:24:18,14.9,59.4,7.0
1299,28.02.2023,22:24:18,14.5,60.8,7.0
1300,01.03.2023,00:24:18,14.3,62.1,7.1
1301,01.03.2023,02:24:18,14.2,64.0,7.4
1302,01.03.2023,04:24:18,14.1,64.1,7.4
1303,01.03.2023,06:24:18,14.1,64.4,7.4
1304,01.03.2023,08:24:18,20.2,70.1,14.5
1305,01.03.2023,10:24:18,26.5,40.0,11.8
1306,01.03.2023,12:24:18,28.7,34.4,11.4
1307,01.03.2023,14:24:18,24.1,38.5,9.0
1308,01.03.2023,16:24:18,17.6,48.3,6.5
1309,01.03.2023,18:24:18,15.8,48.8,5.0
1310,01.03.2023,20:24:18,15.0,54.6,5.9
1311,01.03.2023,22:24:18,14.7,61.7,7.4
1312,02.03.2023,00:24:18,14.5,61.9,7.2
1313,02.03.2023,02:24:18,14.5,64.4,7.8
1314,02.03.2023,04:24:18,14.4,64.0,7.6
1315,02.03.2023,06:24:18,14.3,64.1,7.6
1316,02.03.2023,08:24:18,21.2,46.6,9.3
1317,02.03.2023,10:24:18,26.1,45.7,13.4
1318,02.03.2023,12:24:18,28.2,33.1,10.4
1319,02.03.2023,14:24:18,23.5,35.1,7.2
1320,02.03.2023,16:24:18,17.1,40.9,3.7
1321,02.03.2023,18:24:18,15.2,49.6,4.7
1322,02.03.2023,20:24:18,14.5,55.2,5.6
1323,02.03.2023,22:24:18,14.1,56.3,5.5
1324,03.03.2023,00:24:18,13.8,50.0,3.5
1325,03.03.2023,02:24:18,13.6,46.7,2.4
1326,03.03.2023,04:24:18,13.5,47.6,2.6
1327,03.03.2023,06:24:18,13.5,48.1,2.7
1328,03.03.2023,08:24:18,20.7,42.3,7.4
1329,03.03.2023,10:24:18,27.8,29.9,8.5
1330,03.03.2023,12:24:18,28.3,40.7,13.6
1331,03.03.2023,14:24:18,24.0,41.9,10.2
1332,03.03.2023,16:24:18,17.7,46.5,6.1
1333,03.03.2023,18:24:18,15.5,54.4,6.3
1334,03.03.2023,20:24:18,14.5,61.2,7.1
1335,03.03.2023,22:24:18,14.0,58.6,6.0
1336,04.03.2023,00:24:18,13.7,57.0,5.3
1337,04.03.2023,02:24:18,13.5,49.4,3.1
1338,04.03.2023,04:24:18,13.5,45.4,1.9
1339,04.03.2023,06:24:18,13.4,42.4,0.8
1340,04.03.2023,08:24:18,20.7,43.5,7.8
1341,04.03.2023,10:24:18,28.1,29.9,8.8
1342,04.03.2023,12:24:18,30.2,27.1,9.1
1343,04.03.2023,14:24:18,20.7,76.8,16.4
1344,04.03.2023,16:24:18,17.2,56.2,8.4
1345,04.03.2023,18:24:18,15.3,57.3,6.9
1346,04.03.2023,20:24:18,14.5,62.8,7.5
1347,04.03.2023,22:24:18,14.0,59.9,6.3
1348,05.03.2023,00:24:18,13.7,50.2,3.5
1349,05.03.2023,02:24:18,13.5,43.3,1.2
1350,05.03.2023,04:24:18,13.5,42.0,0.8
1351,05.03.2023,06:24:18,13.5,47.4,2.5
1352,05.03.2023,08:24:18,20.7,42.6,7.5
1353,05.03.2023,10:24:18,27.9,28.9,8.1
1354,05.03.2023,12:24:18,29.9,26.1,8.3
1355,05.03.2023,14:24:18,22.8,51.8,12.3
1356,05.03.2023,16:24:18,17.2,46.9,5.7
1357,05.03.2023,18:24:18,15.1,56.8,6.6
1358,05.03.2023,20:24:18,14.4,59.2,6.5
1359,05.03.2023,22:24:18,14.0,55.4,5.2
1360,06.03.2023,00:24:18,13.7,48.9,3.1
1361,06.03.2023,02:24:18,13.5,46.5,2.2
1362,06.03.2023,04:24:18,13.4,45.4,1.8
1363,06.03.2023,06:24:18,13.4,48.3,2.7
1364,06.03.2023,08:24:18,20.7,43.0,7.6
1365,06.03.2023,10:24:18,25.5,49.9,14.2
1366,06.03.2023,12:24:18,28.3,36.2,11.8
1367,06.03.2023,14:24:18,23.7,39.1,8.9
1368,06.03.2023,16:24:18,17.4,42.5,4.5
1369,06.03.2023,18:24:18,15.3,54.4,6.1
1370,06.03.2023,20:24:18,14.6,57.5,6.3
1371,06.03.2023,22:24:18,14.1,56.9,5.6
1372,07.03.2023,00:24:18,13.7,55.1,4.8
1373,07.03.2023,02:24:18,13.5,46.5,2.2
1374,07.03.2023,04:24:18,13.4,42.6,0.9
1375,07.03.2023,06:24:18,13.3,43.1,1.0
1376,07.03.2023,08:24:18,20.5,41.9,7.1
1377,07.03.2023,10:24:18,27.7,29.1,8.1
1378,07.03.2023,12:24:18,27.6,39.8,12.7
1379,07.03.2023,14:24:18,29.5,29.9,10.0
1380,07.03.2023,16:24:18,23.1,33.3,6.0
1381,07.03.2023,18:24:18,16.9,40.6,3.4
1382,07.03.2023,20:24:18,15.3,48.1,4.3
1383,07.03.2023,22:24:18,14.5,52.9,5.0
1384,08.03.2023,00:24:18,14.1,51.5,4.2
1385,08.03.2023,02:24:18,13.8,47.4,2.8
1386,08.03.2023,04:24:18,13.6,42.2,1.0
1387,08.03.2023,06:24:18,13.5,47.3,2.5
1388,08.03.2023,08:24:18,21.2,38.3,6.4
1389,08.03.2023,10:24:18,25.2,71.4,19.6
1390,08.03.2023,12:24:18,26.8,45.8,14.1
1391,08.03.2023,14:24:18,28.1,38.9,12.8
1392,08.03.2023,16:24:18,22.3,40.4,8.2
1393,08.03.2023,18:24:18,16.5,49.9,6.0
1394,08.03.2023,20:24:18,15.0,61.0,7.5
1395,08.03.2023,22:24:18,14.3,63.0,7.3
1396,09.03.2023,00:24:18,13.9,62.0,6.7
1397,09.03.2023,02:24:18,13.7,60.9,6.3
1398,09.03.2023,04:24:18,13.4,52.6,3.9
1399,09.03.2023,06:24:18,13.3,45.6,1.8
1400,09.03.2023,08:24:18,20.7,42.6,7.5
1401,09.03.2023,10:24:18,27.5,29.7,8.2
1402,09.03.2023,12:24:18,29.2,28.1,8.8
1403,09.03.2023,14:24:18,27.6,44.0,14.2
1404,09.03.2023,16:24:18,21.8,44.0,9.0
1405,09.03.2023,18:24:18,16.2,55.2,7.2
1406,09.03.2023,20:24:18,14.7,64.9,8.1
1407,09.03.2023,22:24:18,14.1,67.5,8.1
1408,10.03.2023,00:24:18,13.8,65.1,7.3
1409,10.03.2023,02:24:18,13.5,63.0,6.6
1410,10.03.2023,04:24:18,13.3,53.5,4.0
1411,10.03.2023,06:24:18,13.2,48.4,2.5
1412,10.03.2023,08:24:18,20.5,47.3,8.9
1413,10.03.2023,10:24:18,25.0,44.6,12.1
1414,10.03.2023,12:24:18,27.6,35.2,10.8
1415,10.03.2023,14:24:18,28.4,31.9,10.0
1416,10.03.2023,16:24:18,22.1,34.2,5.6
1417,10.03.2023,18:24:18,16.4,44.2,4.1
1418,10.03.2023,20:24:18,14.9,52.9,5.3
1419,10.03.2023,22:24:18,14.3,56.4,5.7
1420,11.03.2023,00:24:18,13.9,55.6,5.1
1421,11.03.2023,02:24:18,13.6,56.1,5.0
1422,11.03.2023,04:24:18,13.5,47.2,2.4
1423,11.03.2023,06:24:18,13.4,45.0,1.7
1424,11.03.2023,08:24:18,20.9,41.5,7.3
1425,11.03.2023,10:24:18,27.3,29.0,7.7
1426,11.03.2023,12:24:18,28.9,25.8,7.3
1427,11.03.2023,14:24:18,25.9,47.2,13.7
1428,11.03.2023,16:24:18,21.8,36.8,6.3
1429,11.03.2023,18:24:18,16.4,46.6,4.9
1430,11.03.2023,20:24:18,15.0,54.8,5.9
1431,11.03.2023,22:24:18,14.4,61.1,7.0
1432,12.03.2023,00:24:18,14.0,61.8,6.7
1433,12.03.2023,02:24:18,13.9,56.6,5.4
1434,12.03.2023,04:24:18,13.7,54.7,4.7
1435,12.03.2023,06:24:18,13.7,55.0,4.8
1436,12.03.2023,08:24:18,21.4,49.4,10.3
1437,12.03.2023,10:24:18,28.7,35.7,12.0
1438,12.03.2023,12:24:18,30.8,33.6,12.9
1439,12.03.2023,14:24:18,31.4,28.3,10.8
1440,12.03.2023,16:24:18,24.5,30.2,5.8
1441,12.03.2023,18:24:18,17.7,36.3,2.5
1442,12.03.2023,20:24:18,15.7,41.9,2.8
1443,12.03.2023,22:24:18,14.9,46.5,3.5
1444,13.03.2023,00:24:18,14.4,47.7,3.4
1445,13.03.2023,02:24:18,14.0,42.8,1.5
1446,13.03.2023,04:24:18,13.8,39.0,0.1
1447,13.03.2023,06:24:18,13.7,36.6,-0.8
1448,13.03.2023,08:24:18,21.2,34.7,5.0
1449,13.03.2023,10:24:18,23.1,63.6,15.8
1450,13.03.2023,12:24:18,28.5,33.9,11.0
1451,13.03.2023,14:24:18,29.4,29.5,9.7
1452,13.03.2023,16:24:18,23.0,30.9,4.9
1453,13.03.2023,18:24:18,16.9,37.7,2.3
1454,13.03.2023,20:24:18,15.3,44.6,3.3
1455,13.03.2023,22:24:18,14.6,49.9,4.2
1456,14.03.2023,00:24:18,14.2,48.6,3.5
1457,14.03.2023,02:24:18,13.8,41.8,1.0
1458,14.03.2023,04:24:18,13.7,41.2,0.7
1459,14.03.2023,06:24:18,13.7,42.3,1.1
1460,14.03.2023,08:24:18,21.3,39.1,6.8
1461,14.03.2023,10:24:18,28.5,28.0,8.2
1462,14.03.2023,12:24:18,30.8,25.5,8.7
1463,14.03.2023,14:24:18,28.1,58.0,19.0
1464,14.03.2023,16:24:18,24.0,37.2,8.5
1465,14.03.2023,18:24:18,18.4,42.3,5.3
1466,14.03.2023,20:24:18,16.6,49.8,6.0
1467,14.03.2023,22:24:18,15.7,54.8,6.6
1468,15.03.2023,00:24:18,15.2,57.1,6.7
1469,15.03.2023,02:24:18,14.8,59.6,7.0
1470,15.03.2023,04:24:18,14.6,60.0,6.9
1471,15.03.2023,06:24:18,14.4,60.1,6.7
1472,15.03.2023,08:24:18,21.9,41.9,8.3
1473,15.03.2023,10:24:18,29.2,29.2,9.4
1474,15.03.2023,12:24:18,31.7,26.5,10.1
1475,15.03.2023,14:24:18,32.8,25.3,10.3
1476,15.03.2023,16:24:18,26.4,29.4,7.1
1477,15.03.2023,18:24:18,19.8,35.1,3.9
1478,15.03.2023,20:24:18,17.7,38.5,3.4
1479,15.03.2023,22:24:18,16.6,44.7,4.5
1480,16.03.2023,00:24:18,15.8,50.0,5.4
1481,16.03.2023,02:24:18,15.4,53.3,5.9
1482,16.03.2023,04:24:18,15.0,54.1,5.8
1483,16.03.2023,06:24:18,14.7,50.1,4.4
1484,16.03.2023,08:24:18,22.1,39.7,7.7
1485,16.03.2023,10:24:18,29.3,28.5,9.1
1486,16.03.2023,12:24:18,31.3,26.3,9.6
1487,16.03.2023,14:24:18,32.2,24.8,9.5
1488,16.03.2023,16:24:18,25.8,29.5,6.6
1489,16.03.2023,18:24:18,18.4,86.4,16.0
1490,16.03.2023,20:24:18,15.5,90.5,13.9
1491,16.03.2023,22:24:18,14.8,91.3,13.3
1492,17.03.2023,00:24:18,14.2,91.9,12.9
1493,17.03.2023,02:24:18,13.8,92.0,12.5
1494,17.03.2023,04:24:18,13.5,91.8,12.1
1495,17.03.2023,06:24:18,12.6,85.2,10.1
1496,17.03.2023,08:24:18,20.0,69.5,14.2
1497,17.03.2023,10:24:18,27.4,34.6,10.4
1498,17.03.2023,12:24:18,25.2,64.1,17.9
1499,17.03.2023,14:24:18,29.4,34.2,11.9
1500,17.03.2023,16:24:18,23.6,32.4,6.1
1501,17.03.2023,18:24:18,17.9,37.0,3.0
1502,17.03.2023,20:24:18,15.9,44.2,3.7
1503,17.03.2023,22:24:18,14.9,51.2,4.9
1504,18.03.2023,00:24:18,14.2,45.6,2.6
1505,18.03.2023,02:24:18,13.8,36.7,-0.7
1506,18.03.2023,04:24:18,13.7,33.8,-1.9
1507,18.03.2023,06:24:18,13.6,33.3,-2.2
1508,18.03.2023,08:24:18,21.3,33.5,4.6
1509,18.03.2023,10:24:18,28.3,23.8,5.6
1510,18.03.2023,12:24:18,30.7,21.0,5.8
1511,18.03.2023,14:24:18,31.8,19.3,5.5
1512,18.03.2023,16:24:18,25.1,21.0,1.2
1513,18.03.2023,18:24:18,18.8,25.1,-1.5
1514,18.03.2023,20:24:18,16.7,31.0,-0.4
1515,18.03.2023,22:24:18,15.4,36.5,0.6
1516,19.03.2023,00:24:18,14.7,38.3,0.6
1517,19.03.2023,02:24:18,14.3,33.2,-1.6
1518,19.03.2023,04:24:18,13.9,30.0,-3.3
1519,19.03.2023,06:24:18,13.9,29.1,-3.7
1520,19.03.2023,08:24:18,21.7,29.6,3.1
1521,19.03.2023,10:24:18,24.2,70.5,18.4
1522,19.03.2023,12:24:18,28.0,40.4,13.2
1523,19.03.2023,14:24:18,29.9,34.0,12.3
1524,19.03.2023,16:24:18,24.5,35.4,8.2
1525,19.03.2023,18:24:18,18.4,41.5,5.0
1526,19.03.2023,20:24:18,16.4,49.8,5.9
1527,19.03.2023,22:24:18,15.2,55.3,6.3
1528,20.03.2023,00:24:18,14.5,56.5,5.9
1529,20.03.2023,02:24:18,14.0,43.6,1.8
1530,20.03.2023,04:24:18,13.8,40.1,0.4
1531,20.03.2023,06:24:18,13.6,37.2,-0.7
1532,20.03.2023,08:24:18,21.4,36.2,5.8
1533,20.03.2023,10:24:18,28.8,25.6,7.1
1534,20.03.2023,12:24:18,31.4,23.5,8.0
1535,20.03.2023,14:24:18,29.4,56.1,19.7
1536,20.03.2023,16:24:18,24.7,34.4,7.9
1537,20.03.2023,18:24:18,19.0,39.3,4.8
1538,20.03.2023,20:24:18,17.2,44.4,4.9
1539,20.03.2023,22:24:18,16.2,51.3,6.1
1540,21.03.2023,00:24:18,15.6,55.3,6.6
1541,21.03.2023,02:24:18,15.2,56.7,6.6
1542,21.03.2023,04:24:18,14.9,55.7,6.1
1543,21.03.2023,06:24:18,14.7,49.0,4.1
1544,21.03.2023,08:24:18,22.0,40.2,7.8
1545,21.03.2023,10:24:18,29.4,29.0,9.5
1546,21.03.2023,12:24:18,31.7,26.2,9.9
1547,21.03.2023,14:24:18,33.0,23.3,9.3
1548,21.03.2023,16:24:18,24.5,39.2,9.7
1549,21.03.2023,18:24:18,19.3,42.4,6.2
1550,21.03.2023,20:24:18,17.9,51.1,7.6
1551,21.03.2023,22:24:18,17.0,55.7,8.0
1552,22.03.2023,00:24:18,16.5,59.8,8.6
1553,22.03.2023,02:24:18,16.1,62.4,8.9
1554,22.03.2023,04:24:18,15.8,63.2,8.8
1555,22.03.2023,06:24:18,15.5,62.8,8.4
1556,22.03.2023,08:24:18,20.7,89.0,18.8
1557,22.03.2023,10:24:18,25.7,70.5,19.9
1558,22.03.2023,12:24:18,29.4,43.7,15.7
1559,22.03.2023,14:24:18,31.0,37.0,14.6
1560,22.03.2023,16:24:18,25.3,38.8,10.2
1561,22.03.2023,18:24:18,19.5,46.1,7.6
1562,22.03.2023,20:24:18,17.7,50.7,7.3
1563,22.03.2023,22:24:18,16.8,57.9,8.4
1564,23.03.2023,00:24:18,16.3,61.4,8.8
1565,23.03.2023,02:24:18,16.0,64.8,9.3
1566,23.03.2023,04:24:18,15.8,66.3,9.5
1567,23.03.2023,06:24:18,15.6,68.0,9.7
1568,23.03.2023,08:24:18,23.1,44.9,10.4
1569,23.03.2023,10:24:18,29.9,31.3,11.0
1570,23.03.2023,12:24:18,32.2,28.3,11.5
1571,23.03.2023,14:24:18,33.4,26.8,11.7
1572,23.03.2023,16:24:18,27.3,32.6,9.4
1573,23.03.2023,18:24:18,21.4,39.1,6.9
1574,23.03.2023,20:24:18,19.6,43.5,6.8
1575,23.03.2023,22:24:18,18.6,47.9,7.3
1576,24.03.2023,00:24:18,18.1,51.5,7.9
1577,24.03.2023,02:24:18,17.8,55.1,8.6
1578,24.03.2023,04:24:18,17.5,57.2,8.9
1579,24.03.2023,06:24:18,17.4,60.8,9.7
1580,24.03.2023,08:24:18,24.7,43.6,11.4
1581,24.03.2023,10:24:18,31.4,31.8,12.6
1582,24.03.2023,12:24:18,33.4,29.0,12.9
1583,24.03.2023,14:24:18,34.5,27.3,12.9
1584,24.03.2023,16:24:18,28.1,32.2,9.9
1585,24.03.2023,18:24:18,19.7,84.7,17.0
1586,24.03.2023,20:24:18,17.8,87.3,15.6
1587,24.03.2023,22:24:18,17.3,85.8,14.9
1588,25.03.2023,00:24:18,16.9,80.3,13.4
1589,25.03.2023,02:24:18,17.0,73.8,12.2
1590,25.03.2023,04:24:18,16.9,71.2,11.6
1591,25.03.2023,06:24:18,16.9,69.0,11.1
1592,25.03.2023,08:24:18,24.3,49.4,13.0
1593,25.03.2023,10:24:18,31.1,35.1,13.8
1594,25.03.2023,12:24:18,29.2,65.8,22.1
1595,25.03.2023,14:24:18,33.8,35.3,16.3
1596,25.03.2023,16:24:18,28.1,39.0,12.8
1597,25.03.2023,18:24:18,22.2,47.6,10.5
1598,25.03.2023,20:24:18,20.5,52.3,10.3
1599,25.03.2023,22:24:18,19.4,54.6,10.0
1600,26.03.2023,00:24:18,18.7,58.2,10.3
1601,26.03.2023,02:24:18,18.1,59.8,10.1
1602,26.03.2023,04:24:18,17.8,62.4,10.5
1603,26.03.2023,06:24:18,17.6,64.7,10.8
1604,26.03.2023,08:24:18,25.0,46.1,12.6
1605,26.03.2023,10:24:18,32.2,31.7,13.2
1606,26.03.2023,12:24:18,34.5,28.6,13.6
1607,26.03.2023,14:24:18,35.7,26.9,13.7
1608,26.03.2023,16:24:18,29.1,32.6,11.0
1609,26.03.2023,18:24:18,22.6,40.7,8.5
1610,26.03.2023,20:24:18,20.6,45.3,8.3
1611,26.03.2023,22:24:18,19.4,46.9,7.7
1612,27.03.2023,00:24:18,18.5,49.7,7.8
1613,27.03.2023,02:24:18,17.9,52.0,7.9
1614,27.03.2023,04:24:18,17.4,54.0,8.0
1615,27.03.2023,06:24:18,17.0,54.5,7.7
1616,27.03.2023,08:24:18,24.4,39.8,9.8
1617,27.03.2023,10:24:18,31.8,27.6,10.8
1618,27.03.2023,12:24:18,31.9,41.9,17.3
1619,27.03.2023,14:24:18,33.9,30.1,13.9
1620,27.03.2023,16:24:18,27.7,33.0,9.9
1621,27.03.2023,18:24:18,21.7,40.2,7.5
1622,27.03.2023,20:24:18,19.8,44.0,7.2
1623,27.03.2023,22:24:18,18.8,48.3,7.6
1624,28.03.2023,00:24:18,18.1,50.6,7.6
1625,28.03.2023,02:24:18,17.4,52.4,7.5
1626,28.03.2023,04:24:18,16.8,53.8,7.3
1627,28.03.2023,06:24:18,16.4,54.5,7.2
1628,28.03.2023,08:24:18,24.0,38.7,9.0
1629,28.03.2023,10:24:18,31.3,26.3,9.6
1630,28.03.2023,12:24:18,33.7,23.1,9.7
1631,28.03.2023,14:24:18,34.9,23.2,10.8
1632,28.03.2023,16:24:18,28.4,26.7,7.4
1633,28.03.2023,18:24:18,22.1,32.3,4.7
1634,28.03.2023,20:24:18,20.1,37.4,5.1
1635,28.03.2023,22:24:18,19.0,40.7,5.3
1636,29.03.2023,00:24:18,18.3,44.8,6.1
1637,29.03.2023,02:24:18,17.9,46.5,6.2
1638,29.03.2023,04:24:18,17.5,48.8,6.6
1639,29.03.2023,06:24:18,17.3,49.5,6.6
1640,29.03.2023,08:24:18,24.7,36.8,8.9
1641,29.03.2023,10:24:18,27.5,59.7,18.9
1642,29.03.2023,12:24:18,31.1,43.4,17.1
1643,29.03.2023,14:24:18,32.8,37.2,16.2
1644,29.03.2023,16:24:18,27.0,40.7,12.5
1645,29.03.2023,18:24:18,21.2,47.3,9.5
1646,29.03.2023,20:24:18,19.4,53.3,9.6
1647,29.03.2023,22:24:18,18.5,58.2,10.1
1648,30.03.2023,00:24:18,18.0,61.9,10.5
1649,30.03.2023,02:24:18,17.6,64.1,10.7
1650,30.03.2023,04:24:18,17.2,63.8,10.2
1651,30.03.2023,06:24:18,16.8,63.5,9.8
1652,30.03.2023,08:24:18,23.9,44.0,10.9
1653,30.03.2023,10:24:18,28.7,47.3,16.3
1654,30.03.2023,12:24:18,31.0,37.0,14.6
1655,30.03.2023,14:24:18,32.3,31.3,13.1
1656,30.03.2023,16:24:18,26.2,32.3,8.3
1657,30.03.2023,18:24:18,20.3,39.1,5.9
1658,30.03.2023,20:24:18,18.7,44.1,6.2
1659,30.03.2023,22:24:18,17.9,48.3,6.8
1660,31.03.2023,00:24:18,17.6,50.5,7.2
1661,31.03.2023,02:24:18,17.4,50.6,7.0
1662,31.03.2023,04:24:18,17.2,50.9,6.9
1663,31.03.2023,06:24:18,17.1,52.1,7.2
1664,31.03.2023,08:24:18,24.7,37.6,9.2
1665,31.03.2023,10:24:18,31.3,25.2,9.0
1666,31.03.2023,12:24:18,31.2,47.4,18.6
1667,31.03.2023,14:24:18,33.4,37.2,16.8
1668,31.03.2023,16:24:18,27.0,38.6,11.7
1669,31.03.2023,18:24:18,21.6,52.6,11.5
1670,31.03.2023,20:24:18,20.0,54.5,10.5
1671,31.03.2023,22:24:18,19.3,57.6,10.7
1672,01.04.2023,00:24:18,19.0,58.0,10.5
1673,01.04.2023,02:24:18,18.9,58.5,10.5
1674,01.04.2023,04:24:18,18.8,58.7,10.5
1675,01.04.2023,06:24:18,18.7,55.8,9.6
1676,01.04.2023,08:24:18,26.0,45.4,13.2
1677,01.04.2023,10:24:18,33.4,32.2,14.5
1678,01.04.2023,12:24:18,33.0,44.1,19.1
1679,01.04.2023,14:24:18,34.3,35.7,16.9
1680,01.04.2023,16:24:18,28.7,43.1,14.9
1681,01.04.2023,18:24:18,23.9,54.3,14.1
1682,01.04.2023,20:24:18,22.5,57.0,13.5
1683,01.04.2023,22:24:18,21.8,58.3,13.2
1684,02.04.2023,00:24:18,21.6,58.5,13.1
1685,02.04.2023,02:24:18,21.5,58.3,12.9
1686,02.04.2023,04:24:18,21.5,57.1,12.6
1687,02.04.2023,06:24:18,21.4,56.5,12.4
1688,02.04.2023,08:24:18,28.7,43.4,15.0
1689,02.04.2023,10:24:18,36.5,34.0,18.0
1690,02.04.2023,12:24:18,39.5,29.5,18.4
1691,02.04.2023,14:24:18,33.1,45.2,19.6
1692,02.04.2023,16:24:18,27.5,45.3,14.6
1693,02.04.2023,18:24:18,21.5,60.9,13.6
1694,02.04.2023,20:24:18,19.9,65.0,13.1
1695,02.04.2023,22:24:18,19.1,67.9,13.0
1696,03.04.2023,00:24:18,18.7,68.1,12.6
1697,03.04.2023,02:24:18,18.5,68.8,12.6
1698,03.04.2023,04:24:18,18.4,68.4,12.4
1699,03.04.2023,06:24:18,18.4,67.3,12.2
1700,03.04.2023,08:24:18,23.9,84.9,21.2
1701,03.04.2023,10:24:18,28.7,55.0,18.7
1702,03.04.2023,12:24:18,31.0,43.7,17.2
1703,03.04.2023,14:24:18,31.8,41.0,16.9
1704,03.04.2023,16:24:18,25.9,43.8,12.6
1705,03.04.2023,18:24:18,20.9,60.5,12.9
1706,03.04.2023,20:24:18,19.4,65.6,12.7
1707,03.04.2023,22:24:18,18.7,70.0,13.1
1708,04.04.2023,00:24:18,18.5,74.3,13.8
1709,04.04.2023,02:24:18,18.2,73.2,13.3
1710,04.04.2023,04:24:18,18.1,74.0,13.3
1711,04.04.2023,06:24:18,18.0,72.8,13.0
1712,04.04.2023,08:24:18,25.3,56.2,15.9
1713,04.04.2023,10:24:18,28.7,54.6,18.6
1714,04.04.2023,12:24:18,31.0,44.1,17.3
1715,04.04.2023,14:24:18,32.0,41.2,17.1
1716,04.04.2023,16:24:18,27.9,53.5,17.5
1717,04.04.2023,18:24:18,23.0,64.8,16.0
1718,04.04.2023,20:24:18,21.5,68.2,15.3
1719,04.04.2023,22:24:18,20.9,71.0,15.4
1720,05.04.2023,00:24:18,20.4,72.2,15.2
1721,05.04.2023,02:24:18,20.2,73.7,15.3
1722,05.04.2023,04:24:18,20.1,75.3,15.5
1723,05.04.2023,06:24:18,20.0,75.5,15.5
1724,05.04.2023,08:24:18,27.2,54.7,17.2
1725,05.04.2023,10:24:18,31.2,56.9,21.6
1726,05.04.2023,12:24:18,32.6,49.2,20.5
1727,05.04.2023,14:24:18,33.1,46.2,19.9
1728,05.04.2023,16:24:18,27.5,55.6,17.8
1729,05.04.2023,18:24:18,23.0,68.8,16.9
1730,05.04.2023,20:24:18,21.6,72.7,16.4
1731,05.04.2023,22:24:18,21.0,73.8,16.1
1732,06.04.2023,00:24:18,20.6,74.6,15.9
1733,06.04.2023,02:24:18,20.4,76.4,16.1
1734,06.04.2023,04:24:18,20.2,78.0,16.2
1735,06.04.2023,06:24:18,20.0,78.6,16.1
1736,06.04.2023,08:24:18,27.1,58.7,18.3
1737,06.04.2023,10:24:18,31.5,55.9,21.6
1738,06.04.2023,12:24:18,32.5,51.6,21.2
1739,06.04.2023,14:24:18,33.1,44.1,19.2
1740,06.04.2023,16:24:18,27.6,55.5,17.8
1741,06.04.2023,18:24:18,23.0,67.3,16.6
1742,06.04.2023,20:24:18,21.7,69.0,15.7
1743,06.04.2023,22:24:18,21.0,72.1,15.7
1744,07.04.2023,00:24:18,20.6,73.4,15.6
1745,07.04.2023,02:24:18,20.4,74.6,15.7
1746,07.04.2023,04:24:18,20.1,74.9,15.5
1747,07.04.2023,06:24:18,20.0,75.2,15.4
1748,07.04.2023,08:24:18,27.0,54.5,17.0
1749,07.04.2023,10:24:18,31.3,53.9,20.8
1750,07.04.2023,12:24:18,32.6,45.0,19.1
1751,07.04.2023,14:24:18,33.5,41.4,18.5
1752,07.04.2023,16:24:18,27.8,50.8,16.6
1753,07.04.2023,18:24:18,23.4,61.4,15.5
1754,07.04.2023,20:24:18,22.1,64.1,14.9
1755,07.04.2023,22:24:18,21.7,66.3,15.1
1756,08.04.2023,00:24:18,21.2,66.2,14.6
1757,08.04.2023,02:24:18,21.2,67.1,14.8
1758,08.04.2023,04:24:18,21.1,65.6,14.4
1759,08.04.2023,06:24:18,21.0,64.7,14.1
1760,08.04.2023,08:24:18,28.2,50.3,16.8
1761,08.04.2023,10:24:18,33.4,37.5,16.9
1762,08.04.2023,12:24:18,31.7,73.0,26.2
1763,08.04.2023,14:24:18,33.0,43.6,18.9
1764,08.04.2023,16:24:18,27.9,50.8,16.7
1765,08.04.2023,18:24:18,23.4,63.4,16.0
1766,08.04.2023,20:24:18,22.2,66.1,15.5
1767,08.04.2023,22:24:18,21.6,66.0,14.9
1768,09.04.2023,00:24:18,21.3,66.9,14.9
1769,09.04.2023,02:24:18,21.2,66.4,14.6
1770,09.04.2023,04:24:18,21.3,62.1,13.7
1771,09.04.2023,06:24:18,21.1,66.1,14.5
1772,09.04.2023,08:24:18,28.3,51.4,17.3
1773,09.04.2023,10:24:18,33.5,41.5,18.6
1774,09.04.2023,12:24:18,31.8,53.8,21.2
1775,09.04.2023,14:24:18,33.4,43.5,19.2
1776,09.04.2023,16:24:18,27.9,52.2,17.1
1777,09.04.2023,18:24:18,23.4,63.6,16.1
1778,09.04.2023,20:24:18,22.1,65.8,15.4
1779,09.04.2023,22:24:18,21.7,67.0,15.3
1780,10.04.2023,00:24:18,21.3,66.2,14.7
1781,10.04.2023,02:24:18,21.1,67.3,14.8
1782,10.04.2023,04:24:18,21.1,66.6,14.6
1783,10.04.2023,06:24:18,21.2,68.0,15.0
1784,10.04.2023,08:24:18,28.0,51.7,17.1
1785,10.04.2023,10:24:18,31.5,56.6,21.8
1786,10.04.2023,12:24:18,33.4,38.9,17.5
1787,10.04.2023,14:24:18,34.3,35.3,16.7
1788,10.04.2023,16:24:18,28.4,46.0,15.6
1789,10.04.2023,18:24:18,23.7,58.4,15.0
1790,10.04.2023,20:24:18,22.5,59.3,14.1
1791,10.04.2023,22:24:18,22.2,61.3,14.3
1792,11.04.2023,00:24:18,21.8,61.6,14.0
1793,11.04.2023,02:24:18,21.8,61.7,14.1
1794,11.04.2023,04:24:18,21.7,62.8,14.3
1795,11.04.2023,06:24:18,21.7,63.3,14.4
1796,11.04.2023,08:24:18,28.5,50.8,17.3
1797,11.04.2023,10:24:18,34.0,33.7,15.7
1798,11.04.2023,12:24:18,33.2,71.8,27.4
1799,11.04.2023,14:24:18,34.0,35.2,16.4
1800,11.04.2023,16:24:18,28.8,39.8,13.7
1801,11.04.2023,18:24:18,23.8,48.8,12.3
1802,11.04.2023,20:24:18,22.6,50.8,11.8
1803,11.04.2023,22:24:18,22.2,54.0,12.4
1804,12.04.2023,00:24:18,22.1,54.1,12.3
1805,12.04.2023,02:24:18,22.1,54.2,12.4
1806,12.04.2023,04:24:18,22.0,54.6,12.4
1807,12.04.2023,06:24:18,22.0,54.3,12.3
1808,12.04.2023,08:24:18,28.7,42.4,14.6
1809,12.04.2023,10:24:18,32.2,45.5,18.9
1810,12.04.2023,12:24:18,33.7,36.6,16.8
1811,12.04.2023,14:24:18,34.3,34.0,16.1
1812,12.04.2023,16:24:18,28.5,45.4,15.5
1813,12.04.2023,18:24:18,23.8,55.8,14.4
1814,12.04.2023,20:24:18,22.5,57.5,13.6
1815,12.04.2023,22:24:18,22.1,59.1,13.7
1816,13.04.2023,00:24:18,21.9,59.2,13.5
1817,13.04.2023,02:24:18,21.8,58.8,13.3
1818,13.04.2023,04:24:18,21.8,60.3,13.7
1819,13.04.2023,06:24:18,21.7,60.1,13.6
1820,13.04.2023,08:24:18,28.5,48.1,16.4
1821,13.04.2023,10:24:18,31.9,41.9,17.3
1822,13.04.2023,12:24:18,34.2,32.5,15.3
1823,13.04.2023,14:24:18,35.4,29.8,15.0
1824,13.04.2023,16:24:18,29.5,36.7,13.1
1825,13.04.2023,18:24:18,24.3,49.8,13.1
1826,13.04.2023,20:24:18,22.9,53.3,12.9
1827,13.04.2023,22:24:18,22.2,51.0,11.5
1828,14.04.2023,00:24:18,22.0,51.5,11.5
1829,14.04.2023,02:24:18,21.9,51.5,11.4
1830,14.04.2023,04:24:18,21.9,51.2,11.3
1831,14.04.2023,06:24:18,21.8,50.0,10.9
1832,14.04.2023,08:24:18,28.9,39.7,13.8
1833,14.04.2023,10:24:18,32.3,41.9,17.7
1834,14.04.2023,12:24:18,31.0,48.3,18.7
1835,14.04.2023,14:24:18,33.9,33.7,15.6
1836,14.04.2023,16:24:18,28.4,42.6,14.4
1837,14.04.2023,18:24:18,23.9,50.7,13.0
1838,14.04.2023,20:24:18,22.5,47.2,10.6
1839,14.04.2023,22:24:18,22.1,47.5,10.4
1840,15.04.2023,00:24:18,22.0,48.8,10.7
1841,15.04.2023,02:24:18,21.9,49.1,10.7
1842,15.04.2023,04:24:18,21.7,48.9,10.4
1843,15.04.2023,06:24:18,21.7,48.2,10.2
1844,15.04.2023,08:24:18,28.9,38.1,13.1
1845,15.04.2023,10:24:18,34.4,29.9,14.2
1846,15.04.2023,12:24:18,35.4,26.3,13.1
1847,15.04.2023,14:24:18,29.7,70.8,23.8
1848,15.04.2023,16:24:18,27.5,51.5,16.6
1849,15.04.2023,18:24:18,23.5,52.5,13.2
1850,15.04.2023,20:24:18,22.5,50.6,11.7
1851,15.04.2023,22:24:18,22.0,50.9,11.3
1852,16.04.2023,00:24:18,22.0,50.3,11.1
1853,16.04.2023,02:24:18,22.0,49.4,10.9
1854,16.04.2023,04:24:18,22.0,48.5,10.6
1855,16.04.2023,06:24:18,22.0,48.7,10.7
1856,16.04.2023,08:24:18,29.2,39.1,13.8
1857,16.04.2023,10:24:18,34.6,27.0,12.8
1858,16.04.2023,12:24:18,35.6,25.0,12.5
1859,16.04.2023,14:24:18,34.0,37.1,17.2
1860,16.04.2023,16:24:18,28.6,43.8,15.0
1861,16.04.2023,18:24:18,23.9,51.5,13.3
1862,16.04.2023,20:24:18,22.8,55.0,13.2
1863,16.04.2023,22:24:18,22.3,52.1,12.0
1864,17.04.2023,00:24:18,22.0,51.1,11.4
1865,17.04.2023,02:24:18,22.0,51.0,11.4
1866,17.04.2023,04:24:18,22.0,53.9,12.2
1867,17.04.2023,06:24:18,21.8,50.9,11.1
1868,17.04.2023,08:24:18,29.6,40.0,14.5
1869,17.04.2023,10:24:18,33.6,34.6,15.8
1870,17.04.2023,12:24:18,35.8,27.0,13.8
1871,17.04.2023,14:24:18,36.6,25.6,13.7
1872,17.04.2023,16:24:18,30.1,34.6,12.7
1873,17.04.2023,18:24:18,24.6,42.8,11.1
1874,17.04.2023,20:24:18,23.1,46.7,11.0
1875,17.04.2023,22:24:18,22.6,46.5,10.5
1876,18.04.2023,00:24:18,22.4,50.1,11.5
1877,18.04.2023,02:24:18,22.2,49.4,11.1
1878,18.04.2023,04:24:18,22.1,49.1,10.9
1879,18.04.2023,06:24:18,22.1,49.8,11.1
1880,18.04.2023,08:24:18,29.6,40.3,14.6
1881,18.04.2023,10:24:18,35.1,26.1,12.7
1882,18.04.2023,12:24:18,34.3,39.7,18.6
1883,18.04.2023,14:24:18,35.6,31.7,16.2
1884,18.04.2023,16:24:18,29.4,34.7,12.2
1885,18.04.2023,18:24:18,24.3,49.4,13.0
1886,18.04.2023,20:24:18,23.0,49.9,11.9
1887,18.04.2023,22:24:18,22.5,50.4,11.6
1888,19.04.2023,00:24:18,22.2,50.6,11.4
1889,19.04.2023,02:24:18,22.2,50.6,11.4
1890,19.04.2023,04:24:18,22.1,50.8,11.4
1891,19.04.2023,06:24:18,22.1,51.1,11.5
1892,19.04.2023,08:24:18,27.6,75.8,22.9
1893,19.04.2023,10:24:18,33.7,32.4,14.9
1894,19.04.2023,12:24:18,36.1,27.2,14.2
1895,19.04.2023,14:24:18,37.4,25.5,14.3
1896,19.04.2023,16:24:18,30.7,29.4,10.8
1897,19.04.2023,18:24:18,24.9,43.5,11.6
1898,19.04.2023,20:24:18,23.3,44.7,10.6
1899,19.04.2023,22:24:18,22.7,46.1,10.5
1900,20.04.2023,00:24:18,22.5,50.3,11.6
1901,20.04.2023,02:24:18,22.3,46.1,10.1
1902,20.04.2023,04:24:18,22.2,46.2,10.1
1903,20.04.2023,06:24:18,22.1,47.0,10.2